
1,10000
2,10000
3,10000
4,10000
5,10000
6,10000
7,10000
8,10000
9,10000
10,10000
11,10000
12,10000
13,10000
14,10000
15,10000
16,10000
17,10000
18,10000
19,10000
20,10000
21,10000
22,10000
23,10000
24,10000
25,10000
26,10000
27,10000
28,10000
29,10000
30,10000
31,10000
32,10000
33,10000
34,10000
35,10000
36,10000
37,10000
38,10000
39,10000
40,10000
41,10000
42,10000
43,10000
44,10000
45,10000
46,10000
47,10000
48,10000
49,10000
50,10000
51,10000
52,10000
53,10000
54,10000
55,10000
56,10000
57,10000
58,10000
59,10000
60,10000
61,10000
62,10000
63,10000
63.7791,10000
64,9999.8
65,9998.9
65.098,9998.81
66,9998.81
66.098,9998.81
66.3602,9998.81
67,9998.81
67.098,9998.81
67.1021,9998.81
68,9998.78
68.0933,9998.77
69,9998.77
70,9998.77
71,9998.77
72,9998.77
73,9998.77
74,9998.77
75,9998.77
76,9998.77
77,9998.77
78,9998.77
79,9998.77
80,9998.77
81,9998.77
82,9998.77
83,9998.77
84,9998.77
85,9998.77
86,9998.77
87,9998.77
88,9998.77
89,9998.77
90,9998.77
91,9998.77
92,9998.77
93,9998.77
94,9998.77
95,9998.77
96,9998.77
97,9998.77
98,9998.77
99,9998.77
100,9998.77
101,9998.77
102,9998.77
103,9998.77
104,9998.77
105,9998.77
106,9998.77
107,9998.77
108,9998.77
109,9998.77
110,9998.77
111,9998.77
112,9998.77
113,9998.77
114,9998.77
115,9998.77
116,9998.77
117,9998.77
118,9998.77
119,9998.77
120,9998.77
121,9998.77
122,9998.77
123,9998.77
124,9998.77
125,9998.77
126,9998.77
127,9998.77
128,9998.77
129,9998.77
130,9998.77
131,9998.77
132,9998.77
133,9998.77
134,9998.77
135,9998.77
136,9998.77
137,9998.77
138,9998.77
139,9998.77
140,9998.77
141,9998.77
142,9998.77
143,9998.77
144,9998.77
145,9998.77
146,9998.77
147,9998.77
148,9998.77
149,9998.77
150,9998.77
151,9998.77
152,9998.77
153,9998.77
154,9998.77
155,9998.77
156,9998.77
157,9998.77
158,9998.77
159,9998.77
160,9998.77
161,9998.77
162,9998.77
163,9998.77
164,9998.77
165,9998.77
166,9998.77
167,9998.77
168,9998.77
169,9998.77
170,9998.77
171,9998.77
172,9998.77
173,9998.77
174,9998.77
175,9998.77
176,9998.77
177,9998.77
178,9998.77
179,9998.77
180,9998.77
181,9998.77
182,9998.77
183,9998.77
184,9998.77
185,9998.77
186,9998.77
187,9998.77
188,9998.77
189,9998.77
190,9998.77
191,9998.77
192,9998.77
193,9998.77
194,9998.77
195,9998.77
196,9998.77
197,9998.77
198,9998.77
199,9998.77
200,9998.77
201,9998.77
202,9998.77
203,9998.77
204,9998.77
205,9998.77
206,9998.77
207,9998.77
208,9998.77
209,9998.77
210,9998.77
211,9998.77
212,9998.77
213,9998.77
214,9998.77
215,9998.77
216,9998.77
217,9998.77
218,9998.77
219,9998.77
220,9998.77
221,9998.77
222,9998.77
223,9998.77
224,9998.77
225,9998.77
226,9998.77
227,9998.77
228,9998.77
229,9998.77
230,9998.77
231,9998.77
232,9998.77
233,9998.77
234,9998.77
235,9998.77
236,9998.77
237,9998.77
238,9998.77
239,9998.77
240,9998.77
241,9998.77
242,9998.77
243,9998.77
244,9998.77
245,9998.77
246,9998.77
247,9998.77
248,9998.77
249,9998.77
250,9998.77
251,9998.77
252,9998.77
253,9998.77
254,9998.77
255,9998.77
256,9998.77
257,9998.77
258,9998.77
259,9998.77
260,9998.77
261,9998.77
262,9998.77
263,9998.77
264,9998.77
265,9998.77
266,9998.77
267,9998.77
268,9998.77
269,9998.77
270,9998.77
271,9998.77
272,9998.77
273,9998.77
274,9998.77
275,9998.77
276,9998.77
277,9998.77
278,9998.77
279,9998.77
280,9998.77
281,9998.77
282,9998.77
283,9998.77
284,9998.77
285,9998.77
286,9998.77
287,9998.77
288,9998.77
289,9998.77
290,9998.77
291,9998.77
292,9998.77
293,9998.77
294,9998.77
295,9998.77
296,9998.77
297,9998.77
298,9998.77
299,9998.77
300,9998.77
301,9998.77
302,9998.77
303,9998.77
304,9998.77
305,9998.77
306,9998.77
307,9998.77
308,9998.77
309,9998.77
310,9998.77
311,9998.77
312,9998.77
313,9998.77
314,9998.77
315,9998.77
316,9998.77
317,9998.77
318,9998.77
319,9998.77
320,9998.77
321,9998.77
322,9998.77
323,9998.77
324,9998.77
325,9998.77
326,9998.77
327,9998.77
328,9998.77
329,9998.77
330,9998.77
331,9998.77
332,9998.77
333,9998.77
334,9998.77
335,9998.77
336,9998.77
337,9998.77
338,9998.77
339,9998.77
340,9998.77
341,9998.77
342,9998.77
343,9998.77
344,9998.77
345,9998.77
346,9998.77
347,9998.77
348,9998.77
349,9998.77
350,9998.77
351,9998.77
352,9998.77
353,9998.77
354,9998.77
355,9998.77
356,9998.77
357,9998.77
358,9998.77
359,9998.77
360,9998.77
361,9998.77
362,9998.77
363,9998.77
364,9998.77
365,9998.77
366,9998.77
367,9998.77
368,9998.77
369,9998.77
370,9998.77
371,9998.77
372,9998.77
373,9998.77
374,9998.77
375,9998.77
376,9998.77
377,9998.77
378,9998.77
379,9998.77
380,9998.77
381,9998.77
382,9998.77
383,9998.77
384,9998.77
385,9998.77
386,9998.77
387,9998.77
388,9998.77
389,9998.77
390,9998.77
391,9998.77
392,9998.77
393,9998.77
394,9998.77
395,9998.77
396,9998.77
397,9998.77
398,9998.77
399,9998.77
400,9998.77
401,9998.77
402,9998.77
403,9998.77
404,9998.77
405,9998.77
406,9998.77
407,9998.77
408,9998.77
409,9998.77
410,9998.77
411,9998.77
412,9998.77
413,9998.77
414,9998.77
415,9998.77
416,9998.77
417,9998.77
418,9998.77
419,9998.77
420,9998.77
421,9998.77
422,9998.77
423,9998.77
424,9998.77
425,9998.77
426,9998.77
427,9998.77
428,9998.77
429,9998.77
430,9998.77
431,9998.77
432,9998.77
433,9998.77
434,9998.77
435,9998.77
436,9998.77
437,9998.77
438,9998.77
439,9998.77
440,9998.77
441,9998.77
442,9998.77
443,9998.77
444,9998.77
445,9998.77
446,9998.77
447,9998.77
448,9998.77
449,9998.77
450,9998.77
451,9998.77
452,9998.77
453,9998.77
454,9998.77
455,9998.77
456,9998.77
457,9998.77
458,9998.77
459,9998.77
460,9998.77
461,9998.77
462,9998.77
463,9998.77
464,9998.77
465,9998.77
466,9998.77
467,9998.77
468,9998.77
469,9998.77
470,9998.77
471,9998.77
472,9998.77
473,9998.77
474,9998.77
475,9998.77
476,9998.77
477,9998.77
478,9998.77
479,9998.77
480,9998.77
481,9998.77
482,9998.77
483,9998.77
484,9998.77
485,9998.77
486,9998.77
487,9998.77
488,9998.77
489,9998.77
490,9998.77
491,9998.77
492,9998.77
493,9998.77
494,9998.77
495,9998.77
496,9998.77
497,9998.77
498,9998.77
499,9998.77
500,9998.77
501,9998.77
502,9998.77
503,9998.77
504,9998.77
505,9998.77
506,9998.77
507,9998.77
508,9998.77
509,9998.77
510,9998.77
511,9998.77
512,9998.77
513,9998.77
514,9998.77
515,9998.77
516,9998.77
517,9998.77
518,9998.77
519,9998.77
520,9998.77
521,9998.77
522,9998.77
523,9998.77
524,9998.77
525,9998.77
526,9998.77
527,9998.77
528,9998.77
529,9998.77
530,9998.77
531,9998.77
532,9998.77
533,9998.77
534,9998.77
535,9998.77
536,9998.77
537,9998.77
538,9998.77
539,9998.77
540,9998.77
541,9998.77
542,9998.77
543,9998.77
544,9998.77
545,9998.77
546,9998.77
547,9998.77
548,9998.77
549,9998.77
550,9998.77
551,9998.77
552,9998.77
553,9998.77
554,9998.77
555,9998.77
556,9998.77
557,9998.77
558,9998.77
559,9998.77
560,9998.77
561,9998.77
562,9998.77
563,9998.77
564,9998.77
565,9998.77
566,9998.77
567,9998.77
568,9998.77
569,9998.77
570,9998.77
571,9998.77
572,9998.77
573,9998.77
574,9998.77
575,9998.77
576,9998.77
577,9998.77
578,9998.77
579,9998.77
580,9998.77
581,9998.77
582,9998.77
583,9998.77
584,9998.77
585,9998.77
586,9998.77
587,9998.77
588,9998.77
589,9998.77
590,9998.77
591,9998.77
592,9998.77
593,9998.77
594,9998.77
595,9998.77
596,9998.77
597,9998.77
598,9998.77
599,9998.77
600,9998.77
601,9998.77
602,9998.77
603,9998.77
604,9998.77
605,9998.77
606,9998.77
607,9998.77
608,9998.77
609,9998.77
610,9998.77
611,9998.77
612,9998.77
613,9998.77
614,9998.77
615,9998.77
616,9998.77
617,9998.77
618,9998.77
619,9998.77
620,9998.77
621,9998.77
622,9998.77
623,9998.77
624,9998.77
625,9998.77
626,9998.77
627,9998.77
628,9998.77
629,9998.77
630,9998.77
631,9998.77
632,9998.77
633,9998.77
634,9998.77
635,9998.77
636,9998.77
637,9998.77
638,9998.77
639,9998.77
640,9998.77
641,9998.77
642,9998.77
643,9998.77
644,9998.77
645,9998.77
646,9998.77
647,9998.77
648,9998.77
649,9998.77
650,9998.77
651,9998.77
652,9998.77
653,9998.77
654,9998.77
655,9998.77
656,9998.77
657,9998.77
658,9998.77
659,9998.77
660,9998.77
661,9998.77
662,9998.77
663,9998.77
664,9998.77
665,9998.77
666,9998.77
667,9998.77
668,9998.77
669,9998.77
670,9998.77
671,9998.77
672,9998.77
673,9998.77
674,9998.77
675,9998.77
676,9998.77
677,9998.77
678,9998.77
679,9998.77
680,9998.77
681,9998.77
682,9998.77
683,9998.77
684,9998.77
685,9998.77
686,9998.77
687,9998.77
688,9998.77
689,9998.77
690,9998.77
691,9998.77
692,9998.77
693,9998.77
694,9998.77
695,9998.77
696,9998.77
697,9998.77
698,9998.77
699,9998.77
700,9998.77
701,9998.77
702,9998.77
703,9998.77
704,9998.77
705,9998.77
706,9998.77
707,9998.77
708,9998.77
709,9998.77
710,9998.77
711,9998.77
712,9998.77
713,9998.77
714,9998.77
715,9998.77
716,9998.77
717,9998.77
718,9998.77
719,9998.77
720,9998.77
721,9998.77
722,9998.77
723,9998.77
724,9998.77
725,9998.77
726,9998.77
727,9998.77
728,9998.77
729,9998.77
730,9998.77
731,9998.77
732,9998.77
733,9998.77
734,9998.77
735,9998.77
736,9998.77
737,9998.77
738,9998.77
739,9998.77
740,9998.77
741,9998.77
742,9998.77
743,9998.77
744,9998.77
745,9998.77
746,9998.77
747,9998.77
748,9998.77
749,9998.77
750,9998.77
751,9998.77
752,9998.77
753,9998.77
754,9998.77
755,9998.77
756,9998.77
757,9998.77
758,9998.77
759,9998.77
760,9998.77
761,9998.77
762,9998.77
763,9998.77
764,9998.77
765,9998.77
766,9998.77
767,9998.77
768,9998.77
769,9998.77
770,9998.77
771,9998.77
772,9998.77
773,9998.77
774,9998.77
775,9998.77
776,9998.77
777,9998.77
778,9998.77
779,9998.77
780,9998.77
781,9998.77
782,9998.77
783,9998.77
784,9998.77
785,9998.77
786,9998.77
787,9998.77
788,9998.77
789,9998.77
790,9998.77
791,9998.77
792,9998.77
793,9998.77
794,9998.77
795,9998.77
796,9998.77
797,9998.77
798,9998.77
799,9998.77
800,9998.77
801,9998.77
802,9998.77
803,9998.77
804,9998.77
805,9998.77
806,9998.77
807,9998.77
808,9998.77
809,9998.77
810,9998.77
811,9998.77
812,9998.77
813,9998.77
814,9998.77
815,9998.77
816,9998.77
817,9998.77
818,9998.77
819,9998.77
820,9998.77
821,9998.77
822,9998.77
823,9998.77
824,9998.77
825,9998.77
826,9998.77
827,9998.77
828,9998.77
829,9998.77
830,9998.77
831,9998.77
832,9998.77
833,9998.77
834,9998.77
835,9998.77
836,9998.77
837,9998.77
838,9998.77
839,9998.77
840,9998.77
841,9998.77
842,9998.77
843,9998.77
844,9998.77
845,9998.77
846,9998.77
847,9998.77
848,9998.77
849,9998.77
850,9998.77
851,9998.77
852,9998.77
853,9998.77
854,9998.77
855,9998.77
856,9998.77
857,9998.77
858,9998.77
859,9998.77
860,9998.77
861,9998.77
862,9998.77
863,9998.77
864,9998.77
865,9998.77
866,9998.77
867,9998.77
868,9998.77
869,9998.77
870,9998.77
871,9998.77
872,9998.77
873,9998.77
874,9998.77
875,9998.77
876,9998.77
877,9998.77
878,9998.77
879,9998.77
880,9998.77
881,9998.77
882,9998.77
883,9998.77
884,9998.77
885,9998.77
886,9998.77
887,9998.77
888,9998.77
889,9998.77
890,9998.77
891,9998.77
892,9998.77
893,9998.77
894,9998.77
895,9998.77
896,9998.77
897,9998.77
898,9998.77
899,9998.77
900,9998.77
901,9998.77
902,9998.77
903,9998.77
904,9998.77
905,9998.77
906,9998.77
907,9998.77
908,9998.77
909,9998.77
910,9998.77
911,9998.77
912,9998.77
913,9998.77
914,9998.77
915,9998.77
916,9998.77
917,9998.77
918,9998.77
919,9998.77
920,9998.77
921,9998.77
922,9998.77
923,9998.77
924,9998.77
925,9998.77
926,9998.77
927,9998.77
928,9998.77
929,9998.77
930,9998.77
931,9998.77
932,9998.77
933,9998.77
934,9998.77
935,9998.77
936,9998.77
937,9998.77
938,9998.77
939,9998.77
940,9998.77
941,9998.77
942,9998.77
943,9998.77
944,9998.77
945,9998.77
946,9998.77
947,9998.77
948,9998.77
949,9998.77
950,9998.77
951,9998.77
952,9998.77
953,9998.77
954,9998.77
955,9998.77
956,9998.77
957,9998.77
958,9998.77
959,9998.77
960,9998.77
961,9998.77
962,9998.77
963,9998.77
964,9998.77
965,9998.77
966,9998.77
967,9998.77
968,9998.77
969,9998.77
970,9998.77
971,9998.77
972,9998.77
973,9998.77
974,9998.77
975,9998.77
976,9998.77
977,9998.77
978,9998.77
979,9998.77
980,9998.77
981,9998.77
982,9998.77
983,9998.77
984,9998.77
985,9998.77
986,9998.77
987,9998.77
988,9998.77
989,9998.77
990,9998.77
991,9998.77
992,9998.77
993,9998.77
994,9998.77
995,9998.77
996,9998.77
997,9998.77
998,9998.77
999,9998.77
1000,9998.77
1001,9998.77
1002,9998.77
1003,9998.77
1004,9998.77
1005,9998.77
1006,9998.77
1007,9998.77
1008,9998.77
1009,9998.77
1010,9998.77
1011,9998.77
1012,9998.77
1013,9998.77
1014,9998.77
1015,9998.77
1016,9998.77
1017,9998.77
1018,9998.77
1019,9998.77
1020,9998.77
1021,9998.77
1022,9998.77
1023,9998.77
1024,9998.77
1025,9998.77
1026,9998.77
1027,9998.77
1028,9998.77
1029,9998.77
1030,9998.77
1031,9998.77
1032,9998.77
1033,9998.77
1034,9998.77
1035,9998.77
1036,9998.77
1037,9998.77
1038,9998.77
1039,9998.77
1040,9998.77
1041,9998.77
1042,9998.77
1043,9998.77
1044,9998.77
1045,9998.77
1046,9998.77
1047,9998.77
1048,9998.77
1049,9998.77
1050,9998.77
1051,9998.77
1052,9998.77
1053,9998.77
1054,9998.77
1055,9998.77
1056,9998.77
1057,9998.77
1058,9998.77
1059,9998.77
1060,9998.77
1061,9998.77
1062,9998.77
1063,9998.77
1064,9998.77
1065,9998.77
1066,9998.77
1067,9998.77
1068,9998.77
1069,9998.77
1070,9998.77
1071,9998.77
1072,9998.77
1073,9998.77
1074,9998.77
1075,9998.77
1076,9998.77
1077,9998.77
1078,9998.77
1079,9998.77
1080,9998.77
1081,9998.77
1082,9998.77
1083,9998.77
1084,9998.77
1085,9998.77
1086,9998.77
1087,9998.77
1088,9998.77
1089,9998.77
1090,9998.77
1091,9998.77
1092,9998.77
1093,9998.77
1094,9998.77
1095,9998.77
1096,9998.77
1097,9998.77
1098,9998.77
1099,9998.77
1100,9998.77
1101,9998.77
1102,9998.77
1103,9998.77
1104,9998.77
1105,9998.77
1106,9998.77
1107,9998.77
1108,9998.77
1109,9998.77
1110,9998.77
1111,9998.77
1112,9998.77
1113,9998.77
1114,9998.77
1115,9998.77
1116,9998.77
1117,9998.77
1118,9998.77
1119,9998.77
1120,9998.77
1121,9998.77
1122,9998.77
1123,9998.77
1124,9998.77
1125,9998.77
1126,9998.77
1127,9998.77
1128,9998.77
1129,9998.77
1130,9998.77
1131,9998.77
1132,9998.77
1133,9998.77
1134,9998.77
1135,9998.77
1136,9998.77
1137,9998.77
1138,9998.77
1139,9998.77
1140,9998.77
1141,9998.77
1142,9998.77
1143,9998.77
1144,9998.77
1145,9998.77
1146,9998.77
1147,9998.77
1148,9998.77
1149,9998.77
1150,9998.77
1151,9998.77
1152,9998.77
1153,9998.77
1154,9998.77
1155,9998.77
1156,9998.77
1157,9998.77
1158,9998.77
1159,9998.77
1160,9998.77
1161,9998.77
1162,9998.77
1163,9998.77
1164,9998.77
1165,9998.77
1166,9998.77
1167,9998.77
1168,9998.77
1169,9998.77
1170,9998.77
1171,9998.77
1172,9998.77
1173,9998.77
1174,9998.77
1175,9998.77
1176,9998.77
1177,9998.77
1178,9998.77
1179,9998.77
1180,9998.77
1181,9998.77
1182,9998.77
1183,9998.77
1184,9998.77
1185,9998.77
1186,9998.77
1187,9998.77
1188,9998.77
1189,9998.77
1190,9998.77
1191,9998.77
1192,9998.77
1193,9998.77
1194,9998.77
1195,9998.77
1196,9998.77
1197,9998.77
1198,9998.77
1199,9998.77
1200,9998.77
1201,9998.77
1202,9998.77
1203,9998.77
1204,9998.77
1205,9998.77
1206,9998.77
1207,9998.77
1208,9998.77
1209,9998.77
1210,9998.77
1211,9998.77
1212,9998.77
1213,9998.77
1214,9998.77
1215,9998.77
1216,9998.77
1217,9998.77
1218,9998.77
1219,9998.77
1220,9998.77
1221,9998.77
1222,9998.77
1223,9998.77
1224,9998.77
1225,9998.77
1226,9998.77
1227,9998.77
1228,9998.77
1229,9998.77
1230,9998.77
1231,9998.77
1232,9998.77
1233,9998.77
1234,9998.77
1235,9998.77
1236,9998.77
1237,9998.77
1238,9998.77
1239,9998.77
1240,9998.77
1241,9998.77
1242,9998.77
1243,9998.77
1244,9998.77
1245,9998.77
1246,9998.77
1247,9998.77
1248,9998.77
1249,9998.77
1250,9998.77
1251,9998.77
1252,9998.77
1253,9998.77
1254,9998.77
1255,9998.77
1256,9998.77
1257,9998.77
1258,9998.77
1259,9998.77
1260,9998.77
1261,9998.77
1262,9998.77
1263,9998.77
1263.78,9998.77
1264,9998.57
1265,9997.67
1265.1,9997.58
1266,9997.58
1266.1,9997.58
1266.36,9997.58
1267,9997.58
1267.1,9997.58
1267.36,9997.57
1268,9997.57
1269,9997.57
1270,9997.57
1271,9997.57
1272,9997.57
1273,9997.57
1274,9997.57
1275,9997.57
1276,9997.57
1277,9997.57
1278,9997.57
1279,9997.57
1280,9997.57
1281,9997.57
1282,9997.57
1283,9997.57
1284,9997.57
1285,9997.57
1286,9997.57
1287,9997.57
1288,9997.57
1289,9997.57
1290,9997.57
1291,9997.57
1292,9997.57
1293,9997.57
1294,9997.57
1295,9997.57
1296,9997.57
1297,9997.57
1298,9997.57
1299,9997.57
1300,9997.57
1301,9997.57
1302,9997.57
1303,9997.57
1304,9997.57
1305,9997.57
1306,9997.57
1307,9997.57
1308,9997.57
1309,9997.57
1310,9997.57
1311,9997.57
1312,9997.57
1313,9997.57
1314,9997.57
1315,9997.57
1316,9997.57
1317,9997.57
1318,9997.57
1319,9997.57
1320,9997.57
1321,9997.57
1322,9997.57
1323,9997.57
1324,9997.57
1325,9997.57
1326,9997.57
1327,9997.57
1328,9997.57
1329,9997.57
1330,9997.57
1331,9997.57
1332,9997.57
1333,9997.57
1334,9997.57
1335,9997.57
1336,9997.57
1337,9997.57
1338,9997.57
1339,9997.57
1340,9997.57
1341,9997.57
1342,9997.57
1343,9997.57
1344,9997.57
1345,9997.57
1346,9997.57
1347,9997.57
1348,9997.57
1349,9997.57
1350,9997.57
1351,9997.57
1352,9997.57
1353,9997.57
1354,9997.57
1355,9997.57
1356,9997.57
1357,9997.57
1358,9997.57
1359,9997.57
1360,9997.57
1361,9997.57
1362,9997.57
1363,9997.57
1364,9997.57
1365,9997.57
1366,9997.57
1367,9997.57
1368,9997.57
1369,9997.57
1370,9997.57
1371,9997.57
1372,9997.57
1373,9997.57
1374,9997.57
1375,9997.57
1376,9997.57
1377,9997.57
1378,9997.57
1379,9997.57
1380,9997.57
1381,9997.57
1382,9997.57
1383,9997.57
1384,9997.57
1385,9997.57
1386,9997.57
1387,9997.57
1388,9997.57
1389,9997.57
1390,9997.57
1391,9997.57
1392,9997.57
1393,9997.57
1394,9997.57
1394.35,9997.57
1395,9996.99
1395.67,9996.38
1396,9996.38
1396.67,9996.38
1396.93,9996.38
1397,9996.38
1397.67,9996.38
1397.93,9996.38
1398,9996.38
1399,9996.38
1400,9996.38
1401,9996.38
1402,9996.38
1403,9996.38
1404,9996.38
1405,9996.38
1406,9996.38
1407,9996.38
1408,9996.38
1409,9996.38
1410,9996.38
1411,9996.38
1412,9996.38
1413,9996.38
1414,9996.38
1415,9996.38
1416,9996.38
1417,9996.38
1418,9996.38
1419,9996.38
1420,9996.38
1421,9996.38
1422,9996.38
1423,9996.38
1424,9996.38
1425,9996.38
1426,9996.38
1427,9996.38
1428,9996.38
1429,9996.38
1430,9996.38
1431,9996.38
1432,9996.38
1433,9996.38
1434,9996.38
1435,9996.38
1436,9996.38
1437,9996.38
1438,9996.38
1439,9996.38
1440,9996.38
1441,9996.38
1442,9996.38
1443,9996.38
1444,9996.38
1445,9996.38
1446,9996.38
1447,9996.38
1448,9996.38
1449,9996.38
1450,9996.38
1451,9996.38
1452,9996.38
1453,9996.38
1454,9996.38
1455,9996.38
1456,9996.38
1457,9996.38
1458,9996.38
1459,9996.38
1460,9996.38
1461,9996.38
1462,9996.38
1463,9996.38
1464,9996.38
1465,9996.38
1466,9996.38
1467,9996.38
1468,9996.38
1469,9996.38
1470,9996.38
1471,9996.38
1472,9996.38
1473,9996.38
1474,9996.38
1475,9996.38
1476,9996.38
1477,9996.38
1478,9996.38
1479,9996.38
1480,9996.38
1481,9996.38
1482,9996.38
1483,9996.38
1484,9996.38
1485,9996.38
1486,9996.38
1487,9996.38
1488,9996.38
1489,9996.38
1490,9996.38
1491,9996.38
1492,9996.38
1493,9996.38
1494,9996.38
1495,9996.38
1496,9996.38
1497,9996.38
1498,9996.38
1499,9996.38
1500,9996.38
1501,9996.38
1502,9996.38
1503,9996.38
1504,9996.38
1505,9996.38
1506,9996.38
1507,9996.38
1508,9996.38
1509,9996.38
1510,9996.38
1511,9996.38
1512,9996.38
1513,9996.38
1514,9996.38
1515,9996.38
1516,9996.38
1517,9996.38
1518,9996.38
1519,9996.38
1520,9996.38
1521,9996.38
1522,9996.38
1523,9996.38
1524,9996.38
1524.92,9996.38
1525,9996.31
1526,9995.41
1526.24,9995.19
1527,9995.19
1527.24,9995.19
1527.5,9995.19
1528,9995.19
1528.24,9995.19
1528.5,9995.19
1529,9995.19
1530,9995.19
1531,9995.19
1532,9995.19
1533,9995.19
1534,9995.19
1535,9995.19
1536,9995.19
1537,9995.19
1538,9995.19
1539,9995.19
1540,9995.19
1541,9995.19
1542,9995.19
1543,9995.19
1544,9995.19
1545,9995.19
1546,9995.19
1547,9995.19
1548,9995.19
1549,9995.19
1550,9995.19
1551,9995.19
1552,9995.19
1553,9995.19
1554,9995.19
1555,9995.19
1556,9995.19
1557,9995.19
1558,9995.19
1559,9995.19
1560,9995.19
1561,9995.19
1562,9995.19
1563,9995.19
1564,9995.19
1565,9995.19
1566,9995.19
1567,9995.19
1568,9995.19
1569,9995.19
1570,9995.19
1571,9995.19
1572,9995.19
1573,9995.19
1574,9995.19
1575,9995.19
1576,9995.19
1577,9995.19
1578,9995.19
1579,9995.19
1580,9995.19
1581,9995.19
1582,9995.19
1583,9995.19
1584,9995.19
1585,9995.19
1586,9995.19
1587,9995.19
1588,9995.19
1589,9995.19
1590,9995.19
1591,9995.19
1592,9995.19
1593,9995.19
1594,9995.19
1595,9995.19
1596,9995.19
1597,9995.19
1598,9995.19
1599,9995.19
1600,9995.19
1601,9995.19
1602,9995.19
1603,9995.19
1604,9995.19
1605,9995.19
1606,9995.19
1607,9995.19
1608,9995.19
1609,9995.19
1610,9995.19
1611,9995.19
1612,9995.19
1613,9995.19
1614,9995.19
1615,9995.19
1616,9995.19
1617,9995.19
1618,9995.19
1619,9995.19
1620,9995.19
1621,9995.19
1622,9995.19
1623,9995.19
1624,9995.19
1625,9995.19
1626,9995.19
1627,9995.19
1628,9995.19
1629,9995.19
1630,9995.19
1631,9995.19
1632,9995.19
1633,9995.19
1634,9995.19
1635,9995.19
1636,9995.19
1637,9995.19
1638,9995.19
1639,9995.19
1640,9995.19
1641,9995.19
1642,9995.19
1643,9995.19
1644,9995.19
1645,9995.19
1646,9995.19
1647,9995.19
1648,9995.19
1649,9995.19
1650,9995.19
1651,9995.19
1652,9995.19
1653,9995.19
1654,9995.19
1655,9995.19
1655.5,9995.19
1656,9994.74
1656.81,9994
1657,9994
1657.81,9994
1658,9994
1658.08,9994
1658.81,9994
1658.82,9994
1659,9993.99
1659.81,9993.96
1660,9993.96
1661,9993.96
1662,9993.96
1663,9993.96
1664,9993.96
1665,9993.96
1666,9993.96
1667,9993.96
1668,9993.96
1669,9993.96
1670,9993.96
1671,9993.96
1672,9993.96
1673,9993.96
1674,9993.96
1675,9993.96
1676,9993.96
1677,9993.96
1678,9993.96
1679,9993.96
1680,9993.96
1681,9993.96
1682,9993.96
1683,9993.96
1684,9993.96
1685,9993.96
1686,9993.96
1687,9993.96
1688,9993.96
1689,9993.96
1690,9993.96
1691,9993.96
1692,9993.96
1693,9993.96
1694,9993.96
1695,9993.96
1696,9993.96
1697,9993.96
1698,9993.96
1699,9993.96
1700,9993.96
1701,9993.96
1702,9993.96
1703,9993.96
1704,9993.96
1705,9993.96
1706,9993.96
1707,9993.96
1708,9993.96
1709,9993.96
1710,9993.96
1711,9993.96
1712,9993.96
1713,9993.96
1714,9993.96
1715,9993.96
1716,9993.96
1717,9993.96
1718,9993.96
1719,9993.96
1720,9993.96
1721,9993.96
1722,9993.96
1723,9993.96
1724,9993.96
1725,9993.96
1726,9993.96
1727,9993.96
1728,9993.96
1729,9993.96
1730,9993.96
1731,9993.96
1732,9993.96
1733,9993.96
1734,9993.96
1735,9993.96
1736,9993.96
1737,9993.96
1738,9993.96
1739,9993.96
1740,9993.96
1741,9993.96
1742,9993.96
1743,9993.96
1744,9993.96
1745,9993.96
1746,9993.96
1747,9993.96
1748,9993.96
1749,9993.96
1750,9993.96
1751,9993.96
1752,9993.96
1753,9993.96
1754,9993.96
1755,9993.96
1756,9993.96
1757,9993.96
1758,9993.96
1759,9993.96
1760,9993.96
1761,9993.96
1762,9993.96
1763,9993.96
1764,9993.96
1765,9993.96
1766,9993.96
1767,9993.96
1768,9993.96
1769,9993.96
1770,9993.96
1771,9993.96
1772,9993.96
1773,9993.96
1774,9993.96
1775,9993.96
1776,9993.96
1777,9993.96
1778,9993.96
1779,9993.96
1780,9993.96
1781,9993.96
1782,9993.96
1783,9993.96
1784,9993.96
1785,9993.96
1786,9993.96
1787,9993.96
1788,9993.96
1789,9993.96
1790,9993.96
1791,9993.96
1792,9993.96
1793,9993.96
1794,9993.96
1795,9993.96
1796,9993.96
1797,9993.96
1798,9993.96
1799,9993.96
1800,9993.96
1801,9993.96
1802,9993.96
1803,9993.96
1804,9993.96
1805,9993.96
1806,9993.96
1807,9993.96
1808,9993.96
1809,9993.96
1810,9993.96
1811,9993.96
1812,9993.96
1813,9993.96
1814,9993.96
1815,9993.96
1816,9993.96
1817,9993.96
1818,9993.96
1819,9993.96
1820,9993.96
1821,9993.96
1822,9993.96
1823,9993.96
1824,9993.96
1825,9993.96
1826,9993.96
1827,9993.96
1828,9993.96
1829,9993.96
1830,9993.96
1831,9993.96
1832,9993.96
1833,9993.96
1834,9993.96
1835,9993.96
1836,9993.96
1837,9993.96
1838,9993.96
1839,9993.96
1840,9993.96
1841,9993.96
1842,9993.96
1843,9993.96
1844,9993.96
1845,9993.96
1846,9993.96
1847,9993.96
1848,9993.96
1849,9993.96
1850,9993.96
1851,9993.96
1852,9993.96
1853,9993.96
1854,9993.96
1855,9993.96
1856,9993.96
1857,9993.96
1858,9993.96
1859,9993.96
1860,9993.96
1861,9993.96
1862,9993.96
1863,9993.96
1864,9993.96
1865,9993.96
1866,9993.96
1867,9993.96
1868,9993.96
1869,9993.96
1870,9993.96
1871,9993.96
1872,9993.96
1873,9993.96
1874,9993.96
1875,9993.96
1876,9993.96
1877,9993.96
1878,9993.96
1879,9993.96
1880,9993.96
1881,9993.96
1882,9993.96
1883,9993.96
1884,9993.96
1885,9993.96
1886,9993.96
1887,9993.96
1888,9993.96
1889,9993.96
1890,9993.96
1891,9993.96
1892,9993.96
1893,9993.96
1894,9993.96
1895,9993.96
1896,9993.96
1897,9993.96
1898,9993.96
1899,9993.96
1900,9993.96
1901,9993.96
1902,9993.96
1903,9993.96
1904,9993.96
1905,9993.96
1906,9993.96
1907,9993.96
1908,9993.96
1909,9993.96
1910,9993.96
1911,9993.96
1912,9993.96
1913,9993.96
1914,9993.96
1915,9993.96
1916,9993.96
1917,9993.96
1918,9993.96
1919,9993.96
1920,9993.96
1921,9993.96
1922,9993.96
1923,9993.96
1924,9993.96
1925,9993.96
1926,9993.96
1927,9993.96
1928,9993.96
1929,9993.96
1930,9993.96
1931,9993.96
1932,9993.96
1933,9993.96
1934,9993.96
1935,9993.96
1936,9993.96
1937,9993.96
1938,9993.96
1939,9993.96
1940,9993.96
1941,9993.96
1942,9993.96
1943,9993.96
1944,9993.96
1945,9993.96
1946,9993.96
1947,9993.96
1948,9993.96
1949,9993.96
1950,9993.96
1951,9993.96
1952,9993.96
1953,9993.96
1954,9993.96
1955,9993.96
1956,9993.96
1957,9993.96
1958,9993.96
1959,9993.96
1960,9993.96
1961,9993.96
1962,9993.96
1963,9993.96
1964,9993.96
1965,9993.96
1966,9993.96
1967,9993.96
1968,9993.96
1969,9993.96
1970,9993.96
1971,9993.96
1972,9993.96
1973,9993.96
1974,9993.96
1975,9993.96
1976,9993.96
1977,9993.96
1978,9993.96
1979,9993.96
1980,9993.96
1981,9993.96
1982,9993.96
1983,9993.96
1984,9993.96
1985,9993.96
1986,9993.96
1987,9993.96
1988,9993.96
1989,9993.96
1990,9993.96
1991,9993.96
1992,9993.96
1993,9993.96
1994,9993.96
1995,9993.96
1996,9993.96
1997,9993.96
1998,9993.96
1999,9993.96
2000,9993.96
2001,9993.96
2002,9993.96
2003,9993.96
2004,9993.96
2005,9993.96
2006,9993.96
2007,9993.96
2008,9993.96
2009,9993.96
2010,9993.96
2011,9993.96
2012,9993.96
2013,9993.96
2014,9993.96
2015,9993.96
2016,9993.96
2017,9993.96
2018,9993.96
2019,9993.96
2020,9993.96
2021,9993.96
2022,9993.96
2023,9993.96
2024,9993.96
2025,9993.96
2026,9993.96
2027,9993.96
2028,9993.96
2029,9993.96
2030,9993.96
2031,9993.96
2032,9993.96
2033,9993.96
2034,9993.96
2035,9993.96
2036,9993.96
2037,9993.96
2038,9993.96
2039,9993.96
2040,9993.96
2041,9993.96
2042,9993.96
2043,9993.96
2044,9993.96
2045,9993.96
2046,9993.96
2047,9993.96
2048,9993.96
2049,9993.96
2050,9993.96
2051,9993.96
2052,9993.96
2053,9993.96
2054,9993.96
2055,9993.96
2056,9993.96
2057,9993.96
2058,9993.96
2059,9993.96
2060,9993.96
2061,9993.96
2062,9993.96
2063,9993.96
2064,9993.96
2065,9993.96
2066,9993.96
2067,9993.96
2068,9993.96
2069,9993.96
2070,9993.96
2071,9993.96
2072,9993.96
2073,9993.96
2074,9993.96
2075,9993.96
2076,9993.96
2077,9993.96
2078,9993.96
2079,9993.96
2080,9993.96
2081,9993.96
2082,9993.96
2083,9993.96
2084,9993.96
2085,9993.96
2086,9993.96
2087,9993.96
2088,9993.96
2089,9993.96
2090,9993.96
2091,9993.96
2092,9993.96
2093,9993.96
2094,9993.96
2095,9993.96
2096,9993.96
2097,9993.96
2098,9993.96
2099,9993.96
2100,9993.96
2101,9993.96
2102,9993.96
2103,9993.96
2104,9993.96
2105,9993.96
2106,9993.96
2107,9993.96
2108,9993.96
2109,9993.96
2110,9993.96
2111,9993.96
2112,9993.96
2113,9993.96
2114,9993.96
2115,9993.96
2116,9993.96
2117,9993.96
2118,9993.96
2119,9993.96
2120,9993.96
2121,9993.96
2122,9993.96
2123,9993.96
2124,9993.96
2125,9993.96
2126,9993.96
2127,9993.96
2128,9993.96
2129,9993.96
2130,9993.96
2131,9993.96
2132,9993.96
2133,9993.96
2134,9993.96
2135,9993.96
2136,9993.96
2137,9993.96
2138,9993.96
2139,9993.96
2140,9993.96
2141,9993.96
2142,9993.96
2143,9993.96
2144,9993.96
2145,9993.96
2146,9993.96
2147,9993.96
2148,9993.96
2149,9993.96
2150,9993.96
2151,9993.96
2152,9993.96
2153,9993.96
2154,9993.96
2155,9993.96
2156,9993.96
2157,9993.96
2158,9993.96
2159,9993.96
2160,9993.96
2161,9993.96
2162,9993.96
2163,9993.96
2164,9993.96
2165,9993.96
2166,9993.96
2167,9993.96
2168,9993.96
2169,9993.96
2170,9993.96
2171,9993.96
2172,9993.96
2173,9993.96
2174,9993.96
2175,9993.96
2176,9993.96
2177,9993.96
2178,9993.96
2179,9993.96
2180,9993.96
2181,9993.96
2182,9993.96
2183,9993.96
2184,9993.96
2185,9993.96
2186,9993.96
2187,9993.96
2188,9993.96
2189,9993.96
2190,9993.96
2191,9993.96
2192,9993.96
2193,9993.96
2194,9993.96
2195,9993.96
2196,9993.96
2197,9993.96
2198,9993.96
2199,9993.96
2200,9993.96
2201,9993.96
2202,9993.96
2203,9993.96
2204,9993.96
2205,9993.96
2206,9993.96
2207,9993.96
2208,9993.96
2209,9993.96
2210,9993.96
2211,9993.96
2212,9993.96
2213,9993.96
2214,9993.96
2215,9993.96
2216,9993.96
2217,9993.96
2218,9993.96
2219,9993.96
2220,9993.96
2221,9993.96
2222,9993.96
2223,9993.96
2224,9993.96
2225,9993.96
2226,9993.96
2227,9993.96
2228,9993.96
2229,9993.96
2230,9993.96
2231,9993.96
2232,9993.96
2233,9993.96
2234,9993.96
2235,9993.96
2236,9993.96
2237,9993.96
2238,9993.96
2239,9993.96
2240,9993.96
2241,9993.96
2242,9993.96
2243,9993.96
2244,9993.96
2245,9993.96
2246,9993.96
2247,9993.96
2248,9993.96
2249,9993.96
2250,9993.96
2251,9993.96
2252,9993.96
2253,9993.96
2254,9993.96
2255,9993.96
2256,9993.96
2257,9993.96
2258,9993.96
2259,9993.96
2260,9993.96
2261,9993.96
2262,9993.96
2263,9993.96
2264,9993.96
2265,9993.96
2266,9993.96
2267,9993.96
2268,9993.96
2269,9993.96
2270,9993.96
2271,9993.96
2272,9993.96
2273,9993.96
2274,9993.96
2275,9993.96
2276,9993.96
2277,9993.96
2278,9993.96
2279,9993.96
2280,9993.96
2281,9993.96
2282,9993.96
2283,9993.96
2284,9993.96
2285,9993.96
2286,9993.96
2287,9993.96
2288,9993.96
2289,9993.96
2290,9993.96
2291,9993.96
2292,9993.96
2293,9993.96
2294,9993.96
2295,9993.96
2296,9993.96
2297,9993.96
2298,9993.96
2299,9993.96
2300,9993.96
2301,9993.96
2302,9993.96
2303,9993.96
2304,9993.96
2305,9993.96
2306,9993.96
2307,9993.96
2308,9993.96
2309,9993.96
2310,9993.96
2311,9993.96
2312,9993.96
2313,9993.96
2314,9993.96
2315,9993.96
2316,9993.96
2317,9993.96
2318,9993.96
2319,9993.96
2320,9993.96
2321,9993.96
2322,9993.96
2323,9993.96
2324,9993.96
2325,9993.96
2326,9993.96
2327,9993.96
2328,9993.96
2329,9993.96
2330,9993.96
2331,9993.96
2332,9993.96
2333,9993.96
2334,9993.96
2335,9993.96
2336,9993.96
2337,9993.96
2338,9993.96
2339,9993.96
2340,9993.96
2341,9993.96
2342,9993.96
2343,9993.96
2344,9993.96
2345,9993.96
2346,9993.96
2347,9993.96
2348,9993.96
2349,9993.96
2350,9993.96
2351,9993.96
2352,9993.96
2353,9993.96
2354,9993.96
2355,9993.96
2356,9993.96
2357,9993.96
2358,9993.96
2359,9993.96
2360,9993.96
2361,9993.96
2362,9993.96
2363,9993.96
2364,9993.96
2365,9993.96
2366,9993.96
2367,9993.96
2368,9993.96
2369,9993.96
2370,9993.96
2371,9993.96
2372,9993.96
2373,9993.96
2374,9993.96
2375,9993.96
2376,9993.96
2377,9993.96
2378,9993.96
2379,9993.96
2380,9993.96
2381,9993.96
2382,9993.96
2383,9993.96
2384,9993.96
2385,9993.96
2386,9993.96
2387,9993.96
2388,9993.96
2389,9993.96
2390,9993.96
2391,9993.96
2392,9993.96
2393,9993.96
2394,9993.96
2395,9993.96
2396,9993.96
2397,9993.96
2398,9993.96
2399,9993.96
2400,9993.96
2401,9993.96
2402,9993.96
2403,9993.96
2404,9993.96
2405,9993.96
2406,9993.96
2407,9993.96
2408,9993.96
2409,9993.96
2410,9993.96
2411,9993.96
2412,9993.96
2413,9993.96
2414,9993.96
2415,9993.96
2416,9993.96
2417,9993.96
2418,9993.96
2419,9993.96
2420,9993.96
2421,9993.96
2422,9993.96
2423,9993.96
2424,9993.96
2425,9993.96
2426,9993.96
2427,9993.96
2428,9993.96
2429,9993.96
2430,9993.96
2431,9993.96
2432,9993.96
2433,9993.96
2434,9993.96
2435,9993.96
2436,9993.96
2437,9993.96
2438,9993.96
2439,9993.96
2440,9993.96
2441,9993.96
2442,9993.96
2443,9993.96
2444,9993.96
2445,9993.96
2446,9993.96
2447,9993.96
2448,9993.96
2449,9993.96
2450,9993.96
2451,9993.96
2452,9993.96
2453,9993.96
2454,9993.96
2455,9993.96
2456,9993.96
2457,9993.96
2458,9993.96
2459,9993.96
2460,9993.96
2461,9993.96
2462,9993.96
2463,9993.96
2463.78,9993.96
2464,9993.76
2465,9992.86
2465.1,9992.77
2466,9992.77
2466.1,9992.77
2466.36,9992.77
2467,9992.77
2467.1,9992.77
2467.1,9992.77
2468,9992.73
2468.09,9992.73
2469,9992.73
2470,9992.73
2471,9992.73
2472,9992.73
2473,9992.73
2474,9992.73
2475,9992.73
2476,9992.73
2477,9992.73
2478,9992.73
2479,9992.73
2480,9992.73
2481,9992.73
2482,9992.73
2483,9992.73
2484,9992.73
2485,9992.73
2486,9992.73
2487,9992.73
2488,9992.73
2489,9992.73
2490,9992.73
2491,9992.73
2492,9992.73
2493,9992.73
2494,9992.73
2495,9992.73
2496,9992.73
2497,9992.73
2498,9992.73
2499,9992.73
2500,9992.73
2501,9992.73
2502,9992.73
2503,9992.73
2504,9992.73
2505,9992.73
2506,9992.73
2507,9992.73
2508,9992.73
2509,9992.73
2510,9992.73
2511,9992.73
2512,9992.73
2513,9992.73
2514,9992.73
2515,9992.73
2516,9992.73
2517,9992.73
2518,9992.73
2519,9992.73
2520,9992.73
2521,9992.73
2522,9992.73
2523,9992.73
2524,9992.73
2525,9992.73
2526,9992.73
2527,9992.73
2528,9992.73
2529,9992.73
2530,9992.73
2531,9992.73
2532,9992.73
2533,9992.73
2534,9992.73
2535,9992.73
2536,9992.73
2537,9992.73
2538,9992.73
2539,9992.73
2540,9992.73
2541,9992.73
2542,9992.73
2543,9992.73
2544,9992.73
2545,9992.73
2546,9992.73
2547,9992.73
2548,9992.73
2549,9992.73
2550,9992.73
2551,9992.73
2552,9992.73
2553,9992.73
2554,9992.73
2555,9992.73
2556,9992.73
2557,9992.73
2558,9992.73
2559,9992.73
2560,9992.73
2561,9992.73
2562,9992.73
2563,9992.73
2564,9992.73
2565,9992.73
2566,9992.73
2567,9992.73
2568,9992.73
2569,9992.73
2570,9992.73
2571,9992.73
2572,9992.73
2573,9992.73
2574,9992.73
2575,9992.73
2576,9992.73
2577,9992.73
2578,9992.73
2579,9992.73
2580,9992.73
2581,9992.73
2582,9992.73
2583,9992.73
2584,9992.73
2585,9992.73
2586,9992.73
2587,9992.73
2588,9992.73
2589,9992.73
2590,9992.73
2591,9992.73
2592,9992.73
2593,9992.73
2594,9992.73
2595,9992.73
2596,9992.73
2597,9992.73
2598,9992.73
2599,9992.73
2600,9992.73
2601,9992.73
2602,9992.73
2603,9992.73
2604,9992.73
2605,9992.73
2606,9992.73
2607,9992.73
2608,9992.73
2609,9992.73
2610,9992.73
2611,9992.73
2612,9992.73
2613,9992.73
2614,9992.73
2615,9992.73
2616,9992.73
2617,9992.73
2618,9992.73
2619,9992.73
2620,9992.73
2621,9992.73
2622,9992.73
2623,9992.73
2624,9992.73
2625,9992.73
2626,9992.73
2627,9992.73
2628,9992.73
2629,9992.73
2630,9992.73
2631,9992.73
2632,9992.73
2633,9992.73
2634,9992.73
2635,9992.73
2636,9992.73
2637,9992.73
2638,9992.73
2639,9992.73
2640,9992.73
2641,9992.73
2642,9992.73
2643,9992.73
2644,9992.73
2645,9992.73
2646,9992.73
2647,9992.73
2648,9992.73
2649,9992.73
2650,9992.73
2651,9992.73
2652,9992.73
2653,9992.73
2654,9992.73
2655,9992.73
2656,9992.73
2657,9992.73
2658,9992.73
2659,9992.73
2660,9992.73
2661,9992.73
2662,9992.73
2663,9992.73
2664,9992.73
2665,9992.73
2666,9992.73
2667,9992.73
2668,9992.73
2669,9992.73
2670,9992.73
2671,9992.73
2672,9992.73
2673,9992.73
2674,9992.73
2675,9992.73
2676,9992.73
2677,9992.73
2678,9992.73
2679,9992.73
2680,9992.73
2681,9992.73
2682,9992.73
2683,9992.73
2684,9992.73
2685,9992.73
2686,9992.73
2687,9992.73
2688,9992.73
2689,9992.73
2690,9992.73
2691,9992.73
2692,9992.73
2693,9992.73
2694,9992.73
2695,9992.73
2696,9992.73
2697,9992.73
2698,9992.73
2699,9992.73
2700,9992.73
2701,9992.73
2702,9992.73
2703,9992.73
2704,9992.73
2705,9992.73
2706,9992.73
2707,9992.73
2708,9992.73
2709,9992.73
2710,9992.73
2711,9992.73
2712,9992.73
2713,9992.73
2714,9992.73
2715,9992.73
2716,9992.73
2717,9992.73
2718,9992.73
2719,9992.73
2720,9992.73
2721,9992.73
2722,9992.73
2723,9992.73
2724,9992.73
2725,9992.73
2726,9992.73
2727,9992.73
2728,9992.73
2729,9992.73
2730,9992.73
2731,9992.73
2732,9992.73
2733,9992.73
2734,9992.73
2735,9992.73
2736,9992.73
2737,9992.73
2738,9992.73
2739,9992.73
2740,9992.73
2741,9992.73
2742,9992.73
2743,9992.73
2744,9992.73
2745,9992.73
2746,9992.73
2747,9992.73
2748,9992.73
2749,9992.73
2750,9992.73
2751,9992.73
2752,9992.73
2753,9992.73
2754,9992.73
2755,9992.73
2756,9992.73
2757,9992.73
2758,9992.73
2759,9992.73
2760,9992.73
2761,9992.73
2762,9992.73
2763,9992.73
2764,9992.73
2765,9992.73
2766,9992.73
2767,9992.73
2768,9992.73
2769,9992.73
2770,9992.73
2771,9992.73
2772,9992.73
2773,9992.73
2774,9992.73
2775,9992.73
2776,9992.73
2777,9992.73
2778,9992.73
2779,9992.73
2780,9992.73
2781,9992.73
2782,9992.73
2783,9992.73
2784,9992.73
2785,9992.73
2786,9992.73
2787,9992.73
2788,9992.73
2789,9992.73
2790,9992.73
2791,9992.73
2792,9992.73
2793,9992.73
2794,9992.73
2795,9992.73
2796,9992.73
2797,9992.73
2798,9992.73
2799,9992.73
2800,9992.73
2801,9992.73
2802,9992.73
2803,9992.73
2804,9992.73
2805,9992.73
2806,9992.73
2807,9992.73
2808,9992.73
2809,9992.73
2810,9992.73
2811,9992.73
2812,9992.73
2813,9992.73
2814,9992.73
2815,9992.73
2816,9992.73
2817,9992.73
2818,9992.73
2819,9992.73
2820,9992.73
2821,9992.73
2822,9992.73
2823,9992.73
2824,9992.73
2825,9992.73
2826,9992.73
2827,9992.73
2828,9992.73
2829,9992.73
2830,9992.73
2831,9992.73
2832,9992.73
2833,9992.73
2834,9992.73
2835,9992.73
2836,9992.73
2837,9992.73
2838,9992.73
2839,9992.73
2840,9992.73
2841,9992.73
2842,9992.73
2843,9992.73
2844,9992.73
2845,9992.73
2846,9992.73
2847,9992.73
2848,9992.73
2849,9992.73
2850,9992.73
2851,9992.73
2852,9992.73
2853,9992.73
2854,9992.73
2855,9992.73
2856,9992.73
2857,9992.73
2858,9992.73
2859,9992.73
2860,9992.73
2861,9992.73
2862,9992.73
2863,9992.73
2864,9992.73
2865,9992.73
2866,9992.73
2867,9992.73
2868,9992.73
2869,9992.73
2870,9992.73
2871,9992.73
2872,9992.73
2873,9992.73
2874,9992.73
2875,9992.73
2876,9992.73
2877,9992.73
2878,9992.73
2879,9992.73
2880,9992.73
2881,9992.73
2882,9992.73
2883,9992.73
2884,9992.73
2885,9992.73
2886,9992.73
2887,9992.73
2888,9992.73
2889,9992.73
2890,9992.73
2891,9992.73
2892,9992.73
2893,9992.73
2894,9992.73
2895,9992.73
2896,9992.73
2897,9992.73
2898,9992.73
2899,9992.73
2900,9992.73
2901,9992.73
2902,9992.73
2903,9992.73
2904,9992.73
2905,9992.73
2906,9992.73
2907,9992.73
2908,9992.73
2909,9992.73
2910,9992.73
2911,9992.73
2912,9992.73
2913,9992.73
2914,9992.73
2915,9992.73
2916,9992.73
2917,9992.73
2918,9992.73
2919,9992.73
2920,9992.73
2921,9992.73
2922,9992.73
2923,9992.73
2924,9992.73
2925,9992.73
2926,9992.73
2927,9992.73
2928,9992.73
2929,9992.73
2930,9992.73
2931,9992.73
2932,9992.73
2933,9992.73
2934,9992.73
2935,9992.73
2936,9992.73
2937,9992.73
2938,9992.73
2939,9992.73
2940,9992.73
2941,9992.73
2942,9992.73
2943,9992.73
2944,9992.73
2945,9992.73
2946,9992.73
2947,9992.73
2948,9992.73
2949,9992.73
2950,9992.73
2951,9992.73
2952,9992.73
2953,9992.73
2954,9992.73
2955,9992.73
2956,9992.73
2957,9992.73
2958,9992.73
2959,9992.73
2960,9992.73
2961,9992.73
2962,9992.73
2963,9992.73
2964,9992.73
2965,9992.73
2966,9992.73
2967,9992.73
2968,9992.73
2969,9992.73
2970,9992.73
2971,9992.73
2972,9992.73
2973,9992.73
2974,9992.73
2975,9992.73
2976,9992.73
2977,9992.73
2978,9992.73
2979,9992.73
2980,9992.73
2981,9992.73
2982,9992.73
2983,9992.73
2984,9992.73
2985,9992.73
2986,9992.73
2987,9992.73
2988,9992.73
2989,9992.73
2990,9992.73
2991,9992.73
2992,9992.73
2993,9992.73
2994,9992.73
2995,9992.73
2996,9992.73
2997,9992.73
2998,9992.73
2999,9992.73
3000,9992.73
3001,9992.73
3002,9992.73
3003,9992.73
3004,9992.73
3005,9992.73
3006,9992.73
3007,9992.73
3008,9992.73
3009,9992.73
3010,9992.73
3011,9992.73
3012,9992.73
3013,9992.73
3014,9992.73
3015,9992.73
3016,9992.73
3017,9992.73
3018,9992.73
3019,9992.73
3020,9992.73
3021,9992.73
3022,9992.73
3023,9992.73
3024,9992.73
3025,9992.73
3026,9992.73
3027,9992.73
3028,9992.73
3029,9992.73
3030,9992.73
3031,9992.73
3032,9992.73
3033,9992.73
3034,9992.73
3035,9992.73
3036,9992.73
3037,9992.73
3038,9992.73
3039,9992.73
3040,9992.73
3041,9992.73
3042,9992.73
3043,9992.73
3044,9992.73
3045,9992.73
3046,9992.73
3047,9992.73
3048,9992.73
3049,9992.73
3050,9992.73
3051,9992.73
3052,9992.73
3053,9992.73
3054,9992.73
3055,9992.73
3056,9992.73
3057,9992.73
3058,9992.73
3059,9992.73
3060,9992.73
3061,9992.73
3062,9992.73
3063,9992.73
3064,9992.73
3065,9992.73
3066,9992.73
3067,9992.73
3068,9992.73
3069,9992.73
3070,9992.73
3071,9992.73
3072,9992.73
3073,9992.73
3074,9992.73
3075,9992.73
3076,9992.73
3077,9992.73
3078,9992.73
3079,9992.73
3080,9992.73
3081,9992.73
3082,9992.73
3083,9992.73
3084,9992.73
3085,9992.73
3086,9992.73
3087,9992.73
3088,9992.73
3089,9992.73
3090,9992.73
3091,9992.73
3092,9992.73
3093,9992.73
3094,9992.73
3095,9992.73
3096,9992.73
3097,9992.73
3098,9992.73
3099,9992.73
3100,9992.73
3101,9992.73
3102,9992.73
3103,9992.73
3104,9992.73
3105,9992.73
3106,9992.73
3107,9992.73
3108,9992.73
3109,9992.73
3110,9992.73
3111,9992.73
3112,9992.73
3113,9992.73
3114,9992.73
3115,9992.73
3116,9992.73
3117,9992.73
3118,9992.73
3119,9992.73
3120,9992.73
3121,9992.73
3122,9992.73
3123,9992.73
3124,9992.73
3125,9992.73
3126,9992.73
3127,9992.73
3128,9992.73
3129,9992.73
3130,9992.73
3131,9992.73
3132,9992.73
3133,9992.73
3134,9992.73
3135,9992.73
3136,9992.73
3137,9992.73
3138,9992.73
3139,9992.73
3140,9992.73
3141,9992.73
3142,9992.73
3143,9992.73
3144,9992.73
3145,9992.73
3146,9992.73
3147,9992.73
3148,9992.73
3149,9992.73
3150,9992.73
3151,9992.73
3152,9992.73
3153,9992.73
3154,9992.73
3155,9992.73
3156,9992.73
3157,9992.73
3158,9992.73
3159,9992.73
3160,9992.73
3161,9992.73
3162,9992.73
3163,9992.73
3164,9992.73
3165,9992.73
3166,9992.73
3167,9992.73
3168,9992.73
3169,9992.73
3170,9992.73
3171,9992.73
3172,9992.73
3173,9992.73
3174,9992.73
3175,9992.73
3176,9992.73
3177,9992.73
3178,9992.73
3179,9992.73
3180,9992.73
3181,9992.73
3182,9992.73
3183,9992.73
3184,9992.73
3185,9992.73
3186,9992.73
3187,9992.73
3188,9992.73
3189,9992.73
3190,9992.73
3191,9992.73
3192,9992.73
3193,9992.73
3194,9992.73
3195,9992.73
3196,9992.73
3197,9992.73
3198,9992.73
3199,9992.73
3200,9992.73
3201,9992.73
3202,9992.73
3203,9992.73
3204,9992.73
3205,9992.73
3206,9992.73
3207,9992.73
3208,9992.73
3209,9992.73
3210,9992.73
3211,9992.73
3212,9992.73
3213,9992.73
3214,9992.73
3215,9992.73
3216,9992.73
3217,9992.73
3218,9992.73
3219,9992.73
3220,9992.73
3221,9992.73
3222,9992.73
3223,9992.73
3224,9992.73
3225,9992.73
3226,9992.73
3227,9992.73
3228,9992.73
3229,9992.73
3230,9992.73
3231,9992.73
3232,9992.73
3233,9992.73
3234,9992.73
3235,9992.73
3236,9992.73
3237,9992.73
3238,9992.73
3239,9992.73
3240,9992.73
3241,9992.73
3242,9992.73
3243,9992.73
3244,9992.73
3245,9992.73
3246,9992.73
3247,9992.73
3248,9992.73
3249,9992.73
3250,9992.73
3251,9992.73
3252,9992.73
3253,9992.73
3254,9992.73
3255,9992.73
3256,9992.73
3257,9992.73
3258,9992.73
3259,9992.73
3260,9992.73
3261,9992.73
3262,9992.73
3263,9992.73
3264,9992.73
3265,9992.73
3266,9992.73
3267,9992.73
3268,9992.73
3269,9992.73
3270,9992.73
3271,9992.73
3272,9992.73
3273,9992.73
3274,9992.73
3275,9992.73
3276,9992.73
3277,9992.73
3278,9992.73
3279,9992.73
3280,9992.73
3281,9992.73
3282,9992.73
3283,9992.73
3284,9992.73
3285,9992.73
3286,9992.73
3287,9992.73
3288,9992.73
3289,9992.73
3290,9992.73
3291,9992.73
3292,9992.73
3293,9992.73
3294,9992.73
3295,9992.73
3296,9992.73
3297,9992.73
3298,9992.73
3299,9992.73
3300,9992.73
3301,9992.73
3302,9992.73
3303,9992.73
3304,9992.73
3305,9992.73
3306,9992.73
3307,9992.73
3308,9992.73
3309,9992.73
3310,9992.73
3311,9992.73
3312,9992.73
3313,9992.73
3314,9992.73
3315,9992.73
3316,9992.73
3317,9992.73
3318,9992.73
3319,9992.73
3320,9992.73
3321,9992.73
3322,9992.73
3323,9992.73
3324,9992.73
3325,9992.73
3326,9992.73
3327,9992.73
3328,9992.73
3329,9992.73
3330,9992.73
3331,9992.73
3332,9992.73
3333,9992.73
3334,9992.73
3335,9992.73
3336,9992.73
3337,9992.73
3338,9992.73
3339,9992.73
3340,9992.73
3341,9992.73
3342,9992.73
3343,9992.73
3344,9992.73
3345,9992.73
3346,9992.73
3347,9992.73
3348,9992.73
3349,9992.73
3350,9992.73
3351,9992.73
3352,9992.73
3353,9992.73
3354,9992.73
3355,9992.73
3356,9992.73
3357,9992.73
3358,9992.73
3359,9992.73
3360,9992.73
3361,9992.73
3362,9992.73
3363,9992.73
3364,9992.73
3365,9992.73
3366,9992.73
3367,9992.73
3368,9992.73
3369,9992.73
3370,9992.73
3371,9992.73
3372,9992.73
3373,9992.73
3374,9992.73
3375,9992.73
3376,9992.73
3377,9992.73
3378,9992.73
3379,9992.73
3380,9992.73
3381,9992.73
3382,9992.73
3383,9992.73
3384,9992.73
3385,9992.73
3386,9992.73
3387,9992.73
3388,9992.73
3389,9992.73
3390,9992.73
3391,9992.73
3392,9992.73
3393,9992.73
3394,9992.73
3395,9992.73
3396,9992.73
3397,9992.73
3398,9992.73
3399,9992.73
3400,9992.73
3401,9992.73
3402,9992.73
3403,9992.73
3404,9992.73
3405,9992.73
3406,9992.73
3407,9992.73
3408,9992.73
3409,9992.73
3410,9992.73
3411,9992.73
3412,9992.73
3413,9992.73
3414,9992.73
3415,9992.73
3416,9992.73
3417,9992.73
3418,9992.73
3419,9992.73
3420,9992.73
3421,9992.73
3422,9992.73
3423,9992.73
3424,9992.73
3425,9992.73
3426,9992.73
3427,9992.73
3428,9992.73
3429,9992.73
3430,9992.73
3431,9992.73
3432,9992.73
3433,9992.73
3434,9992.73
3435,9992.73
3436,9992.73
3437,9992.73
3438,9992.73
3439,9992.73
3440,9992.73
3441,9992.73
3442,9992.73
3443,9992.73
3444,9992.73
3445,9992.73
3446,9992.73
3447,9992.73
3448,9992.73
3449,9992.73
3450,9992.73
3451,9992.73
3452,9992.73
3453,9992.73
3454,9992.73
3455,9992.73
3456,9992.73
3457,9992.73
3458,9992.73
3459,9992.73
3460,9992.73
3461,9992.73
3462,9992.73
3463,9992.73
3464,9992.73
3465,9992.73
3466,9992.73
3467,9992.73
3468,9992.73
3469,9992.73
3470,9992.73
3471,9992.73
3472,9992.73
3473,9992.73
3474,9992.73
3475,9992.73
3476,9992.73
3477,9992.73
3478,9992.73
3479,9992.73
3480,9992.73
3481,9992.73
3482,9992.73
3483,9992.73
3484,9992.73
3485,9992.73
3486,9992.73
3487,9992.73
3488,9992.73
3489,9992.73
3490,9992.73
3491,9992.73
3492,9992.73
3493,9992.73
3494,9992.73
3495,9992.73
3496,9992.73
3497,9992.73
3498,9992.73
3499,9992.73
3500,9992.73
3501,9992.73
3502,9992.73
3503,9992.73
3504,9992.73
3505,9992.73
3506,9992.73
3507,9992.73
3508,9992.73
3509,9992.73
3510,9992.73
3511,9992.73
3512,9992.73
3513,9992.73
3514,9992.73
3515,9992.73
3516,9992.73
3517,9992.73
3518,9992.73
3519,9992.73
3520,9992.73
3521,9992.73
3522,9992.73
3523,9992.73
3524,9992.73
3525,9992.73
3526,9992.73
3527,9992.73
3528,9992.73
3529,9992.73
3530,9992.73
3531,9992.73
3532,9992.73
3533,9992.73
3534,9992.73
3535,9992.73
3536,9992.73
3537,9992.73
3538,9992.73
3539,9992.73
3540,9992.73
3541,9992.73
3542,9992.73
3543,9992.73
3544,9992.73
3545,9992.73
3546,9992.73
3547,9992.73
3548,9992.73
3549,9992.73
3550,9992.73
3551,9992.73
3552,9992.73
3553,9992.73
3554,9992.73
3555,9992.73
3556,9992.73
3557,9992.73
3558,9992.73
3559,9992.73
3560,9992.73
3561,9992.73
3562,9992.73
3563,9992.73
3564,9992.73
3565,9992.73
3566,9992.73
3567,9992.73
3568,9992.73
3569,9992.73
3570,9992.73
3571,9992.73
3572,9992.73
3573,9992.73
3574,9992.73
3575,9992.73
3576,9992.73
3577,9992.73
3578,9992.73
3579,9992.73
3580,9992.73
3581,9992.73
3582,9992.73
3583,9992.73
3584,9992.73
3585,9992.73
3586,9992.73
3587,9992.73
3588,9992.73
3589,9992.73
3590,9992.73
3591,9992.73
3592,9992.73
3593,9992.73
3594,9992.73
3595,9992.73
3596,9992.73
3597,9992.73
3598,9992.73
3599,9992.73
3600,9992.73
3601,9992.73
3602,9992.73
3603,9992.73
3604,9992.73
3605,9992.73
3606,9992.73
3607,9992.73
3608,9992.73
3609,9992.73
3610,9992.73
3611,9992.73
3612,9992.73
3613,9992.73
3614,9992.73
3615,9992.73
3616,9992.73
3617,9992.73
3618,9992.73
3619,9992.73
3620,9992.73
3621,9992.73
3622,9992.73
3623,9992.73
3624,9992.73
3625,9992.73
3626,9992.73
3627,9992.73
3628,9992.73
3629,9992.73
3630,9992.73
3631,9992.73
3632,9992.73
3633,9992.73
3634,9992.73
3635,9992.73
3636,9992.73
3637,9992.73
3638,9992.73
3639,9992.73
3640,9992.73
3641,9992.73
3642,9992.73
3643,9992.73
3644,9992.73
3645,9992.73
3646,9992.73
3647,9992.73
3648,9992.73
3649,9992.73
3650,9992.73
3651,9992.73
3652,9992.73
3653,9992.73
3654,9992.73
3655,9992.73
3656,9992.73
3657,9992.73
3658,9992.73
3659,9992.73
3660,9992.73
3661,9992.73
3662,9992.73
3663,9992.73
3663.78,9992.73
3664,9992.53
3665,9991.62
3665.1,9991.54
3666,9991.54
3666.1,9991.54
3666.36,9991.53
3667,9991.53
3667.1,9991.53
3667.36,9991.53
3668,9991.53
3669,9991.53
3670,9991.53
3671,9991.53
3672,9991.53
3673,9991.53
3674,9991.53
3675,9991.53
3676,9991.53
3677,9991.53
3678,9991.53
3679,9991.53
3680,9991.53
3681,9991.53
3682,9991.53
3683,9991.53
3684,9991.53
3685,9991.53
3686,9991.53
3687,9991.53
3688,9991.53
3689,9991.53
3690,9991.53
3691,9991.53
3692,9991.53
3693,9991.53
3694,9991.53
3695,9991.53
3696,9991.53
3697,9991.53
3698,9991.53
3699,9991.53
3700,9991.53
3701,9991.53
3702,9991.53
3703,9991.53
3704,9991.53
3705,9991.53
3706,9991.53
3707,9991.53
3708,9991.53
3709,9991.53
3710,9991.53
3711,9991.53
3712,9991.53
3713,9991.53
3714,9991.53
3715,9991.53
3716,9991.53
3717,9991.53
3718,9991.53
3719,9991.53
3720,9991.53
3721,9991.53
3722,9991.53
3723,9991.53
3724,9991.53
3725,9991.53
3726,9991.53
3727,9991.53
3728,9991.53
3729,9991.53
3730,9991.53
3731,9991.53
3732,9991.53
3733,9991.53
3734,9991.53
3735,9991.53
3736,9991.53
3737,9991.53
3738,9991.53
3739,9991.53
3740,9991.53
3741,9991.53
3742,9991.53
3743,9991.53
3744,9991.53
3745,9991.53
3746,9991.53
3747,9991.53
3748,9991.53
3749,9991.53
3750,9991.53
3751,9991.53
3752,9991.53
3753,9991.53
3754,9991.53
3755,9991.53
3756,9991.53
3757,9991.53
3758,9991.53
3759,9991.53
3760,9991.53
3761,9991.53
3762,9991.53
3763,9991.53
3764,9991.53
3765,9991.53
3766,9991.53
3767,9991.53
3768,9991.53
3769,9991.53
3770,9991.53
3771,9991.53
3772,9991.53
3773,9991.53
3774,9991.53
3775,9991.53
3776,9991.53
3777,9991.53
3778,9991.53
3779,9991.53
3780,9991.53
3781,9991.53
3782,9991.53
3783,9991.53
3784,9991.53
3785,9991.53
3786,9991.53
3787,9991.53
3788,9991.53
3789,9991.53
3790,9991.53
3791,9991.53
3792,9991.53
3793,9991.53
3794,9991.53
3794.35,9991.53
3795,9990.95
3795.67,9990.34
3796,9990.34
3796.67,9990.34
3796.93,9990.34
3797,9990.34
3797.67,9990.34
3797.93,9990.34
3798,9990.34
3799,9990.34
3800,9990.34
3801,9990.34
3802,9990.34
3803,9990.34
3804,9990.34
3805,9990.34
3806,9990.34
3807,9990.34
3808,9990.34
3809,9990.34
3810,9990.34
3811,9990.34
3812,9990.34
3813,9990.34
3814,9990.34
3815,9990.34
3816,9990.34
3817,9990.34
3818,9990.34
3819,9990.34
3820,9990.34
3821,9990.34
3822,9990.34
3823,9990.34
3824,9990.34
3825,9990.34
3826,9990.34
3827,9990.34
3828,9990.34
3829,9990.34
3830,9990.34
3831,9990.34
3832,9990.34
3833,9990.34
3834,9990.34
3835,9990.34
3836,9990.34
3837,9990.34
3838,9990.34
3839,9990.34
3840,9990.34
3841,9990.34
3842,9990.34
3843,9990.34
3844,9990.34
3845,9990.34
3846,9990.34
3847,9990.34
3848,9990.34
3849,9990.34
3850,9990.34
3851,9990.34
3852,9990.34
3853,9990.34
3854,9990.34
3855,9990.34
3856,9990.34
3857,9990.34
3858,9990.34
3859,9990.34
3860,9990.34
3861,9990.34
3862,9990.34
3863,9990.34
3864,9990.34
3865,9990.34
3866,9990.34
3867,9990.34
3868,9990.34
3869,9990.34
3870,9990.34
3871,9990.34
3872,9990.34
3873,9990.34
3874,9990.34
3875,9990.34
3876,9990.34
3877,9990.34
3878,9990.34
3879,9990.34
3880,9990.34
3881,9990.34
3882,9990.34
3883,9990.34
3884,9990.34
3885,9990.34
3886,9990.34
3887,9990.34
3888,9990.34
3889,9990.34
3890,9990.34
3891,9990.34
3892,9990.34
3893,9990.34
3894,9990.34
3895,9990.34
3896,9990.34
3897,9990.34
3898,9990.34
3899,9990.34
3900,9990.34
3901,9990.34
3902,9990.34
3903,9990.34
3904,9990.34
3905,9990.34
3906,9990.34
3907,9990.34
3908,9990.34
3909,9990.34
3910,9990.34
3911,9990.34
3912,9990.34
3913,9990.34
3914,9990.34
3915,9990.34
3916,9990.34
3917,9990.34
3918,9990.34
3919,9990.34
3920,9990.34
3921,9990.34
3922,9990.34
3923,9990.34
3924,9990.34
3924.92,9990.34
3925,9990.27
3926,9989.37
3926.24,9989.15
3927,9989.15
3927.24,9989.15
3927.5,9989.15
3928,9989.15
3928.24,9989.15
3928.25,9989.15
3929,9989.12
3929.4,9989.11
3930,9989.11
3931,9989.11
3932,9989.11
3933,9989.11
3934,9989.11
3935,9989.11
3936,9989.11
3937,9989.11
3938,9989.11
3939,9989.11
3940,9989.11
3941,9989.11
3942,9989.11
3943,9989.11
3944,9989.11
3945,9989.11
3946,9989.11
3947,9989.11
3948,9989.11
3949,9989.11
3950,9989.11
3951,9989.11
3952,9989.11
3953,9989.11
3954,9989.11
3955,9989.11
3956,9989.11
3957,9989.11
3958,9989.11
3959,9989.11
3960,9989.11
3961,9989.11
3962,9989.11
3963,9989.11
3964,9989.11
3965,9989.11
3966,9989.11
3967,9989.11
3968,9989.11
3969,9989.11
3970,9989.11
3971,9989.11
3972,9989.11
3973,9989.11
3974,9989.11
3975,9989.11
3976,9989.11
3977,9989.11
3978,9989.11
3979,9989.11
3980,9989.11
3981,9989.11
3982,9989.11
3983,9989.11
3984,9989.11
3985,9989.11
3986,9989.11
3987,9989.11
3988,9989.11
3989,9989.11
3990,9989.11
3991,9989.11
3992,9989.11
3993,9989.11
3994,9989.11
3995,9989.11
3996,9989.11
3997,9989.11
3998,9989.11
3999,9989.11
4000,9989.11
4001,9989.11
4002,9989.11
4003,9989.11
4004,9989.11
4005,9989.11
4006,9989.11
4007,9989.11
4008,9989.11
4009,9989.11
4010,9989.11
4011,9989.11
4012,9989.11
4013,9989.11
4014,9989.11
4015,9989.11
4016,9989.11
4017,9989.11
4018,9989.11
4019,9989.11
4020,9989.11
4021,9989.11
4022,9989.11
4023,9989.11
4024,9989.11
4025,9989.11
4026,9989.11
4027,9989.11
4028,9989.11
4029,9989.11
4030,9989.11
4031,9989.11
4032,9989.11
4033,9989.11
4034,9989.11
4035,9989.11
4036,9989.11
4037,9989.11
4038,9989.11
4039,9989.11
4040,9989.11
4041,9989.11
4042,9989.11
4043,9989.11
4044,9989.11
4045,9989.11
4046,9989.11
4047,9989.11
4048,9989.11
4049,9989.11
4050,9989.11
4051,9989.11
4052,9989.11
4053,9989.11
4054,9989.11
4055,9989.11
4055.5,9989.11
4056,9988.65
4056.81,9987.92
4057,9987.92
4057.81,9987.92
4058,9987.92
4058.08,9987.92
4058.81,9987.92
4059,9987.92
4059.08,9987.92
4060,9987.92
4061,9987.92
4062,9987.92
4063,9987.92
4064,9987.92
4065,9987.92
4066,9987.92
4067,9987.91
4068,9987.91
4069,9987.91
4070,9987.91
4071,9987.91
4072,9987.91
4073,9987.91
4074,9987.91
4075,9987.91
4076,9987.91
4077,9987.91
4078,9987.91
4079,9987.91
4080,9987.91
4081,9987.91
4082,9987.91
4083,9987.91
4084,9987.91
4085,9987.91
4086,9987.91
4087,9987.91
4088,9987.91
4089,9987.91
4090,9987.91
4091,9987.91
4092,9987.91
4093,9987.91
4094,9987.91
4095,9987.91
4096,9987.91
4097,9987.91
4098,9987.91
4099,9987.91
4100,9987.91
4101,9987.91
4102,9987.91
4103,9987.91
4104,9987.91
4105,9987.91
4106,9987.91
4107,9987.91
4108,9987.91
4109,9987.91
4110,9987.91
4111,9987.91
4112,9987.91
4113,9987.91
4114,9987.91
4115,9987.91
4116,9987.91
4117,9987.91
4118,9987.91
4119,9987.91
4120,9987.91
4121,9987.91
4122,9987.91
4123,9987.91
4124,9987.91
4125,9987.91
4126,9987.91
4127,9987.91
4128,9987.91
4129,9987.91
4130,9987.91
4131,9987.91
4132,9987.91
4133,9987.91
4134,9987.91
4135,9987.91
4136,9987.91
4137,9987.91
4138,9987.91
4139,9987.91
4140,9987.91
4141,9987.91
4142,9987.91
4143,9987.91
4144,9987.91
4145,9987.91
4146,9987.91
4147,9987.91
4148,9987.91
4149,9987.91
4150,9987.91
4151,9987.91
4152,9987.91
4153,9987.91
4154,9987.91
4155,9987.91
4156,9987.91
4157,9987.91
4158,9987.91
4159,9987.91
4160,9987.91
4161,9987.91
4162,9987.91
4163,9987.91
4164,9987.91
4165,9987.91
4166,9987.91
4167,9987.91
4168,9987.91
4169,9987.91
4170,9987.91
4171,9987.91
4172,9987.91
4173,9987.91
4174,9987.91
4175,9987.91
4176,9987.91
4177,9987.91
4178,9987.91
4179,9987.91
4180,9987.91
4181,9987.91
4182,9987.91
4183,9987.91
4184,9987.91
4185,9987.91
4186,9987.91
4186.07,9987.91
4187,9987.07
4187.39,9986.73
4188,9986.73
4188.39,9986.73
4188.65,9986.72
4189,9986.72
4189.39,9986.72
4189.39,9986.72
4190,9986.7
4190.55,9986.68
4191,9986.68
4192,9986.68
4193,9986.68
4194,9986.68
4195,9986.68
4196,9986.68
4197,9986.68
4198,9986.68
4199,9986.68
4200,9986.68
4201,9986.68
4202,9986.68
4203,9986.68
4204,9986.68
4205,9986.68
4206,9986.68
4207,9986.68
4208,9986.68
4209,9986.68
4210,9986.68
4211,9986.68
4212,9986.68
4213,9986.68
4214,9986.68
4215,9986.68
4216,9986.68
4217,9986.68
4218,9986.68
4219,9986.68
4220,9986.68
4221,9986.68
4222,9986.68
4223,9986.68
4224,9986.68
4225,9986.68
4226,9986.68
4227,9986.68
4228,9986.68
4229,9986.68
4230,9986.68
4231,9986.68
4232,9986.68
4233,9986.68
4234,9986.68
4235,9986.68
4236,9986.68
4237,9986.68
4238,9986.68
4239,9986.68
4240,9986.68
4241,9986.68
4242,9986.68
4243,9986.68
4244,9986.68
4245,9986.68
4246,9986.68
4247,9986.68
4248,9986.68
4249,9986.68
4250,9986.68
4251,9986.68
4252,9986.68
4253,9986.68
4254,9986.68
4255,9986.68
4256,9986.68
4257,9986.68
4258,9986.68
4259,9986.68
4260,9986.68
4261,9986.68
4262,9986.68
4263,9986.68
4264,9986.68
4265,9986.68
4266,9986.68
4267,9986.68
4268,9986.68
4269,9986.68
4270,9986.68
4271,9986.68
4272,9986.68
4273,9986.68
4274,9986.68
4275,9986.68
4276,9986.68
4277,9986.68
4278,9986.68
4279,9986.68
4280,9986.68
4281,9986.68
4282,9986.68
4283,9986.68
4284,9986.68
4285,9986.68
4286,9986.68
4287,9986.68
4288,9986.68
4289,9986.68
4290,9986.68
4291,9986.68
4292,9986.68
4293,9986.68
4294,9986.68
4295,9986.68
4296,9986.68
4297,9986.68
4298,9986.68
4299,9986.68
4300,9986.68
4301,9986.68
4302,9986.68
4303,9986.68
4304,9986.68
4305,9986.68
4306,9986.68
4307,9986.68
4308,9986.68
4309,9986.68
4310,9986.68
4311,9986.68
4312,9986.68
4313,9986.68
4314,9986.68
4315,9986.68
4316,9986.68
4316.64,9986.68
4317,9986.36
4317.96,9985.49
4318,9985.49
4318.96,9985.49
4319,9985.49
4319.22,9985.49
4319.96,9985.49
4319.96,9985.49
4320,9985.49
4321,9985.45
4321.12,9985.45
4322,9985.45
4323,9985.45
4324,9985.45
4325,9985.45
4326,9985.45
4327,9985.45
4328,9985.45
4329,9985.45
4330,9985.45
4331,9985.45
4332,9985.45
4333,9985.45
4334,9985.45
4335,9985.45
4336,9985.45
4337,9985.45
4338,9985.45
4339,9985.45
4340,9985.45
4341,9985.45
4342,9985.45
4343,9985.45
4344,9985.45
4345,9985.45
4346,9985.45
4347,9985.45
4348,9985.45
4349,9985.45
4350,9985.45
4351,9985.45
4352,9985.45
4353,9985.45
4354,9985.45
4355,9985.45
4356,9985.45
4357,9985.45
4358,9985.45
4359,9985.45
4360,9985.45
4361,9985.45
4362,9985.45
4363,9985.45
4364,9985.45
4365,9985.45
4366,9985.45
4367,9985.45
4368,9985.45
4369,9985.45
4370,9985.45
4371,9985.45
4372,9985.45
4373,9985.45
4374,9985.45
4375,9985.45
4376,9985.45
4377,9985.45
4378,9985.45
4379,9985.45
4380,9985.45
4381,9985.45
4382,9985.45
4383,9985.45
4384,9985.45
4385,9985.45
4386,9985.45
4387,9985.45
4388,9985.45
4389,9985.45
4390,9985.45
4391,9985.45
4392,9985.45
4393,9985.45
4394,9985.45
4395,9985.45
4396,9985.45
4397,9985.45
4398,9985.45
4399,9985.45
4400,9985.45
4401,9985.45
4402,9985.45
4403,9985.45
4404,9985.45
4405,9985.45
4406,9985.45
4407,9985.45
4408,9985.45
4409,9985.45
4410,9985.45
4411,9985.45
4412,9985.45
4413,9985.45
4414,9985.45
4415,9985.45
4416,9985.45
4417,9985.45
4418,9985.45
4419,9985.45
4420,9985.45
4421,9985.45
4422,9985.45
4423,9985.45
4424,9985.45
4425,9985.45
4426,9985.45
4427,9985.45
4428,9985.45
4429,9985.45
4430,9985.45
4431,9985.45
4432,9985.45
4433,9985.45
4434,9985.45
4435,9985.45
4436,9985.45
4437,9985.45
4438,9985.45
4439,9985.45
4440,9985.45
4441,9985.45
4442,9985.45
4443,9985.45
4444,9985.45
4445,9985.45
4446,9985.45
4447,9985.45
4448,9985.45
4449,9985.45
4450,9985.45
4451,9985.45
4452,9985.45
4453,9985.45
4454,9985.45
4455,9985.45
4456,9985.45
4457,9985.45
4458,9985.45
4459,9985.45
4460,9985.45
4461,9985.45
4462,9985.45
4463,9985.45
4464,9985.45
4465,9985.45
4466,9985.45
4467,9985.45
4468,9985.45
4469,9985.45
4470,9985.45
4471,9985.45
4472,9985.45
4473,9985.45
4474,9985.45
4475,9985.45
4476,9985.45
4477,9985.45
4478,9985.45
4479,9985.45
4480,9985.45
4481,9985.45
4482,9985.45
4483,9985.45
4484,9985.45
4485,9985.45
4486,9985.45
4487,9985.45
4488,9985.45
4489,9985.45
4490,9985.45
4491,9985.45
4492,9985.45
4493,9985.45
4494,9985.45
4495,9985.45
4496,9985.45
4497,9985.45
4498,9985.45
4499,9985.45
4500,9985.45
4501,9985.45
4502,9985.45
4503,9985.45
4504,9985.45
4505,9985.45
4506,9985.45
4507,9985.45
4508,9985.45
4509,9985.45
4510,9985.45
4511,9985.45
4512,9985.45
4513,9985.45
4514,9985.45
4515,9985.45
4516,9985.45
4517,9985.45
4518,9985.45
4519,9985.45
4520,9985.45
4521,9985.45
4522,9985.45
4523,9985.45
4524,9985.45
4525,9985.45
4526,9985.45
4527,9985.45
4528,9985.45
4529,9985.45
4530,9985.45
4531,9985.45
4532,9985.45
4533,9985.45
4534,9985.45
4535,9985.45
4536,9985.45
4537,9985.45
4538,9985.45
4539,9985.45
4540,9985.45
4541,9985.45
4542,9985.45
4543,9985.45
4544,9985.45
4545,9985.45
4546,9985.45
4547,9985.45
4548,9985.45
4549,9985.45
4550,9985.45
4551,9985.45
4552,9985.45
4553,9985.45
4554,9985.45
4555,9985.45
4556,9985.45
4557,9985.45
4558,9985.45
4559,9985.45
4560,9985.45
4561,9985.45
4562,9985.45
4563,9985.45
4564,9985.45
4565,9985.45
4566,9985.45
4567,9985.45
4568,9985.45
4569,9985.45
4570,9985.45
4571,9985.45
4572,9985.45
4573,9985.45
4574,9985.45
4575,9985.45
4576,9985.45
4577,9985.45
4578,9985.45
4579,9985.45
4580,9985.45
4581,9985.45
4582,9985.45
4583,9985.45
4584,9985.45
4585,9985.45
4586,9985.45
4587,9985.45
4588,9985.45
4589,9985.45
4590,9985.45
4591,9985.45
4592,9985.45
4593,9985.45
4594,9985.45
4595,9985.45
4596,9985.45
4597,9985.45
4598,9985.45
4599,9985.45
4600,9985.45
4601,9985.45
4602,9985.45
4603,9985.45
4604,9985.45
4605,9985.45
4606,9985.45
4607,9985.45
4608,9985.45
4609,9985.45
4610,9985.45
4611,9985.45
4612,9985.45
4613,9985.45
4614,9985.45
4615,9985.45
4616,9985.45
4617,9985.45
4618,9985.45
4619,9985.45
4620,9985.45
4621,9985.45
4622,9985.45
4623,9985.45
4624,9985.45
4625,9985.45
4626,9985.45
4627,9985.45
4628,9985.45
4629,9985.45
4630,9985.45
4631,9985.45
4632,9985.45
4633,9985.45
4634,9985.45
4635,9985.45
4636,9985.45
4637,9985.45
4638,9985.45
4639,9985.45
4640,9985.45
4641,9985.45
4642,9985.45
4643,9985.45
4644,9985.45
4645,9985.45
4646,9985.45
4647,9985.45
4648,9985.45
4649,9985.45
4650,9985.45
4651,9985.45
4652,9985.45
4653,9985.45
4654,9985.45
4655,9985.45
4656,9985.45
4657,9985.45
4658,9985.45
4659,9985.45
4660,9985.45
4661,9985.45
4662,9985.45
4663,9985.45
4664,9985.45
4665,9985.45
4666,9985.45
4667,9985.45
4668,9985.45
4669,9985.45
4670,9985.45
4671,9985.45
4672,9985.45
4673,9985.45
4674,9985.45
4675,9985.45
4676,9985.45
4677,9985.45
4678,9985.45
4679,9985.45
4680,9985.45
4681,9985.45
4682,9985.45
4683,9985.45
4684,9985.45
4685,9985.45
4686,9985.45
4687,9985.45
4688,9985.45
4689,9985.45
4690,9985.45
4691,9985.45
4692,9985.45
4693,9985.45
4694,9985.45
4695,9985.45
4696,9985.45
4697,9985.45
4698,9985.45
4699,9985.45
4700,9985.45
4701,9985.45
4702,9985.45
4703,9985.45
4704,9985.45
4705,9985.45
4706,9985.45
4707,9985.45
4708,9985.45
4709,9985.45
4710,9985.45
4711,9985.45
4712,9985.45
4713,9985.45
4714,9985.45
4715,9985.45
4716,9985.45
4717,9985.45
4718,9985.45
4719,9985.45
4720,9985.45
4721,9985.45
4722,9985.45
4723,9985.45
4724,9985.45
4725,9985.45
4726,9985.45
4727,9985.45
4728,9985.45
4729,9985.45
4730,9985.45
4731,9985.45
4732,9985.45
4733,9985.45
4734,9985.45
4735,9985.45
4736,9985.45
4737,9985.45
4738,9985.45
4739,9985.45
4740,9985.45
4741,9985.45
4742,9985.45
4743,9985.45
4744,9985.45
4745,9985.45
4746,9985.45
4747,9985.45
4748,9985.45
4749,9985.45
4750,9985.45
4751,9985.45
4752,9985.45
4753,9985.45
4754,9985.45
4755,9985.45
4756,9985.45
4757,9985.45
4758,9985.45
4759,9985.45
4760,9985.45
4761,9985.45
4762,9985.45
4763,9985.45
4764,9985.45
4765,9985.45
4766,9985.45
4767,9985.45
4768,9985.45
4769,9985.45
4770,9985.45
4771,9985.45
4772,9985.45
4773,9985.45
4774,9985.45
4775,9985.45
4776,9985.45
4777,9985.45
4778,9985.45
4779,9985.45
4780,9985.45
4781,9985.45
4782,9985.45
4783,9985.45
4784,9985.45
4785,9985.45
4786,9985.45
4787,9985.45
4788,9985.45
4789,9985.45
4790,9985.45
4791,9985.45
4792,9985.45
4793,9985.45
4794,9985.45
4795,9985.44
4796,9985.44
4797,9985.44
4798,9985.44
4799,9985.44
4800,9985.44
4801,9985.44
4802,9985.44
4803,9985.44
4804,9985.44
4805,9985.44
4806,9985.44
4807,9985.44
4808,9985.44
4809,9985.44
4810,9985.44
4811,9985.44
4812,9985.44
4813,9985.44
4814,9985.44
4815,9985.44
4816,9985.44
4817,9985.44
4818,9985.44
4819,9985.44
4820,9985.44
4821,9985.44
4822,9985.44
4823,9985.44
4824,9985.44
4825,9985.44
4826,9985.44
4827,9985.44
4828,9985.44
4829,9985.44
4830,9985.44
4831,9985.44
4832,9985.44
4833,9985.44
4834,9985.44
4835,9985.44
4836,9985.44
4837,9985.44
4838,9985.44
4839,9985.44
4840,9985.44
4841,9985.44
4842,9985.44
4843,9985.44
4844,9985.44
4845,9985.44
4846,9985.44
4847,9985.44
4848,9985.44
4849,9985.44
4850,9985.44
4851,9985.44
4852,9985.44
4853,9985.44
4854,9985.44
4855,9985.44
4856,9985.44
4857,9985.44
4858,9985.44
4859,9985.44
4860,9985.44
4861,9985.44
4862,9985.44
4863,9985.44
4863.78,9985.44
4864,9985.25
4864.52,9984.78
4865,9984.78
4865.52,9984.78
4865.65,9984.78
4866,9984.78
4866.52,9984.78
4866.78,9984.77
4867,9984.77
4868,9984.77
4869,9984.77
4870,9984.77
4871,9984.77
4872,9984.77
4873,9984.77
4874,9984.77
4875,9984.77
4876,9984.77
4877,9984.77
4878,9984.77
4879,9984.77
4880,9984.77
4881,9984.77
4882,9984.77
4883,9984.77
4884,9984.77
4885,9984.77
4886,9984.77
4887,9984.77
4888,9984.77
4889,9984.77
4890,9984.77
4891,9984.77
4892,9984.77
4893,9984.77
4894,9984.77
4895,9984.77
4896,9984.77
4897,9984.77
4898,9984.77
4899,9984.77
4900,9984.77
4901,9984.77
4902,9984.77
4903,9984.77
4904,9984.77
4905,9984.77
4906,9984.77
4907,9984.77
4908,9984.77
4909,9984.77
4910,9984.77
4911,9984.77
4912,9984.77
4913,9984.77
4914,9984.77
4915,9984.77
4916,9984.77
4917,9984.77
4918,9984.77
4919,9984.77
4920,9984.77
4921,9984.77
4922,9984.77
4923,9984.77
4924,9984.77
4925,9984.77
4926,9984.77
4927,9984.77
4928,9984.77
4929,9984.77
4930,9984.77
4931,9984.77
4932,9984.77
4933,9984.77
4934,9984.77
4935,9984.77
4936,9984.77
4937,9984.77
4937.18,9984.77
4938,9984.03
4938.49,9983.58
4939,9983.58
4939.49,9983.58
4939.76,9983.58
4940,9983.58
4940.49,9983.58
4940.5,9983.58
4941,9983.56
4941.49,9983.55
4942,9983.55
4943,9983.55
4944,9983.55
4945,9983.55
4946,9983.55
4947,9983.55
4948,9983.55
4949,9983.55
4950,9983.55
4951,9983.55
4952,9983.55
4953,9983.55
4954,9983.55
4955,9983.55
4956,9983.55
4957,9983.55
4958,9983.55
4959,9983.55
4960,9983.55
4961,9983.55
4962,9983.55
4963,9983.55
4964,9983.55
4965,9983.55
4966,9983.55
4967,9983.55
4968,9983.55
4969,9983.55
4970,9983.55
4971,9983.55
4972,9983.55
4973,9983.55
4974,9983.55
4975,9983.55
4976,9983.55
4977,9983.55
4978,9983.55
4979,9983.55
4980,9983.55
4981,9983.55
4982,9983.55
4983,9983.55
4984,9983.55
4985,9983.55
4986,9983.55
4987,9983.55
4988,9983.55
4989,9983.55
4990,9983.55
4991,9983.55
4992,9983.55
4993,9983.55
4994,9983.55
4995,9983.55
4996,9983.55
4997,9983.55
4998,9983.55
4999,9983.55
5000,9983.55
5001,9983.55
5002,9983.55
5003,9983.55
5004,9983.55
5005,9983.55
5006,9983.55
5007,9983.55
5008,9983.55
5009,9983.55
5010,9983.55
5011,9983.55
5012,9983.55
5013,9983.55
5014,9983.55
5015,9983.55
5016,9983.55
5017,9983.55
5018,9983.55
5019,9983.55
5020,9983.55
5021,9983.55
5022,9983.55
5023,9983.55
5024,9983.55
5025,9983.55
5026,9983.55
5027,9983.55
5028,9983.55
5029,9983.55
5030,9983.55
5031,9983.55
5032,9983.55
5033,9983.55
5034,9983.55
5035,9983.55
5036,9983.55
5037,9983.55
5038,9983.55
5039,9983.55
5040,9983.55
5041,9983.55
5042,9983.55
5043,9983.55
5044,9983.55
5045,9983.55
5046,9983.55
5047,9983.55
5048,9983.55
5049,9983.55
5050,9983.55
5051,9983.55
5052,9983.55
5053,9983.55
5054,9983.55
5055,9983.55
5056,9983.55
5057,9983.55
5058,9983.55
5059,9983.55
5060,9983.55
5061,9983.55
5062,9983.55
5063,9983.55
5064,9983.55
5065,9983.55
5066,9983.55
5067,9983.55
5068,9983.55
5069,9983.55
5070,9983.55
5071,9983.55
5072,9983.55
5073,9983.55
5074,9983.55
5075,9983.55
5076,9983.55
5077,9983.55
5078,9983.55
5079,9983.55
5080,9983.55
5081,9983.55
5082,9983.55
5083,9983.55
5084,9983.55
5085,9983.55
5086,9983.55
5087,9983.55
5088,9983.55
5089,9983.55
5090,9983.55
5091,9983.55
5092,9983.55
5093,9983.55
5094,9983.55
5095,9983.55
5096,9983.55
5097,9983.55
5098,9983.55
5099,9983.55
5100,9983.55
5101,9983.55
5102,9983.55
5103,9983.55
5104,9983.55
5105,9983.55
5106,9983.55
5107,9983.55
5108,9983.55
5109,9983.55
5110,9983.55
5111,9983.55
5112,9983.55
5113,9983.55
5114,9983.55
5115,9983.55
5116,9983.55
5117,9983.55
5118,9983.55
5119,9983.55
5120,9983.55
5121,9983.55
5122,9983.55
5123,9983.55
5124,9983.55
5125,9983.55
5126,9983.55
5127,9983.55
5128,9983.55
5129,9983.55
5130,9983.55
5131,9983.55
5132,9983.55
5133,9983.55
5134,9983.55
5135,9983.55
5136,9983.55
5137,9983.55
5138,9983.55
5139,9983.55
5140,9983.55
5141,9983.55
5142,9983.55
5143,9983.55
5144,9983.55
5145,9983.55
5146,9983.55
5147,9983.55
5148,9983.55
5149,9983.55
5150,9983.55
5151,9983.55
5152,9983.55
5153,9983.55
5154,9983.55
5155,9983.55
5156,9983.55
5157,9983.55
5158,9983.55
5159,9983.55
5160,9983.55
5161,9983.55
5162,9983.55
5163,9983.55
5164,9983.55
5165,9983.55
5166,9983.55
5167,9983.55
5168,9983.55
5169,9983.55
5170,9983.55
5171,9983.55
5172,9983.55
5173,9983.55
5174,9983.55
5175,9983.55
5176,9983.55
5177,9983.55
5178,9983.55
5179,9983.55
5180,9983.55
5181,9983.55
5182,9983.55
5183,9983.55
5184,9983.55
5185,9983.55
5186,9983.55
5187,9983.55
5188,9983.55
5189,9983.55
5190,9983.55
5191,9983.55
5192,9983.55
5193,9983.55
5194,9983.55
5195,9983.55
5196,9983.55
5197,9983.55
5198,9983.55
5199,9983.55
5200,9983.55
5201,9983.55
5202,9983.55
5203,9983.55
5204,9983.55
5205,9983.55
5206,9983.55
5207,9983.55
5208,9983.55
5209,9983.55
5210,9983.55
5211,9983.55
5212,9983.55
5213,9983.55
5214,9983.55
5215,9983.55
5216,9983.55
5217,9983.55
5218,9983.55
5219,9983.55
5220,9983.55
5221,9983.55
5222,9983.55
5223,9983.55
5224,9983.55
5225,9983.55
5226,9983.55
5227,9983.55
5228,9983.55
5229,9983.55
5230,9983.55
5231,9983.55
5232,9983.55
5233,9983.55
5234,9983.55
5235,9983.55
5236,9983.55
5237,9983.55
5238,9983.55
5239,9983.55
5240,9983.55
5241,9983.55
5242,9983.55
5243,9983.55
5244,9983.55
5245,9983.55
5246,9983.55
5247,9983.55
5248,9983.55
5249,9983.55
5250,9983.55
5251,9983.55
5252,9983.55
5253,9983.55
5254,9983.55
5255,9983.55
5256,9983.55
5257,9983.55
5258,9983.55
5259,9983.55
5260,9983.55
5261,9983.55
5262,9983.55
5263,9983.55
5264,9983.55
5265,9983.55
5266,9983.55
5267,9983.55
5268,9983.55
5269,9983.55
5270,9983.55
5271,9983.55
5272,9983.55
5273,9983.55
5274,9983.55
5275,9983.55
5276,9983.55
5277,9983.55
5278,9983.55
5279,9983.55
5280,9983.55
5281,9983.55
5282,9983.55
5283,9983.55
5284,9983.55
5285,9983.55
5286,9983.55
5287,9983.55
5288,9983.55
5289,9983.55
5290,9983.55
5291,9983.55
5292,9983.55
5293,9983.55
5294,9983.55
5295,9983.55
5296,9983.55
5297,9983.55
5298,9983.55
5299,9983.55
5300,9983.55
5301,9983.55
5302,9983.55
5303,9983.55
5304,9983.55
5305,9983.54
5306,9983.54
5307,9983.54
5308,9983.54
5309,9983.54
5310,9983.54
5311,9983.54
5312,9983.54
5313,9983.54
5314,9983.54
5315,9983.54
5316,9983.54
5317,9983.54
5318,9983.54
5319,9983.54
5320,9983.54
5321,9983.54
5322,9983.54
5323,9983.54
5324,9983.54
5325,9983.54
5326,9983.54
5327,9983.54
5328,9983.54
5329,9983.54
5330,9983.54
5331,9983.54
5332,9983.54
5333,9983.54
5334,9983.54
5335,9983.54
5336,9983.54
5337,9983.54
5338,9983.54
5339,9983.54
5340,9983.54
5341,9983.54
5342,9983.54
5343,9983.54
5344,9983.54
5345,9983.54
5346,9983.54
5347,9983.54
5348,9983.54
5349,9983.54
5350,9983.54
5351,9983.54
5352,9983.54
5353,9983.54
5354,9983.54
5355,9983.54
5356,9983.54
5357,9983.54
5358,9983.54
5359,9983.54
5360,9983.54
5361,9983.54
5362,9983.54
5363,9983.54
5364,9983.54
5365,9983.54
5366,9983.54
5367,9983.54
5368,9983.54
5369,9983.54
5370,9983.54
5371,9983.54
5372,9983.54
5373,9983.54
5374,9983.54
5375,9983.54
5376,9983.54
5377,9983.54
5378,9983.54
5379,9983.54
5380,9983.54
5381,9983.54
5382,9983.54
5383,9983.54
5384,9983.54
5385,9983.54
5386,9983.54
5387,9983.54
5388,9983.54
5389,9983.54
5390,9983.54
5391,9983.54
5392,9983.54
5393,9983.54
5394,9983.54
5395,9983.54
5396,9983.54
5397,9983.54
5398,9983.54
5399,9983.54
5400,9983.54
5401,9983.54
5402,9983.54
5403,9983.54
5404,9983.54
5405,9983.54
5406,9983.54
5407,9983.54
5408,9983.54
5409,9983.54
5410,9983.54
5411,9983.54
5412,9983.54
5413,9983.54
5414,9983.54
5415,9983.54
5416,9983.54
5417,9983.54
5418,9983.54
5419,9983.54
5420,9983.54
5421,9983.54
5422,9983.54
5423,9983.54
5424,9983.54
5425,9983.54
5426,9983.54
5427,9983.54
5428,9983.54
5429,9983.54
5430,9983.54
5431,9983.54
5432,9983.54
5433,9983.54
5434,9983.54
5435,9983.54
5436,9983.54
5437,9983.54
5438,9983.54
5439,9983.54
5440,9983.54
5441,9983.54
5442,9983.54
5443,9983.54
5444,9983.54
5445,9983.54
5446,9983.54
5447,9983.54
5448,9983.54
5449,9983.54
5450,9983.54
5451,9983.54
5452,9983.54
5453,9983.54
5454,9983.54
5455,9983.54
5456,9983.54
5457,9983.54
5458,9983.54
5459,9983.54
5460,9983.54
5461,9983.54
5462,9983.54
5463,9983.54
5464,9983.54
5465,9983.54
5466,9983.54
5467,9983.54
5468,9983.54
5469,9983.54
5470,9983.54
5471,9983.54
5472,9983.54
5473,9983.54
5474,9983.54
5475,9983.54
5476,9983.54
5477,9983.54
5478,9983.54
5479,9983.54
5480,9983.54
5481,9983.54
5482,9983.54
5483,9983.54
5484,9983.54
5485,9983.54
5486,9983.54
5487,9983.54
5488,9983.54
5489,9983.54
5490,9983.54
5491,9983.54
5492,9983.54
5493,9983.54
5494,9983.54
5495,9983.54
5496,9983.54
5497,9983.54
5498,9983.54
5499,9983.54
5500,9983.54
5501,9983.54
5502,9983.54
5503,9983.54
5504,9983.54
5505,9983.54
5506,9983.54
5507,9983.54
5508,9983.54
5509,9983.54
5510,9983.54
5511,9983.54
5512,9983.54
5513,9983.54
5514,9983.54
5515,9983.54
5516,9983.54
5517,9983.54
5518,9983.54
5519,9983.54
5520,9983.54
5521,9983.54
5522,9983.54
5523,9983.54
5524,9983.54
5525,9983.54
5526,9983.54
5527,9983.54
5528,9983.54
5529,9983.54
5530,9983.54
5531,9983.54
5532,9983.54
5533,9983.54
5534,9983.54
5535,9983.54
5536,9983.54
5537,9983.54
5538,9983.54
5539,9983.54
5540,9983.54
5541,9983.54
5542,9983.54
5543,9983.54
5544,9983.54
5545,9983.54
5546,9983.54
5547,9983.54
5548,9983.54
5549,9983.54
5550,9983.54
5551,9983.54
5552,9983.54
5553,9983.54
5554,9983.54
5555,9983.54
5556,9983.54
5557,9983.54
5558,9983.54
5559,9983.54
5560,9983.54
5561,9983.54
5562,9983.54
5563,9983.54
5564,9983.54
5565,9983.54
5566,9983.54
5567,9983.54
5568,9983.54
5569,9983.54
5570,9983.54
5571,9983.54
5572,9983.54
5573,9983.54
5574,9983.54
5575,9983.54
5576,9983.54
5577,9983.54
5578,9983.54
5579,9983.54
5580,9983.54
5581,9983.54
5582,9983.54
5583,9983.54
5584,9983.54
5585,9983.54
5586,9983.54
5587,9983.54
5588,9983.54
5589,9983.54
5590,9983.54
5591,9983.54
5592,9983.54
5593,9983.54
5594,9983.54
5595,9983.54
5596,9983.54
5597,9983.54
5598,9983.54
5599,9983.54
5600,9983.54
5601,9983.54
5602,9983.54
5603,9983.54
5604,9983.54
5605,9983.54
5606,9983.54
5607,9983.54
5608,9983.54
5609,9983.54
5610,9983.54
5611,9983.54
5612,9983.54
5613,9983.54
5614,9983.54
5615,9983.54
5616,9983.54
5617,9983.54
5618,9983.54
5619,9983.54
5620,9983.54
5621,9983.54
5622,9983.54
5623,9983.54
5624,9983.54
5625,9983.54
5626,9983.54
5627,9983.54
5628,9983.54
5629,9983.54
5630,9983.54
5631,9983.54
5632,9983.54
5633,9983.54
5634,9983.54
5635,9983.54
5636,9983.54
5637,9983.54
5638,9983.54
5639,9983.54
5640,9983.54
5641,9983.54
5642,9983.54
5643,9983.54
5644,9983.54
5645,9983.54
5646,9983.54
5647,9983.54
5648,9983.54
5649,9983.54
5650,9983.54
5651,9983.54
5652,9983.54
5653,9983.54
5654,9983.54
5655,9983.54
5656,9983.54
5657,9983.54
5658,9983.54
5659,9983.54
5660,9983.54
5661,9983.54
5662,9983.54
5663,9983.54
5664,9983.54
5665,9983.54
5666,9983.54
5667,9983.54
5668,9983.54
5669,9983.54
5670,9983.54
5671,9983.54
5672,9983.54
5673,9983.54
5674,9983.54
5675,9983.54
5676,9983.54
5677,9983.54
5678,9983.54
5679,9983.54
5680,9983.54
5681,9983.54
5682,9983.54
5683,9983.54
5684,9983.54
5685,9983.54
5686,9983.54
5687,9983.54
5688,9983.54
5689,9983.54
5690,9983.54
5691,9983.54
5692,9983.54
5693,9983.54
5694,9983.54
5695,9983.54
5696,9983.54
5697,9983.54
5698,9983.54
5699,9983.54
5700,9983.54
5701,9983.54
5702,9983.54
5703,9983.54
5704,9983.54
5705,9983.54
5706,9983.54
5707,9983.54
5708,9983.54
5709,9983.54
5710,9983.54
5711,9983.54
5712,9983.54
5713,9983.54
5714,9983.54
5715,9983.54
5716,9983.54
5717,9983.54
5718,9983.54
5719,9983.54
5720,9983.54
5721,9983.54
5722,9983.54
5723,9983.54
5724,9983.54
5725,9983.54
5726,9983.54
5727,9983.54
5728,9983.54
5729,9983.54
5730,9983.54
5731,9983.54
5732,9983.54
5733,9983.54
5734,9983.54
5735,9983.54
5736,9983.54
5737,9983.54
5738,9983.54
5739,9983.54
5740,9983.54
5741,9983.54
5742,9983.54
5743,9983.54
5744,9983.54
5745,9983.54
5746,9983.54
5747,9983.54
5748,9983.54
5749,9983.54
5750,9983.54
5751,9983.54
5752,9983.54
5753,9983.54
5754,9983.54
5755,9983.54
5756,9983.54
5757,9983.54
5758,9983.54
5759,9983.54
5760,9983.54
5761,9983.54
5762,9983.54
5763,9983.54
5764,9983.54
5765,9983.54
5766,9983.54
5767,9983.54
5768,9983.54
5769,9983.54
5770,9983.54
5771,9983.54
5772,9983.54
5773,9983.54
5774,9983.54
5775,9983.54
5776,9983.54
5777,9983.54
5778,9983.54
5779,9983.54
5780,9983.54
5781,9983.54
5782,9983.54
5783,9983.54
5784,9983.54
5785,9983.54
5786,9983.54
5787,9983.54
5788,9983.54
5789,9983.54
5790,9983.54
5791,9983.54
5792,9983.54
5793,9983.54
5794,9983.54
5795,9983.54
5796,9983.54
5797,9983.54
5798,9983.54
5799,9983.54
5800,9983.54
5801,9983.54
5802,9983.54
5803,9983.54
5804,9983.54
5805,9983.54
5806,9983.54
5807,9983.54
5808,9983.54
5809,9983.54
5810,9983.54
5811,9983.54
5812,9983.54
5813,9983.54
5814,9983.54
5815,9983.54
5816,9983.54
5817,9983.54
5818,9983.54
5819,9983.54
5820,9983.54
5821,9983.54
5822,9983.54
5823,9983.54
5824,9983.54
5825,9983.54
5826,9983.54
5827,9983.54
5828,9983.54
5829,9983.54
5830,9983.54
5831,9983.54
5832,9983.54
5833,9983.54
5834,9983.54
5835,9983.54
5836,9983.54
5837,9983.54
5838,9983.54
5839,9983.54
5840,9983.54
5841,9983.54
5842,9983.54
5843,9983.54
5844,9983.54
5845,9983.54
5846,9983.54
5847,9983.54
5848,9983.54
5849,9983.54
5850,9983.54
5851,9983.54
5852,9983.54
5853,9983.54
5854,9983.54
5855,9983.54
5856,9983.54
5857,9983.54
5858,9983.54
5859,9983.54
5860,9983.54
5861,9983.54
5862,9983.54
5863,9983.54
5864,9983.54
5865,9983.54
5866,9983.54
5867,9983.54
5868,9983.54
5869,9983.54
5870,9983.54
5871,9983.54
5872,9983.54
5873,9983.54
5874,9983.54
5875,9983.54
5876,9983.54
5877,9983.54
5878,9983.54
5879,9983.54
5880,9983.54
5881,9983.54
5882,9983.54
5883,9983.54
5884,9983.54
5885,9983.54
5886,9983.54
5887,9983.54
5888,9983.54
5889,9983.54
5890,9983.54
5891,9983.54
5892,9983.54
5893,9983.54
5894,9983.54
5895,9983.54
5896,9983.54
5897,9983.54
5898,9983.54
5899,9983.54
5900,9983.54
5901,9983.54
5902,9983.54
5903,9983.54
5904,9983.54
5905,9983.54
5906,9983.54
5907,9983.54
5908,9983.54
5909,9983.54
5910,9983.54
5911,9983.54
5912,9983.54
5913,9983.54
5914,9983.54
5915,9983.54
5916,9983.54
5917,9983.54
5918,9983.54
5919,9983.54
5920,9983.54
5921,9983.54
5922,9983.54
5923,9983.54
5924,9983.54
5925,9983.54
5926,9983.54
5927,9983.54
5928,9983.54
5929,9983.54
5930,9983.54
5931,9983.54
5932,9983.54
5933,9983.54
5934,9983.54
5935,9983.54
5936,9983.54
5937,9983.54
5938,9983.54
5939,9983.54
5940,9983.54
5941,9983.54
5942,9983.54
5943,9983.54
5944,9983.54
5945,9983.54
5946,9983.54
5947,9983.54
5948,9983.54
5949,9983.54
5950,9983.54
5951,9983.54
5952,9983.54
5953,9983.54
5954,9983.54
5955,9983.54
5956,9983.54
5957,9983.54
5958,9983.54
5959,9983.54
5960,9983.54
5961,9983.54
5962,9983.54
5963,9983.54
5964,9983.54
5965,9983.54
5966,9983.54
5967,9983.54
5968,9983.54
5969,9983.54
5970,9983.54
5971,9983.54
5972,9983.54
5973,9983.54
5974,9983.54
5975,9983.54
5976,9983.54
5977,9983.54
5978,9983.54
5979,9983.54
5980,9983.54
5981,9983.54
5982,9983.54
5983,9983.54
5984,9983.54
5985,9983.54
5986,9983.54
5987,9983.54
5988,9983.54
5989,9983.54
5990,9983.54
5991,9983.54
5992,9983.54
5993,9983.54
5994,9983.54
5995,9983.54
5996,9983.54
5997,9983.54
5998,9983.54
5999,9983.54
6000,9983.54
6001,9983.54
6002,9983.54
6003,9983.54
6004,9983.54
6005,9983.54
6006,9983.54
6007,9983.54
6008,9983.54
6009,9983.54
6010,9983.54
6011,9983.54
6012,9983.54
6013,9983.54
6014,9983.54
6015,9983.54
6016,9983.54
6017,9983.54
6018,9983.54
6019,9983.54
6020,9983.54
6021,9983.54
6022,9983.54
6023,9983.54
6024,9983.54
6025,9983.54
6026,9983.54
6027,9983.54
6028,9983.54
6029,9983.54
6030,9983.54
6031,9983.54
6032,9983.54
6033,9983.54
6034,9983.54
6035,9983.54
6036,9983.54
6037,9983.54
6038,9983.54
6039,9983.54
6040,9983.54
6041,9983.54
6042,9983.54
6043,9983.54
6044,9983.54
6045,9983.54
6046,9983.54
6047,9983.54
6048,9983.54
6049,9983.54
6050,9983.54
6051,9983.54
6052,9983.54
6053,9983.54
6054,9983.54
6055,9983.54
6056,9983.54
6057,9983.54
6058,9983.54
6059,9983.54
6060,9983.54
6061,9983.54
6062,9983.54
6063,9983.54
6063.78,9983.54
6064,9983.34
6065,9982.44
6065.1,9982.35
6066,9982.35
6066.1,9982.35
6066.36,9982.35
6067,9982.35
6067.1,9982.35
6067.1,9982.35
6068,9982.32
6068.09,9982.31
6069,9982.31
6070,9982.31
6071,9982.31
6072,9982.31
6073,9982.31
6074,9982.31
6075,9982.31
6076,9982.31
6077,9982.31
6078,9982.31
6079,9982.31
6080,9982.31
6081,9982.31
6082,9982.31
6083,9982.31
6084,9982.31
6085,9982.31
6086,9982.31
6087,9982.31
6088,9982.31
6089,9982.31
6090,9982.31
6091,9982.31
6092,9982.31
6093,9982.31
6094,9982.31
6095,9982.31
6096,9982.31
6097,9982.31
6098,9982.31
6099,9982.31
6100,9982.31
6101,9982.31
6102,9982.31
6103,9982.31
6104,9982.31
6105,9982.31
6106,9982.31
6107,9982.31
6108,9982.31
6109,9982.31
6110,9982.31
6111,9982.31
6112,9982.31
6113,9982.31
6114,9982.31
6115,9982.31
6116,9982.31
6117,9982.31
6118,9982.31
6119,9982.31
6120,9982.31
6121,9982.31
6122,9982.31
6123,9982.31
6124,9982.31
6125,9982.31
6126,9982.31
6127,9982.31
6128,9982.31
6129,9982.31
6130,9982.31
6131,9982.31
6132,9982.31
6133,9982.31
6134,9982.31
6135,9982.31
6136,9982.31
6137,9982.31
6138,9982.31
6139,9982.31
6140,9982.31
6141,9982.31
6142,9982.31
6143,9982.31
6144,9982.31
6145,9982.31
6146,9982.31
6147,9982.31
6148,9982.31
6149,9982.31
6150,9982.31
6151,9982.31
6152,9982.31
6153,9982.31
6154,9982.31
6155,9982.31
6156,9982.31
6157,9982.31
6158,9982.31
6159,9982.31
6160,9982.31
6161,9982.31
6162,9982.31
6163,9982.31
6164,9982.31
6165,9982.31
6166,9982.31
6167,9982.31
6168,9982.31
6169,9982.31
6170,9982.31
6171,9982.31
6172,9982.31
6173,9982.31
6174,9982.31
6175,9982.31
6176,9982.31
6177,9982.31
6178,9982.31
6179,9982.31
6180,9982.31
6181,9982.31
6182,9982.31
6183,9982.31
6184,9982.31
6185,9982.31
6186,9982.31
6187,9982.31
6188,9982.31
6189,9982.31
6190,9982.31
6191,9982.31
6192,9982.31
6193,9982.31
6194,9982.31
6195,9982.31
6196,9982.31
6197,9982.31
6198,9982.31
6199,9982.31
6200,9982.31
6201,9982.31
6202,9982.31
6203,9982.31
6204,9982.31
6205,9982.31
6206,9982.31
6207,9982.31
6208,9982.31
6209,9982.31
6210,9982.31
6211,9982.31
6212,9982.31
6213,9982.31
6214,9982.31
6215,9982.31
6216,9982.31
6217,9982.31
6218,9982.31
6219,9982.31
6220,9982.31
6221,9982.31
6222,9982.31
6223,9982.31
6224,9982.31
6225,9982.31
6226,9982.31
6227,9982.31
6228,9982.31
6229,9982.31
6230,9982.31
6231,9982.31
6232,9982.31
6233,9982.31
6234,9982.31
6235,9982.31
6236,9982.31
6237,9982.31
6238,9982.31
6239,9982.31
6240,9982.31
6241,9982.31
6242,9982.31
6243,9982.31
6244,9982.31
6245,9982.31
6246,9982.31
6247,9982.31
6248,9982.31
6249,9982.31
6250,9982.31
6251,9982.31
6252,9982.31
6253,9982.31
6254,9982.31
6255,9982.31
6256,9982.31
6257,9982.31
6258,9982.31
6259,9982.31
6260,9982.31
6261,9982.31
6262,9982.31
6263,9982.31
6264,9982.31
6265,9982.31
6266,9982.31
6267,9982.31
6268,9982.31
6269,9982.31
6270,9982.31
6271,9982.31
6272,9982.31
6273,9982.31
6274,9982.31
6275,9982.31
6276,9982.31
6277,9982.31
6278,9982.31
6279,9982.31
6280,9982.31
6281,9982.31
6282,9982.31
6283,9982.31
6284,9982.31
6285,9982.31
6286,9982.31
6287,9982.31
6288,9982.31
6289,9982.31
6290,9982.31
6291,9982.31
6292,9982.31
6293,9982.31
6294,9982.31
6295,9982.31
6296,9982.31
6297,9982.31
6298,9982.31
6299,9982.31
6300,9982.31
6301,9982.31
6302,9982.31
6303,9982.31
6304,9982.31
6305,9982.31
6306,9982.31
6307,9982.31
6308,9982.31
6309,9982.31
6310,9982.31
6311,9982.31
6312,9982.31
6313,9982.31
6314,9982.31
6315,9982.31
6316,9982.31
6317,9982.31
6318,9982.31
6319,9982.31
6320,9982.31
6321,9982.31
6322,9982.31
6323,9982.31
6324,9982.31
6325,9982.31
6326,9982.31
6327,9982.31
6328,9982.31
6329,9982.31
6330,9982.31
6331,9982.31
6332,9982.31
6333,9982.31
6334,9982.31
6335,9982.31
6336,9982.31
6337,9982.31
6338,9982.31
6339,9982.31
6340,9982.31
6341,9982.31
6342,9982.31
6343,9982.31
6344,9982.31
6345,9982.31
6346,9982.31
6347,9982.31
6348,9982.31
6349,9982.31
6350,9982.31
6351,9982.31
6352,9982.31
6353,9982.31
6354,9982.31
6355,9982.31
6356,9982.31
6357,9982.31
6358,9982.31
6359,9982.31
6360,9982.31
6361,9982.31
6362,9982.31
6363,9982.31
6364,9982.31
6365,9982.31
6366,9982.31
6367,9982.31
6368,9982.31
6369,9982.31
6370,9982.31
6371,9982.31
6372,9982.31
6373,9982.31
6374,9982.31
6375,9982.31
6376,9982.31
6377,9982.31
6378,9982.31
6379,9982.31
6380,9982.31
6381,9982.31
6382,9982.31
6383,9982.31
6384,9982.31
6385,9982.31
6386,9982.31
6387,9982.31
6388,9982.31
6389,9982.31
6390,9982.31
6391,9982.31
6392,9982.31
6393,9982.31
6394,9982.31
6395,9982.31
6396,9982.31
6397,9982.31
6398,9982.31
6399,9982.31
6400,9982.31
6401,9982.31
6402,9982.31
6403,9982.31
6404,9982.31
6405,9982.31
6406,9982.31
6407,9982.31
6408,9982.31
6409,9982.31
6410,9982.31
6411,9982.31
6412,9982.31
6413,9982.31
6414,9982.31
6415,9982.31
6416,9982.31
6417,9982.31
6418,9982.31
6419,9982.31
6420,9982.31
6421,9982.31
6422,9982.31
6423,9982.31
6424,9982.31
6425,9982.31
6426,9982.31
6427,9982.31
6428,9982.31
6429,9982.31
6430,9982.31
6431,9982.31
6432,9982.31
6433,9982.31
6434,9982.31
6435,9982.31
6436,9982.31
6437,9982.31
6438,9982.31
6439,9982.31
6440,9982.31
6441,9982.31
6442,9982.31
6443,9982.31
6444,9982.31
6445,9982.31
6446,9982.31
6447,9982.31
6448,9982.31
6449,9982.31
6450,9982.31
6451,9982.31
6452,9982.31
6453,9982.31
6454,9982.31
6455,9982.31
6456,9982.31
6457,9982.31
6458,9982.31
6459,9982.31
6460,9982.31
6461,9982.31
6462,9982.31
6463,9982.31
6464,9982.31
6465,9982.31
6466,9982.31
6467,9982.31
6468,9982.31
6469,9982.31
6470,9982.31
6471,9982.31
6472,9982.31
6473,9982.31
6474,9982.31
6475,9982.31
6476,9982.31
6477,9982.31
6478,9982.31
6479,9982.31
6480,9982.31
6481,9982.31
6482,9982.31
6483,9982.31
6484,9982.31
6485,9982.31
6486,9982.31
6487,9982.31
6488,9982.31
6489,9982.31
6490,9982.31
6491,9982.31
6492,9982.31
6493,9982.31
6494,9982.31
6495,9982.31
6496,9982.31
6497,9982.31
6498,9982.31
6499,9982.31
6500,9982.31
6501,9982.31
6502,9982.31
6503,9982.31
6504,9982.31
6505,9982.31
6506,9982.31
6507,9982.31
6508,9982.31
6509,9982.31
6510,9982.31
6511,9982.31
6512,9982.31
6513,9982.31
6514,9982.31
6515,9982.31
6516,9982.31
6517,9982.31
6518,9982.31
6519,9982.31
6520,9982.31
6521,9982.31
6522,9982.31
6523,9982.31
6524,9982.31
6525,9982.31
6526,9982.31
6527,9982.31
6528,9982.31
6529,9982.31
6530,9982.31
6531,9982.31
6532,9982.31
6533,9982.31
6534,9982.31
6535,9982.31
6536,9982.31
6537,9982.31
6538,9982.31
6539,9982.31
6540,9982.31
6541,9982.31
6542,9982.31
6543,9982.31
6544,9982.31
6545,9982.31
6546,9982.31
6547,9982.31
6548,9982.31
6549,9982.31
6550,9982.31
6551,9982.31
6552,9982.31
6553,9982.31
6554,9982.31
6555,9982.31
6556,9982.31
6557,9982.31
6558,9982.31
6559,9982.31
6560,9982.31
6561,9982.31
6562,9982.31
6563,9982.31
6564,9982.31
6565,9982.31
6566,9982.31
6567,9982.31
6568,9982.31
6569,9982.31
6570,9982.31
6571,9982.31
6572,9982.31
6573,9982.31
6574,9982.31
6575,9982.31
6576,9982.31
6577,9982.31
6578,9982.31
6579,9982.31
6580,9982.31
6581,9982.31
6582,9982.31
6583,9982.31
6584,9982.31
6585,9982.31
6586,9982.31
6587,9982.31
6588,9982.31
6589,9982.31
6590,9982.31
6591,9982.31
6592,9982.31
6593,9982.31
6594,9982.31
6595,9982.31
6596,9982.31
6597,9982.31
6598,9982.31
6599,9982.31
6600,9982.31
6601,9982.31
6602,9982.31
6603,9982.31
6604,9982.31
6605,9982.31
6606,9982.31
6607,9982.31
6608,9982.31
6609,9982.31
6610,9982.31
6611,9982.31
6612,9982.31
6613,9982.31
6614,9982.31
6615,9982.31
6616,9982.31
6617,9982.31
6618,9982.31
6619,9982.31
6620,9982.31
6621,9982.31
6622,9982.31
6623,9982.31
6624,9982.31
6625,9982.31
6626,9982.31
6627,9982.31
6628,9982.31
6629,9982.31
6630,9982.31
6631,9982.31
6632,9982.31
6633,9982.31
6634,9982.31
6635,9982.31
6636,9982.31
6637,9982.31
6638,9982.31
6639,9982.31
6640,9982.31
6641,9982.31
6642,9982.31
6643,9982.31
6644,9982.31
6645,9982.31
6646,9982.31
6647,9982.31
6648,9982.31
6649,9982.31
6650,9982.31
6651,9982.31
6652,9982.31
6653,9982.31
6654,9982.31
6655,9982.31
6656,9982.31
6657,9982.31
6658,9982.31
6659,9982.31
6660,9982.31
6661,9982.31
6662,9982.31
6663,9982.31
6664,9982.31
6665,9982.31
6666,9982.31
6667,9982.31
6668,9982.31
6669,9982.31
6670,9982.31
6671,9982.31
6672,9982.31
6673,9982.31
6674,9982.31
6675,9982.31
6676,9982.31
6677,9982.31
6678,9982.31
6679,9982.31
6680,9982.31
6681,9982.31
6682,9982.31
6683,9982.31
6684,9982.31
6685,9982.31
6686,9982.31
6687,9982.31
6688,9982.31
6689,9982.31
6690,9982.31
6691,9982.31
6692,9982.31
6693,9982.31
6694,9982.31
6695,9982.31
6696,9982.31
6697,9982.31
6698,9982.31
6699,9982.31
6700,9982.31
6701,9982.31
6702,9982.31
6703,9982.31
6704,9982.31
6705,9982.31
6706,9982.31
6707,9982.31
6708,9982.31
6709,9982.31
6710,9982.31
6711,9982.31
6712,9982.31
6713,9982.31
6714,9982.31
6715,9982.31
6716,9982.31
6717,9982.31
6718,9982.31
6719,9982.31
6720,9982.31
6721,9982.31
6722,9982.31
6723,9982.31
6724,9982.31
6725,9982.31
6726,9982.31
6727,9982.31
6728,9982.31
6729,9982.31
6730,9982.31
6731,9982.31
6732,9982.31
6733,9982.31
6734,9982.31
6735,9982.31
6736,9982.31
6737,9982.31
6738,9982.31
6739,9982.31
6740,9982.31
6741,9982.31
6742,9982.31
6743,9982.31
6744,9982.31
6745,9982.31
6746,9982.31
6747,9982.31
6748,9982.31
6749,9982.31
6750,9982.31
6751,9982.31
6752,9982.31
6753,9982.31
6754,9982.31
6755,9982.31
6756,9982.31
6757,9982.31
6758,9982.31
6759,9982.31
6760,9982.31
6761,9982.31
6762,9982.31
6763,9982.31
6764,9982.31
6765,9982.31
6766,9982.31
6767,9982.31
6768,9982.31
6769,9982.31
6770,9982.31
6771,9982.31
6772,9982.31
6773,9982.31
6774,9982.31
6775,9982.31
6776,9982.31
6777,9982.31
6778,9982.31
6779,9982.31
6780,9982.31
6781,9982.31
6782,9982.31
6783,9982.31
6784,9982.31
6785,9982.31
6786,9982.31
6787,9982.31
6788,9982.31
6789,9982.31
6790,9982.31
6791,9982.31
6792,9982.31
6793,9982.31
6794,9982.31
6795,9982.31
6796,9982.31
6797,9982.31
6798,9982.31
6799,9982.31
6800,9982.31
6801,9982.31
6802,9982.31
6803,9982.31
6804,9982.31
6805,9982.31
6806,9982.31
6807,9982.31
6808,9982.31
6809,9982.31
6810,9982.31
6811,9982.31
6812,9982.31
6813,9982.31
6814,9982.31
6815,9982.31
6816,9982.31
6817,9982.31
6818,9982.31
6819,9982.31
6820,9982.31
6821,9982.31
6822,9982.31
6823,9982.31
6824,9982.31
6825,9982.31
6826,9982.31
6827,9982.31
6828,9982.31
6829,9982.31
6830,9982.31
6831,9982.31
6832,9982.31
6833,9982.31
6834,9982.31
6835,9982.31
6836,9982.31
6837,9982.31
6838,9982.31
6839,9982.31
6840,9982.31
6841,9982.31
6842,9982.31
6843,9982.31
6844,9982.31
6845,9982.31
6846,9982.31
6847,9982.31
6848,9982.31
6849,9982.31
6850,9982.31
6851,9982.31
6852,9982.31
6853,9982.31
6854,9982.31
6855,9982.31
6856,9982.31
6857,9982.31
6858,9982.31
6859,9982.31
6860,9982.31
6861,9982.31
6862,9982.31
6863,9982.31
6864,9982.31
6865,9982.31
6866,9982.31
6867,9982.31
6868,9982.31
6869,9982.31
6870,9982.31
6871,9982.31
6872,9982.31
6873,9982.31
6874,9982.31
6875,9982.31
6876,9982.31
6877,9982.31
6878,9982.31
6879,9982.31
6880,9982.31
6881,9982.31
6882,9982.31
6883,9982.31
6884,9982.31
6885,9982.31
6886,9982.31
6887,9982.31
6888,9982.31
6889,9982.31
6890,9982.31
6891,9982.31
6892,9982.31
6893,9982.31
6894,9982.31
6895,9982.31
6896,9982.31
6897,9982.31
6898,9982.31
6899,9982.31
6900,9982.31
6901,9982.31
6902,9982.31
6903,9982.31
6904,9982.31
6905,9982.31
6906,9982.31
6907,9982.31
6908,9982.31
6909,9982.31
6910,9982.31
6911,9982.31
6912,9982.31
6913,9982.31
6914,9982.31
6915,9982.31
6916,9982.31
6917,9982.31
6918,9982.31
6919,9982.31
6920,9982.31
6921,9982.31
6922,9982.31
6923,9982.31
6924,9982.31
6925,9982.31
6926,9982.31
6927,9982.31
6928,9982.31
6929,9982.31
6930,9982.31
6931,9982.31
6932,9982.31
6933,9982.31
6934,9982.31
6935,9982.31
6936,9982.31
6937,9982.31
6938,9982.31
6939,9982.31
6940,9982.31
6941,9982.31
6942,9982.31
6943,9982.31
6944,9982.31
6945,9982.31
6946,9982.31
6947,9982.31
6948,9982.31
6949,9982.31
6950,9982.31
6951,9982.31
6952,9982.31
6953,9982.31
6954,9982.31
6955,9982.31
6956,9982.31
6957,9982.31
6958,9982.31
6959,9982.31
6960,9982.31
6961,9982.31
6962,9982.31
6963,9982.31
6964,9982.31
6965,9982.31
6966,9982.31
6967,9982.31
6968,9982.31
6969,9982.31
6970,9982.31
6971,9982.31
6972,9982.31
6973,9982.31
6974,9982.31
6975,9982.31
6976,9982.31
6977,9982.31
6978,9982.31
6979,9982.31
6980,9982.31
6981,9982.31
6982,9982.31
6983,9982.31
6984,9982.31
6985,9982.31
6986,9982.31
6987,9982.31
6988,9982.31
6989,9982.31
6990,9982.31
6991,9982.31
6992,9982.31
6993,9982.31
6994,9982.31
6995,9982.31
6996,9982.31
6997,9982.31
6998,9982.31
6999,9982.31
7000,9982.31
7001,9982.31
7002,9982.31
7003,9982.31
7004,9982.31
7005,9982.31
7006,9982.31
7007,9982.31
7008,9982.31
7009,9982.31
7010,9982.31
7011,9982.31
7012,9982.31
7013,9982.31
7014,9982.31
7015,9982.31
7016,9982.31
7017,9982.31
7018,9982.31
7019,9982.31
7020,9982.31
7021,9982.31
7022,9982.31
7023,9982.31
7024,9982.31
7025,9982.31
7026,9982.31
7027,9982.31
7028,9982.31
7029,9982.31
7030,9982.31
7031,9982.31
7032,9982.31
7033,9982.31
7034,9982.31
7035,9982.31
7036,9982.31
7037,9982.31
7038,9982.31
7039,9982.31
7040,9982.31
7041,9982.31
7042,9982.31
7043,9982.31
7044,9982.31
7045,9982.31
7046,9982.31
7047,9982.31
7048,9982.31
7049,9982.31
7050,9982.31
7051,9982.31
7052,9982.31
7053,9982.31
7054,9982.31
7055,9982.31
7056,9982.31
7057,9982.31
7058,9982.31
7059,9982.31
7060,9982.31
7061,9982.31
7062,9982.31
7063,9982.31
7064,9982.31
7065,9982.31
7066,9982.31
7067,9982.31
7068,9982.31
7069,9982.31
7070,9982.31
7071,9982.31
7072,9982.31
7073,9982.31
7074,9982.31
7075,9982.31
7076,9982.31
7077,9982.31
7078,9982.31
7079,9982.31
7080,9982.31
7081,9982.31
7082,9982.31
7083,9982.31
7084,9982.31
7085,9982.31
7086,9982.31
7087,9982.31
7088,9982.31
7089,9982.31
7090,9982.31
7091,9982.31
7092,9982.31
7093,9982.31
7094,9982.31
7095,9982.31
7096,9982.31
7097,9982.31
7098,9982.31
7099,9982.31
7100,9982.31
7101,9982.31
7102,9982.31
7103,9982.31
7104,9982.31
7105,9982.31
7106,9982.31
7107,9982.31
7108,9982.31
7109,9982.31
7110,9982.31
7111,9982.31
7112,9982.31
7113,9982.31
7114,9982.31
7115,9982.31
7116,9982.31
7117,9982.31
7118,9982.31
7119,9982.31
7120,9982.31
7121,9982.31
7122,9982.31
7123,9982.31
7124,9982.31
7125,9982.31
7126,9982.31
7127,9982.31
7128,9982.31
7129,9982.31
7130,9982.31
7131,9982.31
7132,9982.31
7133,9982.31
7134,9982.31
7135,9982.31
7136,9982.31
7137,9982.31
7138,9982.31
7139,9982.31
7140,9982.31
7141,9982.31
7142,9982.31
7143,9982.31
7144,9982.31
7145,9982.31
7146,9982.31
7147,9982.31
7148,9982.31
7149,9982.31
7150,9982.31
7151,9982.31
7152,9982.31
7153,9982.31
7154,9982.31
7155,9982.31
7156,9982.31
7157,9982.31
7158,9982.31
7159,9982.31
7160,9982.31
7161,9982.31
7162,9982.31
7163,9982.31
7164,9982.31
7165,9982.31
7166,9982.31
7167,9982.31
7168,9982.31
7169,9982.31
7170,9982.31
7171,9982.31
7172,9982.31
7173,9982.31
7174,9982.31
7175,9982.31
7176,9982.31
7177,9982.31
7178,9982.31
7179,9982.31
7180,9982.31
7181,9982.31
7182,9982.31
7183,9982.31
7184,9982.31
7185,9982.31
7186,9982.31
7187,9982.31
7188,9982.31
7189,9982.31
7190,9982.31
7191,9982.31
7192,9982.31
7193,9982.31
7194,9982.31
7195,9982.31
7196,9982.31
7197,9982.31
7198,9982.31
7199,9982.31
7200,9982.31
7201,9982.31
7202,9982.31
7203,9982.31
7204,9982.31
7205,9982.31
7206,9982.31
7207,9982.31
7208,9982.31
7209,9982.31
7210,9982.31
7211,9982.31
7212,9982.31
7213,9982.31
7214,9982.31
7215,9982.31
7216,9982.31
7217,9982.31
7218,9982.31
7219,9982.31
7220,9982.31
7221,9982.31
7222,9982.31
7223,9982.31
7224,9982.31
7225,9982.31
7226,9982.31
7227,9982.31
7228,9982.31
7229,9982.31
7230,9982.31
7231,9982.31
7232,9982.31
7233,9982.31
7234,9982.31
7235,9982.31
7236,9982.31
7237,9982.31
7238,9982.31
7239,9982.31
7240,9982.31
7241,9982.31
7242,9982.31
7243,9982.31
7244,9982.31
7245,9982.31
7246,9982.31
7247,9982.31
7248,9982.31
7249,9982.31
7250,9982.31
7251,9982.31
7252,9982.31
7253,9982.31
7254,9982.31
7255,9982.31
7256,9982.31
7257,9982.31
7258,9982.31
7259,9982.31
7260,9982.31
7261,9982.31
7262,9982.31
7263,9982.31
7263.78,9982.31
7264,9982.11
7265,9981.21
7265.1,9981.12
7266,9981.12
7266.1,9981.12
7266.36,9981.12
7267,9981.12
7267.1,9981.12
7267.36,9981.12
7268,9981.12
7269,9981.12
7270,9981.12
7271,9981.12
7272,9981.12
7273,9981.12
7274,9981.12
7275,9981.12
7276,9981.12
7277,9981.12
7278,9981.12
7279,9981.12
7280,9981.12
7281,9981.12
7282,9981.12
7283,9981.12
7284,9981.12
7285,9981.12
7286,9981.12
7287,9981.12
7288,9981.12
7289,9981.12
7290,9981.12
7291,9981.12
7292,9981.12
7293,9981.12
7294,9981.12
7295,9981.12
7296,9981.12
7297,9981.12
7298,9981.12
7299,9981.12
7300,9981.12
7301,9981.12
7302,9981.12
7303,9981.12
7304,9981.12
7305,9981.12
7306,9981.12
7307,9981.12
7308,9981.12
7309,9981.12
7310,9981.12
7311,9981.12
7312,9981.12
7313,9981.12
7314,9981.12
7315,9981.12
7316,9981.12
7317,9981.12
7318,9981.12
7319,9981.12
7320,9981.12
7321,9981.12
7322,9981.12
7323,9981.12
7324,9981.12
7325,9981.12
7326,9981.12
7327,9981.12
7328,9981.12
7329,9981.12
7330,9981.12
7331,9981.12
7332,9981.12
7333,9981.12
7334,9981.12
7335,9981.12
7336,9981.12
7337,9981.12
7338,9981.12
7339,9981.12
7340,9981.12
7341,9981.12
7342,9981.12
7343,9981.12
7344,9981.12
7345,9981.12
7346,9981.12
7347,9981.12
7348,9981.12
7349,9981.12
7350,9981.12
7351,9981.12
7352,9981.12
7353,9981.12
7354,9981.12
7355,9981.12
7356,9981.12
7357,9981.12
7358,9981.12
7359,9981.12
7360,9981.12
7361,9981.12
7362,9981.12
7363,9981.12
7364,9981.12
7365,9981.12
7366,9981.12
7367,9981.12
7368,9981.12
7369,9981.12
7370,9981.12
7371,9981.12
7372,9981.12
7373,9981.12
7374,9981.12
7375,9981.12
7376,9981.12
7377,9981.12
7378,9981.12
7379,9981.12
7380,9981.12
7381,9981.12
7382,9981.12
7383,9981.12
7384,9981.12
7385,9981.12
7386,9981.12
7387,9981.12
7388,9981.12
7389,9981.12
7390,9981.12
7391,9981.12
7392,9981.12
7393,9981.12
7394,9981.12
7394.35,9981.12
7395,9980.53
7395.67,9979.93
7396,9979.93
7396.67,9979.93
7396.93,9979.93
7397,9979.93
7397.67,9979.93
7397.67,9979.93
7398,9979.91
7398.67,9979.89
7399,9979.89
7400,9979.89
7401,9979.89
7402,9979.89
7403,9979.89
7404,9979.89
7405,9979.89
7406,9979.89
7407,9979.89
7408,9979.89
7409,9979.89
7410,9979.89
7411,9979.89
7412,9979.89
7413,9979.89
7414,9979.89
7415,9979.89
7416,9979.89
7417,9979.89
7418,9979.89
7419,9979.89
7420,9979.89
7421,9979.89
7422,9979.89
7423,9979.89
7424,9979.89
7425,9979.89
7426,9979.89
7427,9979.89
7428,9979.89
7429,9979.89
7430,9979.89
7431,9979.89
7432,9979.89
7433,9979.89
7434,9979.89
7435,9979.89
7436,9979.89
7437,9979.89
7438,9979.89
7439,9979.89
7440,9979.89
7441,9979.89
7442,9979.89
7443,9979.89
7444,9979.89
7445,9979.89
7446,9979.89
7447,9979.89
7448,9979.89
7449,9979.89
7450,9979.89
7451,9979.89
7452,9979.89
7453,9979.89
7454,9979.89
7455,9979.89
7456,9979.89
7457,9979.89
7458,9979.89
7459,9979.89
7460,9979.89
7461,9979.89
7462,9979.89
7463,9979.89
7464,9979.89
7465,9979.89
7466,9979.89
7467,9979.89
7468,9979.89
7469,9979.89
7470,9979.89
7471,9979.89
7472,9979.89
7473,9979.89
7474,9979.89
7475,9979.89
7476,9979.89
7477,9979.89
7478,9979.89
7479,9979.89
7480,9979.89
7481,9979.89
7482,9979.89
7483,9979.89
7484,9979.89
7485,9979.89
7486,9979.89
7487,9979.89
7488,9979.89
7489,9979.89
7490,9979.89
7491,9979.89
7492,9979.89
7493,9979.89
7494,9979.89
7495,9979.89
7496,9979.89
7497,9979.89
7498,9979.89
7499,9979.89
7500,9979.89
7501,9979.89
7502,9979.89
7503,9979.89
7504,9979.89
7505,9979.89
7506,9979.89
7507,9979.89
7508,9979.89
7509,9979.89
7510,9979.89
7511,9979.89
7512,9979.89
7513,9979.89
7514,9979.89
7515,9979.89
7516,9979.89
7517,9979.89
7518,9979.89
7519,9979.89
7520,9979.89
7521,9979.89
7522,9979.89
7523,9979.89
7524,9979.89
7525,9979.89
7526,9979.89
7527,9979.89
7528,9979.89
7529,9979.89
7530,9979.89
7531,9979.89
7532,9979.89
7533,9979.89
7534,9979.89
7535,9979.89
7536,9979.89
7537,9979.89
7538,9979.89
7539,9979.89
7540,9979.89
7541,9979.89
7542,9979.89
7543,9979.89
7544,9979.89
7545,9979.89
7546,9979.89
7547,9979.89
7548,9979.89
7549,9979.89
7550,9979.89
7551,9979.89
7552,9979.89
7553,9979.89
7554,9979.89
7555,9979.89
7556,9979.89
7557,9979.89
7558,9979.89
7559,9979.89
7560,9979.89
7561,9979.89
7562,9979.89
7563,9979.89
7564,9979.89
7565,9979.89
7566,9979.89
7567,9979.89
7568,9979.89
7569,9979.89
7570,9979.89
7571,9979.89
7572,9979.89
7573,9979.89
7574,9979.89
7575,9979.89
7576,9979.89
7577,9979.89
7578,9979.89
7579,9979.89
7580,9979.89
7581,9979.89
7582,9979.89
7583,9979.89
7584,9979.89
7585,9979.89
7586,9979.89
7587,9979.89
7588,9979.89
7589,9979.89
7590,9979.89
7591,9979.89
7592,9979.89
7593,9979.89
7594,9979.89
7595,9979.89
7596,9979.89
7597,9979.89
7598,9979.89
7599,9979.89
7600,9979.89
7601,9979.89
7602,9979.89
7603,9979.89
7604,9979.89
7605,9979.89
7606,9979.89
7607,9979.89
7608,9979.89
7609,9979.89
7610,9979.89
7611,9979.89
7612,9979.89
7613,9979.89
7614,9979.89
7615,9979.89
7616,9979.89
7617,9979.89
7618,9979.89
7619,9979.89
7620,9979.89
7621,9979.89
7622,9979.89
7623,9979.89
7624,9979.89
7625,9979.89
7626,9979.89
7627,9979.89
7628,9979.89
7629,9979.89
7630,9979.89
7631,9979.89
7632,9979.89
7633,9979.89
7634,9979.89
7635,9979.89
7636,9979.89
7637,9979.89
7638,9979.89
7639,9979.89
7640,9979.89
7641,9979.89
7642,9979.89
7643,9979.89
7644,9979.89
7645,9979.89
7646,9979.89
7647,9979.89
7648,9979.89
7649,9979.89
7650,9979.89
7651,9979.89
7652,9979.89
7653,9979.89
7654,9979.89
7655,9979.89
7656,9979.89
7657,9979.89
7658,9979.89
7659,9979.89
7660,9979.89
7661,9979.89
7662,9979.89
7663,9979.89
7664,9979.89
7665,9979.89
7666,9979.89
7667,9979.89
7668,9979.89
7669,9979.89
7670,9979.89
7671,9979.89
7672,9979.89
7673,9979.89
7674,9979.89
7675,9979.89
7676,9979.89
7677,9979.89
7678,9979.89
7679,9979.89
7680,9979.89
7681,9979.89
7682,9979.89
7683,9979.89
7684,9979.89
7685,9979.89
7686,9979.89
7687,9979.89
7688,9979.89
7689,9979.89
7690,9979.89
7691,9979.89
7692,9979.89
7693,9979.89
7694,9979.89
7695,9979.89
7696,9979.89
7697,9979.89
7698,9979.89
7699,9979.89
7700,9979.89
7701,9979.89
7702,9979.89
7703,9979.89
7704,9979.89
7705,9979.89
7706,9979.89
7707,9979.89
7708,9979.89
7709,9979.89
7710,9979.89
7711,9979.89
7712,9979.89
7713,9979.89
7714,9979.89
7715,9979.89
7716,9979.89
7717,9979.89
7718,9979.89
7719,9979.89
7720,9979.89
7721,9979.89
7722,9979.89
7723,9979.89
7724,9979.89
7725,9979.89
7726,9979.89
7727,9979.89
7728,9979.89
7729,9979.89
7730,9979.89
7731,9979.89
7732,9979.89
7733,9979.89
7734,9979.89
7735,9979.89
7736,9979.89
7737,9979.89
7738,9979.89
7739,9979.89
7740,9979.89
7741,9979.89
7742,9979.89
7743,9979.89
7744,9979.89
7745,9979.89
7746,9979.89
7747,9979.89
7748,9979.89
7749,9979.89
7750,9979.89
7751,9979.89
7752,9979.89
7753,9979.89
7754,9979.89
7755,9979.89
7756,9979.89
7757,9979.89
7758,9979.89
7759,9979.89
7760,9979.89
7761,9979.89
7762,9979.89
7763,9979.89
7764,9979.89
7765,9979.89
7766,9979.89
7767,9979.89
7768,9979.89
7769,9979.89
7770,9979.89
7771,9979.89
7772,9979.89
7773,9979.89
7774,9979.89
7775,9979.89
7776,9979.89
7777,9979.89
7778,9979.89
7779,9979.89
7780,9979.89
7781,9979.89
7782,9979.89
7783,9979.89
7784,9979.89
7785,9979.89
7786,9979.89
7787,9979.89
7788,9979.89
7789,9979.89
7790,9979.89
7791,9979.89
7792,9979.89
7793,9979.89
7794,9979.89
7795,9979.89
7796,9979.89
7797,9979.89
7798,9979.89
7799,9979.89
7800,9979.89
7801,9979.89
7802,9979.89
7803,9979.89
7804,9979.89
7805,9979.89
7806,9979.89
7807,9979.89
7808,9979.89
7809,9979.89
7810,9979.89
7811,9979.89
7812,9979.89
7813,9979.89
7814,9979.89
7815,9979.89
7816,9979.89
7817,9979.89
7818,9979.89
7819,9979.89
7820,9979.89
7821,9979.89
7822,9979.89
7823,9979.89
7824,9979.89
7825,9979.89
7826,9979.89
7827,9979.89
7828,9979.89
7829,9979.89
7830,9979.89
7831,9979.89
7832,9979.89
7833,9979.89
7834,9979.89
7835,9979.89
7836,9979.89
7837,9979.89
7838,9979.89
7839,9979.89
7840,9979.89
7841,9979.89
7842,9979.89
7843,9979.89
7844,9979.89
7845,9979.89
7846,9979.89
7847,9979.89
7848,9979.89
7849,9979.89
7850,9979.89
7851,9979.89
7852,9979.89
7853,9979.89
7854,9979.89
7855,9979.89
7856,9979.89
7857,9979.89
7858,9979.89
7859,9979.89
7860,9979.89
7861,9979.89
7862,9979.89
7863,9979.89
7864,9979.89
7865,9979.89
7866,9979.89
7867,9979.89
7868,9979.89
7869,9979.89
7870,9979.89
7871,9979.89
7872,9979.89
7873,9979.89
7874,9979.89
7875,9979.89
7876,9979.89
7877,9979.89
7878,9979.89
7879,9979.89
7880,9979.89
7881,9979.89
7882,9979.89
7883,9979.89
7884,9979.89
7885,9979.89
7886,9979.89
7887,9979.89
7888,9979.89
7889,9979.89
7890,9979.89
7891,9979.89
7892,9979.89
7893,9979.89
7894,9979.89
7895,9979.89
7896,9979.89
7897,9979.89
7898,9979.89
7899,9979.89
7900,9979.89
7901,9979.89
7902,9979.89
7903,9979.89
7904,9979.89
7905,9979.89
7906,9979.89
7907,9979.89
7908,9979.89
7909,9979.89
7910,9979.89
7911,9979.89
7912,9979.89
7913,9979.89
7914,9979.89
7915,9979.89
7916,9979.89
7917,9979.89
7918,9979.89
7919,9979.89
7920,9979.89
7921,9979.89
7922,9979.89
7923,9979.89
7924,9979.89
7925,9979.89
7926,9979.89
7927,9979.89
7928,9979.89
7929,9979.89
7930,9979.89
7931,9979.89
7932,9979.89
7933,9979.89
7934,9979.89
7935,9979.89
7936,9979.89
7937,9979.89
7938,9979.89
7939,9979.89
7940,9979.89
7941,9979.89
7942,9979.89
7943,9979.89
7944,9979.89
7945,9979.89
7946,9979.89
7947,9979.89
7948,9979.89
7949,9979.89
7950,9979.89
7951,9979.89
7952,9979.89
7953,9979.89
7954,9979.89
7955,9979.89
7956,9979.89
7957,9979.89
7958,9979.89
7959,9979.89
7960,9979.89
7961,9979.89
7962,9979.89
7963,9979.89
7964,9979.89
7965,9979.89
7966,9979.89
7967,9979.89
7968,9979.89
7969,9979.89
7970,9979.89
7971,9979.89
7972,9979.89
7973,9979.89
7974,9979.89
7975,9979.89
7976,9979.89
7977,9979.89
7978,9979.89
7979,9979.89
7980,9979.89
7981,9979.89
7982,9979.89
7983,9979.89
7984,9979.89
7985,9979.89
7986,9979.89
7987,9979.89
7988,9979.89
7989,9979.89
7990,9979.89
7991,9979.89
7992,9979.89
7993,9979.89
7994,9979.89
7995,9979.89
7996,9979.89
7997,9979.89
7998,9979.89
7999,9979.89
8000,9979.89
8001,9979.89
8002,9979.89
8003,9979.89
8004,9979.89
8005,9979.89
8006,9979.89
8007,9979.89
8008,9979.89
8009,9979.89
8010,9979.89
8011,9979.89
8012,9979.89
8013,9979.89
8014,9979.89
8015,9979.89
8016,9979.89
8017,9979.89
8018,9979.89
8019,9979.89
8020,9979.89
8021,9979.89
8022,9979.89
8023,9979.89
8024,9979.89
8025,9979.89
8026,9979.89
8027,9979.89
8028,9979.89
8029,9979.89
8030,9979.89
8031,9979.89
8032,9979.89
8033,9979.89
8034,9979.89
8035,9979.89
8036,9979.89
8037,9979.89
8038,9979.89
8039,9979.89
8040,9979.89
8041,9979.89
8042,9979.89
8043,9979.89
8044,9979.89
8045,9979.89
8046,9979.89
8047,9979.89
8048,9979.89
8049,9979.89
8050,9979.89
8051,9979.89
8052,9979.89
8053,9979.89
8054,9979.89
8055,9979.89
8056,9979.89
8057,9979.89
8058,9979.89
8059,9979.89
8060,9979.89
8061,9979.89
8062,9979.89
8063,9979.89
8064,9979.89
8065,9979.89
8066,9979.89
8067,9979.89
8068,9979.89
8069,9979.89
8070,9979.89
8071,9979.89
8072,9979.89
8073,9979.89
8074,9979.89
8075,9979.89
8076,9979.89
8077,9979.89
8078,9979.89
8079,9979.89
8080,9979.89
8081,9979.89
8082,9979.89
8083,9979.89
8084,9979.89
8085,9979.89
8086,9979.89
8087,9979.89
8088,9979.89
8089,9979.89
8090,9979.89
8091,9979.89
8092,9979.89
8093,9979.89
8094,9979.89
8095,9979.89
8096,9979.89
8097,9979.89
8098,9979.89
8099,9979.89
8100,9979.89
8101,9979.89
8102,9979.89
8103,9979.89
8104,9979.89
8105,9979.89
8106,9979.89
8107,9979.89
8108,9979.89
8109,9979.89
8110,9979.89
8111,9979.89
8112,9979.89
8113,9979.89
8114,9979.89
8115,9979.89
8116,9979.89
8117,9979.89
8118,9979.89
8119,9979.89
8120,9979.89
8121,9979.89
8122,9979.89
8123,9979.89
8124,9979.89
8125,9979.89
8126,9979.89
8127,9979.89
8128,9979.89
8129,9979.89
8130,9979.89
8131,9979.89
8132,9979.89
8133,9979.89
8134,9979.88
8135,9979.88
8136,9979.88
8137,9979.88
8138,9979.88
8139,9979.88
8140,9979.88
8141,9979.88
8142,9979.88
8143,9979.88
8144,9979.88
8145,9979.88
8146,9979.88
8147,9979.88
8148,9979.88
8149,9979.88
8150,9979.88
8151,9979.88
8152,9979.88
8153,9979.88
8154,9979.88
8155,9979.88
8156,9979.88
8157,9979.88
8158,9979.88
8159,9979.88
8160,9979.88
8161,9979.88
8162,9979.88
8163,9979.88
8164,9979.88
8165,9979.88
8166,9979.88
8167,9979.88
8168,9979.88
8169,9979.88
8170,9979.88
8171,9979.88
8172,9979.88
8173,9979.88
8174,9979.88
8175,9979.88
8176,9979.88
8177,9979.88
8178,9979.88
8179,9979.88
8180,9979.88
8181,9979.88
8182,9979.88
8183,9979.88
8184,9979.88
8185,9979.88
8186,9979.88
8187,9979.88
8188,9979.88
8189,9979.88
8190,9979.88
8191,9979.88
8192,9979.88
8193,9979.88
8194,9979.88
8195,9979.88
8196,9979.88
8197,9979.88
8198,9979.88
8199,9979.88
8200,9979.88
8201,9979.88
8202,9979.88
8203,9979.88
8204,9979.88
8205,9979.88
8206,9979.88
8207,9979.88
8208,9979.88
8209,9979.88
8210,9979.88
8211,9979.88
8212,9979.88
8213,9979.88
8214,9979.88
8215,9979.88
8216,9979.88
8217,9979.88
8218,9979.88
8219,9979.88
8220,9979.88
8221,9979.88
8222,9979.88
8223,9979.88
8224,9979.88
8225,9979.88
8226,9979.88
8227,9979.88
8228,9979.88
8229,9979.88
8230,9979.88
8231,9979.88
8232,9979.88
8233,9979.88
8234,9979.88
8235,9979.88
8236,9979.88
8237,9979.88
8238,9979.88
8239,9979.88
8240,9979.88
8241,9979.88
8242,9979.88
8243,9979.88
8244,9979.88
8245,9979.88
8246,9979.88
8247,9979.88
8248,9979.88
8249,9979.88
8250,9979.88
8251,9979.88
8252,9979.88
8253,9979.88
8254,9979.88
8255,9979.88
8256,9979.88
8257,9979.88
8258,9979.88
8259,9979.88
8260,9979.88
8261,9979.88
8262,9979.88
8263,9979.88
8264,9979.88
8265,9979.88
8266,9979.88
8267,9979.88
8268,9979.88
8269,9979.88
8270,9979.88
8271,9979.88
8272,9979.88
8273,9979.88
8274,9979.88
8275,9979.88
8276,9979.88
8277,9979.88
8278,9979.88
8279,9979.88
8280,9979.88
8281,9979.88
8282,9979.88
8283,9979.88
8284,9979.88
8285,9979.88
8286,9979.88
8287,9979.88
8288,9979.88
8289,9979.88
8290,9979.88
8291,9979.88
8292,9979.88
8293,9979.88
8294,9979.88
8295,9979.88
8296,9979.88
8297,9979.88
8298,9979.88
8299,9979.88
8300,9979.88
8301,9979.88
8302,9979.88
8303,9979.88
8304,9979.88
8305,9979.88
8306,9979.88
8307,9979.88
8308,9979.88
8309,9979.88
8310,9979.88
8311,9979.88
8312,9979.88
8313,9979.88
8314,9979.88
8315,9979.88
8316,9979.88
8317,9979.88
8318,9979.88
8319,9979.88
8320,9979.88
8321,9979.88
8322,9979.88
8323,9979.88
8324,9979.88
8325,9979.88
8326,9979.88
8327,9979.88
8328,9979.88
8329,9979.88
8330,9979.88
8331,9979.88
8332,9979.88
8333,9979.88
8334,9979.88
8335,9979.88
8336,9979.88
8337,9979.88
8338,9979.88
8339,9979.88
8340,9979.88
8341,9979.88
8342,9979.88
8343,9979.88
8344,9979.88
8345,9979.88
8346,9979.88
8347,9979.88
8348,9979.88
8349,9979.88
8350,9979.88
8351,9979.88
8352,9979.88
8353,9979.88
8354,9979.88
8355,9979.88
8356,9979.88
8357,9979.88
8358,9979.88
8359,9979.88
8360,9979.88
8361,9979.88
8362,9979.88
8363,9979.88
8364,9979.88
8365,9979.88
8366,9979.88
8367,9979.88
8368,9979.88
8369,9979.88
8370,9979.88
8371,9979.88
8372,9979.88
8373,9979.88
8374,9979.88
8375,9979.88
8376,9979.88
8377,9979.88
8378,9979.88
8379,9979.88
8380,9979.88
8381,9979.88
8382,9979.88
8383,9979.88
8384,9979.88
8385,9979.88
8386,9979.88
8387,9979.88
8388,9979.88
8389,9979.88
8390,9979.88
8391,9979.88
8392,9979.88
8393,9979.88
8394,9979.88
8395,9979.88
8396,9979.88
8397,9979.88
8398,9979.88
8399,9979.88
8400,9979.88
8401,9979.88
8402,9979.88
8403,9979.88
8404,9979.88
8405,9979.88
8406,9979.88
8407,9979.88
8408,9979.88
8409,9979.88
8410,9979.88
8411,9979.88
8412,9979.88
8413,9979.88
8414,9979.88
8415,9979.88
8416,9979.88
8417,9979.88
8418,9979.88
8419,9979.88
8420,9979.88
8421,9979.88
8422,9979.88
8423,9979.88
8424,9979.88
8425,9979.88
8426,9979.88
8427,9979.88
8428,9979.88
8429,9979.88
8430,9979.88
8431,9979.88
8432,9979.88
8433,9979.88
8434,9979.88
8435,9979.88
8436,9979.88
8437,9979.88
8438,9979.88
8439,9979.88
8440,9979.88
8441,9979.88
8442,9979.88
8443,9979.88
8444,9979.88
8445,9979.88
8446,9979.88
8447,9979.88
8448,9979.88
8449,9979.88
8450,9979.88
8451,9979.88
8452,9979.88
8453,9979.88
8454,9979.88
8455,9979.88
8456,9979.88
8457,9979.88
8458,9979.88
8459,9979.88
8460,9979.88
8461,9979.88
8462,9979.88
8463,9979.88
8463.78,9979.88
8464,9979.68
8465,9978.78
8465.1,9978.69
8466,9978.69
8466.1,9978.69
8466.1,9978.69
8467,9978.66
8467.09,9978.66
8468,9978.66
8469,9978.66
8470,9978.66
8471,9978.66
8472,9978.66
8473,9978.66
8474,9978.66
8475,9978.66
8476,9978.66
8477,9978.66
8478,9978.66
8479,9978.66
8480,9978.66
8481,9978.66
8482,9978.66
8483,9978.66
8484,9978.66
8485,9978.66
8486,9978.66
8487,9978.66
8488,9978.66
8489,9978.66
8490,9978.66
8491,9978.66
8492,9978.66
8493,9978.66
8494,9978.66
8495,9978.66
8496,9978.66
8497,9978.66
8498,9978.66
8499,9978.66
8500,9978.66
8501,9978.66
8502,9978.66
8503,9978.66
8504,9978.66
8505,9978.66
8506,9978.66
8507,9978.66
8508,9978.66
8509,9978.66
8510,9978.66
8511,9978.66
8512,9978.66
8513,9978.66
8514,9978.66
8515,9978.66
8516,9978.66
8517,9978.66
8518,9978.66
8519,9978.66
8520,9978.66
8521,9978.66
8522,9978.66
8523,9978.66
8524,9978.66
8525,9978.66
8526,9978.66
8527,9978.66
8528,9978.66
8529,9978.66
8530,9978.66
8531,9978.66
8532,9978.66
8533,9978.66
8534,9978.66
8535,9978.66
8536,9978.66
8537,9978.66
8538,9978.66
8539,9978.66
8540,9978.66
8541,9978.66
8542,9978.66
8543,9978.66
8544,9978.66
8545,9978.66
8546,9978.66
8547,9978.66
8548,9978.66
8549,9978.66
8550,9978.66
8551,9978.66
8552,9978.66
8553,9978.66
8554,9978.66
8555,9978.66
8556,9978.66
8557,9978.66
8558,9978.66
8559,9978.66
8560,9978.66
8561,9978.66
8562,9978.66
8563,9978.66
8564,9978.66
8565,9978.66
8566,9978.66
8567,9978.66
8568,9978.66
8569,9978.66
8570,9978.66
8571,9978.66
8572,9978.66
8573,9978.66
8574,9978.66
8575,9978.66
8576,9978.66
8577,9978.66
8578,9978.66
8579,9978.66
8580,9978.66
8581,9978.66
8582,9978.66
8583,9978.66
8584,9978.66
8585,9978.66
8586,9978.66
8587,9978.66
8588,9978.66
8589,9978.66
8590,9978.66
8591,9978.66
8592,9978.66
8593,9978.66
8594,9978.66
8595,9978.66
8596,9978.66
8597,9978.66
8598,9978.66
8599,9978.66
8600,9978.66
8601,9978.66
8602,9978.66
8603,9978.66
8604,9978.66
8605,9978.66
8606,9978.66
8607,9978.66
8608,9978.66
8609,9978.66
8610,9978.66
8611,9978.66
8612,9978.66
8613,9978.66
8614,9978.66
8615,9978.66
8616,9978.66
8617,9978.66
8618,9978.66
8619,9978.66
8620,9978.66
8621,9978.66
8622,9978.66
8623,9978.66
8624,9978.66
8625,9978.66
8626,9978.66
8627,9978.66
8628,9978.66
8629,9978.66
8630,9978.66
8631,9978.66
8632,9978.66
8633,9978.66
8634,9978.66
8635,9978.66
8636,9978.66
8637,9978.66
8638,9978.66
8639,9978.66
8640,9978.66
8641,9978.66
8642,9978.66
8643,9978.66
8644,9978.66
8645,9978.66
8646,9978.66
8647,9978.66
8648,9978.66
8649,9978.66
8650,9978.66
8651,9978.66
8652,9978.66
8653,9978.66
8654,9978.66
8655,9978.66
8656,9978.66
8657,9978.66
8658,9978.66
8659,9978.66
8660,9978.66
8661,9978.66
8662,9978.66
8663,9978.66
8664,9978.66
8665,9978.66
8666,9978.66
8667,9978.66
8668,9978.66
8669,9978.66
8670,9978.66
8671,9978.66
8672,9978.66
8673,9978.66
8674,9978.66
8675,9978.66
8676,9978.66
8677,9978.66
8678,9978.66
8679,9978.66
8680,9978.66
8681,9978.66
8682,9978.66
8683,9978.66
8684,9978.66
8685,9978.66
8686,9978.66
8687,9978.66
8688,9978.66
8689,9978.66
8690,9978.66
8691,9978.66
8692,9978.66
8693,9978.66
8694,9978.66
8695,9978.66
8696,9978.66
8697,9978.66
8698,9978.66
8699,9978.66
8700,9978.66
8701,9978.66
8702,9978.66
8703,9978.66
8704,9978.66
8705,9978.66
8706,9978.66
8707,9978.66
8708,9978.66
8709,9978.66
8710,9978.66
8711,9978.66
8712,9978.66
8713,9978.66
8714,9978.66
8715,9978.66
8716,9978.66
8717,9978.66
8718,9978.66
8719,9978.66
8720,9978.66
8721,9978.66
8722,9978.66
8723,9978.66
8724,9978.66
8725,9978.66
8726,9978.66
8727,9978.66
8728,9978.66
8729,9978.66
8730,9978.66
8731,9978.66
8732,9978.66
8733,9978.66
8734,9978.66
8735,9978.66
8736,9978.66
8737,9978.66
8738,9978.66
8739,9978.66
8740,9978.66
8741,9978.66
8742,9978.66
8743,9978.66
8744,9978.66
8745,9978.66
8746,9978.66
8747,9978.66
8748,9978.66
8749,9978.66
8750,9978.66
8751,9978.66
8752,9978.66
8753,9978.66
8754,9978.66
8755,9978.66
8756,9978.66
8757,9978.66
8758,9978.66
8759,9978.66
8760,9978.66
8761,9978.66
8762,9978.66
8763,9978.66
8764,9978.66
8765,9978.66
8766,9978.66
8767,9978.66
8768,9978.66
8769,9978.66
8770,9978.66
8771,9978.66
8772,9978.66
8773,9978.66
8774,9978.66
8775,9978.66
8776,9978.66
8777,9978.66
8778,9978.66
8779,9978.66
8780,9978.66
8781,9978.66
8782,9978.66
8783,9978.66
8784,9978.66
8785,9978.66
8786,9978.66
8787,9978.66
8788,9978.66
8789,9978.66
8790,9978.66
8791,9978.66
8792,9978.66
8793,9978.66
8794,9978.66
8795,9978.66
8796,9978.66
8797,9978.66
8798,9978.66
8799,9978.66
8800,9978.66
8801,9978.66
8802,9978.66
8803,9978.66
8804,9978.66
8805,9978.66
8806,9978.66
8807,9978.66
8808,9978.66
8809,9978.66
8810,9978.66
8811,9978.66
8812,9978.66
8813,9978.66
8814,9978.66
8815,9978.66
8816,9978.66
8817,9978.66
8818,9978.66
8819,9978.66
8820,9978.66
8821,9978.66
8822,9978.66
8823,9978.66
8824,9978.66
8825,9978.66
8826,9978.66
8827,9978.66
8828,9978.66
8829,9978.66
8830,9978.66
8831,9978.66
8832,9978.66
8833,9978.66
8834,9978.66
8835,9978.66
8836,9978.66
8837,9978.66
8838,9978.66
8839,9978.66
8840,9978.66
8841,9978.66
8842,9978.66
8843,9978.66
8844,9978.66
8845,9978.66
8846,9978.66
8847,9978.66
8848,9978.66
8849,9978.66
8850,9978.66
8851,9978.66
8852,9978.66
8853,9978.66
8854,9978.66
8855,9978.66
8856,9978.66
8857,9978.66
8858,9978.66
8859,9978.66
8860,9978.66
8861,9978.66
8862,9978.66
8863,9978.66
8864,9978.66
8865,9978.66
8866,9978.66
8867,9978.66
8868,9978.66
8869,9978.66
8870,9978.66
8871,9978.66
8872,9978.66
8873,9978.66
8874,9978.66
8875,9978.66
8876,9978.66
8877,9978.66
8878,9978.66
8879,9978.66
8880,9978.66
8881,9978.66
8882,9978.66
8883,9978.66
8884,9978.66
8885,9978.66
8886,9978.66
8887,9978.66
8888,9978.66
8889,9978.66
8890,9978.66
8891,9978.66
8892,9978.66
8893,9978.66
8894,9978.66
8895,9978.66
8896,9978.66
8897,9978.66
8898,9978.66
8899,9978.66
8900,9978.66
8901,9978.66
8902,9978.66
8903,9978.66
8904,9978.66
8905,9978.66
8906,9978.66
8907,9978.66
8908,9978.66
8909,9978.66
8910,9978.66
8911,9978.66
8912,9978.66
8913,9978.66
8914,9978.66
8915,9978.66
8916,9978.66
8917,9978.66
8918,9978.66
8919,9978.66
8920,9978.66
8921,9978.66
8922,9978.66
8923,9978.66
8924,9978.66
8925,9978.66
8926,9978.66
8927,9978.66
8928,9978.66
8929,9978.66
8930,9978.66
8931,9978.66
8932,9978.66
8933,9978.66
8934,9978.66
8935,9978.66
8936,9978.66
8937,9978.66
8938,9978.66
8939,9978.66
8940,9978.66
8941,9978.66
8942,9978.66
8943,9978.66
8944,9978.66
8945,9978.66
8946,9978.66
8947,9978.66
8948,9978.66
8949,9978.66
8950,9978.66
8951,9978.66
8952,9978.66
8953,9978.66
8954,9978.66
8955,9978.65
8956,9978.65
8957,9978.65
8958,9978.65
8959,9978.65
8960,9978.65
8961,9978.65
8962,9978.65
8963,9978.65
8964,9978.65
8965,9978.65
8966,9978.65
8967,9978.65
8968,9978.65
8969,9978.65
8970,9978.65
8971,9978.65
8972,9978.65
8973,9978.65
8974,9978.65
8975,9978.65
8976,9978.65
8977,9978.65
8978,9978.65
8979,9978.65
8980,9978.65
8981,9978.65
8982,9978.65
8983,9978.65
8984,9978.65
8985,9978.65
8986,9978.65
8987,9978.65
8988,9978.65
8989,9978.65
8990,9978.65
8991,9978.65
8992,9978.65
8993,9978.65
8994,9978.65
8995,9978.65
8996,9978.65
8997,9978.65
8998,9978.65
8999,9978.65
9000,9978.65
9001,9978.65
9002,9978.65
9003,9978.65
9004,9978.65
9005,9978.65
9006,9978.65
9007,9978.65
9008,9978.65
9009,9978.65
9010,9978.65
9011,9978.65
9012,9978.65
9013,9978.65
9014,9978.65
9015,9978.65
9016,9978.65
9017,9978.65
9018,9978.65
9019,9978.65
9020,9978.65
9021,9978.65
9022,9978.65
9023,9978.65
9024,9978.65
9025,9978.65
9026,9978.65
9027,9978.65
9028,9978.65
9029,9978.65
9030,9978.65
9031,9978.65
9032,9978.65
9033,9978.65
9034,9978.65
9035,9978.65
9036,9978.65
9037,9978.65
9038,9978.65
9039,9978.65
9040,9978.65
9041,9978.65
9042,9978.65
9043,9978.65
9044,9978.65
9045,9978.65
9046,9978.65
9047,9978.65
9048,9978.65
9049,9978.65
9050,9978.65
9051,9978.65
9052,9978.65
9053,9978.65
9054,9978.65
9055,9978.65
9056,9978.65
9057,9978.65
9058,9978.65
9059,9978.65
9060,9978.65
9061,9978.65
9062,9978.65
9063,9978.65
9064,9978.65
9065,9978.65
9066,9978.65
9067,9978.65
9068,9978.65
9069,9978.65
9070,9978.65
9071,9978.65
9072,9978.65
9073,9978.65
9074,9978.65
9075,9978.65
9076,9978.65
9077,9978.65
9078,9978.65
9079,9978.65
9080,9978.65
9081,9978.65
9082,9978.65
9083,9978.65
9084,9978.65
9085,9978.65
9086,9978.65
9087,9978.65
9088,9978.65
9089,9978.65
9090,9978.65
9091,9978.65
9092,9978.65
9093,9978.65
9094,9978.65
9095,9978.65
9096,9978.65
9097,9978.65
9098,9978.65
9099,9978.65
9100,9978.65
9101,9978.65
9102,9978.65
9103,9978.65
9104,9978.65
9105,9978.65
9106,9978.65
9107,9978.65
9108,9978.65
9109,9978.65
9110,9978.65
9111,9978.65
9112,9978.65
9113,9978.65
9114,9978.65
9115,9978.65
9116,9978.65
9117,9978.65
9118,9978.65
9119,9978.65
9120,9978.65
9121,9978.65
9122,9978.65
9123,9978.65
9124,9978.65
9125,9978.65
9126,9978.65
9127,9978.65
9128,9978.65
9129,9978.65
9130,9978.65
9131,9978.65
9132,9978.65
9133,9978.65
9134,9978.65
9135,9978.65
9136,9978.65
9137,9978.65
9138,9978.65
9139,9978.65
9140,9978.65
9141,9978.65
9142,9978.65
9143,9978.65
9144,9978.65
9145,9978.65
9146,9978.65
9147,9978.65
9148,9978.65
9149,9978.65
9150,9978.65
9151,9978.65
9152,9978.65
9153,9978.65
9154,9978.65
9155,9978.65
9156,9978.65
9157,9978.65
9158,9978.65
9159,9978.65
9160,9978.65
9161,9978.65
9162,9978.65
9163,9978.65
9164,9978.65
9165,9978.65
9166,9978.65
9167,9978.65
9168,9978.65
9169,9978.65
9170,9978.65
9171,9978.65
9172,9978.65
9173,9978.65
9174,9978.65
9175,9978.65
9176,9978.65
9177,9978.65
9178,9978.65
9179,9978.65
9180,9978.65
9181,9978.65
9182,9978.65
9183,9978.65
9184,9978.65
9185,9978.65
9186,9978.65
9187,9978.65
9188,9978.65
9189,9978.65
9190,9978.65
9191,9978.65
9192,9978.65
9193,9978.65
9194,9978.65
9195,9978.65
9196,9978.65
9197,9978.65
9198,9978.65
9199,9978.65
9200,9978.65
9201,9978.65
9202,9978.65
9203,9978.65
9204,9978.65
9205,9978.65
9206,9978.65
9207,9978.65
9208,9978.65
9209,9978.65
9210,9978.65
9211,9978.65
9212,9978.65
9213,9978.65
9214,9978.65
9215,9978.65
9216,9978.65
9217,9978.65
9218,9978.65
9219,9978.65
9220,9978.65
9221,9978.65
9222,9978.65
9223,9978.65
9224,9978.65
9225,9978.65
9226,9978.65
9227,9978.65
9228,9978.65
9229,9978.65
9230,9978.65
9231,9978.65
9232,9978.65
9233,9978.65
9234,9978.65
9235,9978.65
9236,9978.65
9237,9978.65
9238,9978.65
9239,9978.65
9240,9978.65
9241,9978.65
9242,9978.65
9243,9978.65
9244,9978.65
9245,9978.65
9246,9978.65
9247,9978.65
9248,9978.65
9249,9978.65
9250,9978.65
9251,9978.65
9252,9978.65
9253,9978.65
9254,9978.65
9255,9978.65
9256,9978.65
9257,9978.65
9258,9978.65
9259,9978.65
9260,9978.65
9261,9978.65
9262,9978.65
9263,9978.65
9264,9978.65
9265,9978.65
9266,9978.65
9267,9978.65
9268,9978.65
9269,9978.65
9270,9978.65
9271,9978.65
9272,9978.65
9273,9978.65
9274,9978.65
9275,9978.65
9276,9978.65
9277,9978.65
9278,9978.65
9279,9978.65
9280,9978.65
9281,9978.65
9282,9978.65
9283,9978.65
9284,9978.65
9285,9978.65
9286,9978.65
9287,9978.65
9288,9978.65
9289,9978.65
9290,9978.65
9291,9978.65
9292,9978.65
9293,9978.65
9294,9978.65
9295,9978.65
9296,9978.65
9297,9978.65
9298,9978.65
9299,9978.65
9300,9978.65
9301,9978.65
9302,9978.65
9303,9978.65
9304,9978.65
9305,9978.65
9306,9978.65
9307,9978.65
9308,9978.65
9309,9978.65
9310,9978.65
9311,9978.65
9312,9978.65
9313,9978.65
9314,9978.65
9315,9978.65
9316,9978.65
9317,9978.65
9318,9978.65
9319,9978.65
9320,9978.65
9321,9978.65
9322,9978.65
9323,9978.65
9324,9978.65
9325,9978.65
9326,9978.65
9327,9978.65
9328,9978.65
9329,9978.65
9330,9978.65
9331,9978.65
9332,9978.65
9333,9978.65
9334,9978.65
9335,9978.65
9336,9978.65
9337,9978.65
9338,9978.65
9339,9978.65
9340,9978.65
9341,9978.65
9342,9978.65
9343,9978.65
9344,9978.65
9345,9978.65
9346,9978.65
9347,9978.65
9348,9978.65
9349,9978.65
9350,9978.65
9351,9978.65
9352,9978.65
9353,9978.65
9354,9978.65
9355,9978.65
9356,9978.65
9357,9978.65
9358,9978.65
9359,9978.65
9360,9978.65
9361,9978.65
9362,9978.65
9363,9978.65
9364,9978.65
9365,9978.65
9366,9978.65
9367,9978.65
9368,9978.65
9369,9978.65
9370,9978.65
9371,9978.65
9372,9978.65
9373,9978.65
9374,9978.65
9375,9978.65
9376,9978.65
9377,9978.65
9378,9978.65
9379,9978.65
9380,9978.65
9381,9978.65
9382,9978.65
9383,9978.65
9384,9978.65
9385,9978.65
9386,9978.65
9387,9978.65
9388,9978.65
9389,9978.65
9390,9978.65
9391,9978.65
9392,9978.65
9393,9978.65
9394,9978.65
9395,9978.65
9396,9978.65
9397,9978.65
9398,9978.65
9399,9978.65
9400,9978.65
9401,9978.65
9402,9978.65
9403,9978.65
9404,9978.65
9405,9978.65
9406,9978.65
9407,9978.65
9408,9978.65
9409,9978.65
9410,9978.65
9411,9978.65
9412,9978.65
9413,9978.65
9414,9978.65
9415,9978.65
9416,9978.65
9417,9978.65
9418,9978.65
9419,9978.65
9420,9978.65
9421,9978.65
9422,9978.65
9423,9978.65
9424,9978.65
9425,9978.65
9426,9978.65
9427,9978.65
9428,9978.65
9429,9978.65
9430,9978.65
9431,9978.65
9432,9978.65
9433,9978.65
9434,9978.65
9435,9978.65
9436,9978.65
9437,9978.65
9438,9978.65
9439,9978.65
9440,9978.65
9441,9978.65
9442,9978.65
9443,9978.65
9444,9978.65
9445,9978.65
9446,9978.65
9447,9978.65
9448,9978.65
9449,9978.65
9450,9978.65
9451,9978.65
9452,9978.65
9453,9978.65
9454,9978.65
9455,9978.65
9456,9978.65
9457,9978.65
9458,9978.65
9459,9978.65
9460,9978.65
9461,9978.65
9462,9978.65
9463,9978.65
9464,9978.65
9465,9978.65
9466,9978.65
9467,9978.65
9468,9978.65
9469,9978.65
9470,9978.65
9471,9978.65
9472,9978.65
9473,9978.65
9474,9978.65
9475,9978.65
9476,9978.65
9477,9978.65
9478,9978.65
9479,9978.65
9480,9978.65
9481,9978.65
9482,9978.65
9483,9978.65
9484,9978.65
9485,9978.65
9486,9978.65
9487,9978.65
9488,9978.65
9489,9978.65
9490,9978.65
9491,9978.65
9492,9978.65
9493,9978.65
9494,9978.65
9495,9978.65
9496,9978.65
9497,9978.65
9498,9978.65
9499,9978.65
9500,9978.65
9501,9978.65
9502,9978.65
9503,9978.65
9504,9978.65
9505,9978.65
9506,9978.65
9507,9978.65
9508,9978.65
9509,9978.65
9510,9978.65
9511,9978.65
9512,9978.65
9513,9978.65
9514,9978.65
9515,9978.65
9516,9978.65
9517,9978.65
9518,9978.65
9519,9978.65
9520,9978.65
9521,9978.65
9522,9978.65
9523,9978.65
9524,9978.65
9525,9978.65
9526,9978.65
9527,9978.65
9528,9978.65
9529,9978.65
9530,9978.65
9531,9978.65
9532,9978.65
9533,9978.65
9534,9978.65
9535,9978.65
9536,9978.65
9537,9978.65
9538,9978.65
9539,9978.65
9540,9978.65
9541,9978.65
9542,9978.65
9543,9978.65
9544,9978.65
9545,9978.65
9546,9978.65
9547,9978.65
9548,9978.65
9549,9978.65
9550,9978.65
9551,9978.65
9552,9978.65
9553,9978.65
9554,9978.65
9555,9978.65
9556,9978.65
9557,9978.65
9558,9978.65
9559,9978.65
9560,9978.65
9561,9978.65
9562,9978.65
9563,9978.65
9564,9978.65
9565,9978.65
9566,9978.65
9567,9978.65
9568,9978.65
9569,9978.65
9570,9978.65
9571,9978.65
9572,9978.65
9573,9978.65
9574,9978.65
9575,9978.65
9576,9978.65
9577,9978.65
9578,9978.65
9579,9978.65
9580,9978.65
9581,9978.65
9582,9978.65
9583,9978.65
9584,9978.65
9585,9978.65
9586,9978.65
9587,9978.65
9588,9978.65
9589,9978.65
9590,9978.65
9591,9978.65
9592,9978.65
9593,9978.65
9594,9978.65
9595,9978.65
9596,9978.65
9597,9978.65
9598,9978.65
9599,9978.65
9600,9978.65
9601,9978.65
9602,9978.65
9603,9978.65
9604,9978.65
9605,9978.65
9606,9978.65
9607,9978.65
9608,9978.65
9609,9978.65
9610,9978.65
9611,9978.65
9612,9978.65
9613,9978.65
9614,9978.65
9615,9978.65
9616,9978.65
9617,9978.65
9618,9978.65
9619,9978.65
9620,9978.65
9621,9978.65
9622,9978.65
9623,9978.65
9624,9978.65
9625,9978.65
9626,9978.65
9627,9978.65
9628,9978.65
9629,9978.65
9630,9978.65
9631,9978.65
9632,9978.65
9633,9978.65
9634,9978.65
9635,9978.65
9636,9978.65
9637,9978.65
9638,9978.65
9639,9978.65
9640,9978.65
9641,9978.65
9642,9978.65
9643,9978.65
9644,9978.65
9645,9978.65
9646,9978.65
9647,9978.65
9648,9978.65
9649,9978.65
9650,9978.65
9651,9978.65
9652,9978.65
9653,9978.65
9654,9978.65
9655,9978.65
9656,9978.65
9657,9978.65
9658,9978.65
9659,9978.65
9660,9978.65
9661,9978.65
9662,9978.65
9663,9978.65
9663.78,9978.65
9664,9978.45
9665,9977.55
9665.1,9977.46
9666,9977.46
9666.1,9977.46
9666.36,9977.46
9667,9977.46
9667.1,9977.46
9667.1,9977.46
9668,9977.43
9668.09,9977.42
9669,9977.42
9670,9977.42
9671,9977.42
9672,9977.42
9673,9977.42
9674,9977.42
9675,9977.42
9676,9977.42
9677,9977.42
9678,9977.42
9679,9977.42
9680,9977.42
9681,9977.42
9682,9977.42
9683,9977.42
9684,9977.42
9685,9977.42
9686,9977.42
9687,9977.42
9688,9977.42
9689,9977.42
9690,9977.42
9691,9977.42
9692,9977.42
9693,9977.42
9694,9977.42
9695,9977.42
9696,9977.42
9697,9977.42
9698,9977.42
9699,9977.42
9700,9977.42
9701,9977.42
9702,9977.42
9703,9977.42
9704,9977.42
9705,9977.42
9706,9977.42
9707,9977.42
9708,9977.42
9709,9977.42
9710,9977.42
9711,9977.42
9712,9977.42
9713,9977.42
9714,9977.42
9715,9977.42
9716,9977.42
9717,9977.42
9718,9977.42
9719,9977.42
9720,9977.42
9721,9977.42
9722,9977.42
9723,9977.42
9724,9977.42
9725,9977.42
9726,9977.42
9727,9977.42
9728,9977.42
9729,9977.42
9730,9977.42
9731,9977.42
9732,9977.42
9733,9977.42
9734,9977.42
9735,9977.42
9736,9977.42
9737,9977.42
9738,9977.42
9739,9977.42
9740,9977.42
9741,9977.42
9742,9977.42
9743,9977.42
9744,9977.42
9745,9977.42
9746,9977.42
9747,9977.42
9748,9977.42
9749,9977.42
9750,9977.42
9751,9977.42
9752,9977.42
9753,9977.42
9754,9977.42
9755,9977.42
9756,9977.42
9757,9977.42
9758,9977.42
9759,9977.42
9760,9977.42
9761,9977.42
9762,9977.42
9763,9977.42
9764,9977.42
9765,9977.42
9766,9977.42
9767,9977.42
9768,9977.42
9769,9977.42
9770,9977.42
9771,9977.42
9772,9977.42
9773,9977.42
9774,9977.42
9775,9977.42
9776,9977.42
9777,9977.42
9778,9977.42
9779,9977.42
9780,9977.42
9781,9977.42
9782,9977.42
9783,9977.42
9784,9977.42
9785,9977.42
9786,9977.42
9787,9977.42
9788,9977.42
9789,9977.42
9790,9977.42
9791,9977.42
9792,9977.42
9793,9977.42
9794,9977.42
9795,9977.42
9796,9977.42
9797,9977.42
9798,9977.42
9799,9977.42
9800,9977.42
9801,9977.42
9802,9977.42
9803,9977.42
9804,9977.42
9805,9977.42
9806,9977.42
9807,9977.42
9808,9977.42
9809,9977.42
9810,9977.42
9811,9977.42
9812,9977.42
9813,9977.42
9814,9977.42
9815,9977.42
9816,9977.42
9817,9977.42
9818,9977.42
9819,9977.42
9820,9977.42
9821,9977.42
9822,9977.42
9823,9977.42
9824,9977.42
9825,9977.42
9826,9977.42
9827,9977.42
9828,9977.42
9829,9977.42
9830,9977.42
9831,9977.42
9832,9977.42
9833,9977.42
9834,9977.42
9835,9977.42
9836,9977.42
9837,9977.42
9838,9977.42
9839,9977.42
9840,9977.42
9841,9977.42
9842,9977.42
9843,9977.42
9844,9977.42
9845,9977.42
9846,9977.42
9847,9977.42
9848,9977.42
9849,9977.42
9850,9977.42
9851,9977.42
9852,9977.42
9853,9977.42
9854,9977.42
9855,9977.42
9856,9977.42
9857,9977.42
9858,9977.42
9859,9977.42
9860,9977.42
9861,9977.42
9862,9977.42
9863,9977.42
9864,9977.42
9865,9977.42
9866,9977.42
9867,9977.42
9868,9977.42
9869,9977.42
9870,9977.42
9871,9977.42
9872,9977.42
9873,9977.42
9874,9977.42
9875,9977.42
9876,9977.42
9877,9977.42
9878,9977.42
9879,9977.42
9880,9977.42
9881,9977.42
9882,9977.42
9883,9977.42
9884,9977.42
9885,9977.42
9886,9977.42
9887,9977.42
9888,9977.42
9889,9977.42
9890,9977.42
9891,9977.42
9892,9977.42
9893,9977.42
9894,9977.42
9895,9977.42
9896,9977.42
9897,9977.42
9898,9977.42
9899,9977.42
9900,9977.42
9901,9977.42
9902,9977.42
9903,9977.42
9904,9977.42
9905,9977.42
9906,9977.42
9907,9977.42
9908,9977.42
9909,9977.42
9910,9977.42
9911,9977.42
9912,9977.42
9913,9977.42
9914,9977.42
9915,9977.42
9916,9977.42
9917,9977.42
9918,9977.42
9919,9977.42
9920,9977.42
9921,9977.42
9922,9977.42
9923,9977.42
9924,9977.42
9925,9977.42
9926,9977.42
9927,9977.42
9928,9977.42
9929,9977.42
9930,9977.42
9931,9977.42
9932,9977.42
9933,9977.42
9934,9977.42
9935,9977.42
9936,9977.42
9937,9977.42
9938,9977.42
9939,9977.42
9940,9977.42
9941,9977.42
9942,9977.42
9943,9977.42
9944,9977.42
9945,9977.42
9946,9977.42
9947,9977.42
9948,9977.42
9949,9977.42
9950,9977.42
9951,9977.42
9952,9977.42
9953,9977.42
9954,9977.42
9955,9977.42
9956,9977.42
9957,9977.42
9958,9977.42
9959,9977.42
9960,9977.42
9961,9977.42
9962,9977.42
9963,9977.42
9964,9977.42
9965,9977.42
9966,9977.42
9967,9977.42
9968,9977.42
9969,9977.42
9970,9977.42
9971,9977.42
9972,9977.42
9973,9977.42
9974,9977.42
9975,9977.42
9976,9977.42
9977,9977.42
9978,9977.42
9979,9977.42
9980,9977.42
9981,9977.42
9982,9977.42
9983,9977.42
9984,9977.42
9985,9977.42
9986,9977.42
9987,9977.42
9988,9977.42
9989,9977.42
9990,9977.42
9991,9977.42
9992,9977.42
9993,9977.42
9994,9977.42
9995,9977.42
9996,9977.42
9997,9977.42
9998,9977.42
9999,9977.42
10000,9977.42
10001,9977.42
10002,9977.42
10003,9977.42
10004,9977.42
10005,9977.42
10006,9977.42
10007,9977.42
10008,9977.42
10009,9977.42
10010,9977.42
10011,9977.42
10012,9977.42
10013,9977.42
10014,9977.42
10015,9977.42
10016,9977.42
10017,9977.42
10018,9977.42
10019,9977.42
10020,9977.42
10021,9977.42
10022,9977.42
10023,9977.42
10024,9977.42
10025,9977.42
10026,9977.42
10027,9977.42
10028,9977.42
10029,9977.42
10030,9977.42
10031,9977.42
10032,9977.42
10033,9977.42
10034,9977.42
10035,9977.42
10036,9977.42
10037,9977.42
10038,9977.42
10039,9977.42
10040,9977.42
10041,9977.42
10042,9977.42
10043,9977.42
10044,9977.42
10045,9977.42
10046,9977.42
10047,9977.42
10048,9977.42
10049,9977.42
10050,9977.42
10051,9977.42
10052,9977.42
10053,9977.42
10054,9977.42
10055,9977.42
10056,9977.42
10057,9977.42
10058,9977.42
10059,9977.42
10060,9977.42
10061,9977.42
10062,9977.42
10063,9977.42
10064,9977.42
10065,9977.42
10066,9977.42
10067,9977.42
10068,9977.42
10069,9977.42
10070,9977.42
10071,9977.42
10072,9977.42
10073,9977.42
10074,9977.42
10075,9977.42
10076,9977.42
10077,9977.42
10078,9977.42
10079,9977.42
10080,9977.42
10081,9977.42
10082,9977.42
10083,9977.42
10084,9977.42
10085,9977.42
10086,9977.42
10087,9977.42
10088,9977.42
10089,9977.42
10090,9977.42
10091,9977.42
10092,9977.42
10093,9977.42
10094,9977.42
10095,9977.42
10096,9977.42
10097,9977.42
10098,9977.42
10099,9977.42
10100,9977.42
10101,9977.42
10102,9977.42
10103,9977.42
10104,9977.42
10105,9977.42
10106,9977.42
10107,9977.42
10108,9977.42
10109,9977.42
10110,9977.42
10111,9977.42
10112,9977.42
10113,9977.42
10114,9977.42
10115,9977.42
10116,9977.42
10117,9977.42
10118,9977.42
10119,9977.42
10120,9977.42
10121,9977.42
10122,9977.42
10123,9977.42
10124,9977.42
10125,9977.42
10126,9977.42
10127,9977.42
10128,9977.42
10129,9977.42
10130,9977.42
10131,9977.42
10132,9977.42
10133,9977.42
10134,9977.42
10135,9977.42
10136,9977.42
10137,9977.42
10138,9977.42
10139,9977.42
10140,9977.42
10141,9977.42
10142,9977.42
10143,9977.42
10144,9977.42
10145,9977.42
10146,9977.42
10147,9977.42
10148,9977.42
10149,9977.42
10150,9977.42
10151,9977.42
10152,9977.42
10153,9977.42
10154,9977.42
10155,9977.42
10156,9977.42
10157,9977.42
10158,9977.42
10159,9977.42
10160,9977.42
10161,9977.42
10162,9977.42
10163,9977.42
10164,9977.42
10165,9977.42
10166,9977.42
10167,9977.42
10168,9977.42
10169,9977.42
10170,9977.42
10171,9977.42
10172,9977.42
10173,9977.42
10174,9977.42
10175,9977.42
10176,9977.42
10177,9977.42
10178,9977.42
10179,9977.42
10180,9977.42
10181,9977.42
10182,9977.42
10183,9977.42
10184,9977.42
10185,9977.42
10186,9977.42
10187,9977.42
10188,9977.42
10189,9977.42
10190,9977.42
10191,9977.42
10192,9977.42
10193,9977.42
10194,9977.42
10195,9977.42
10196,9977.42
10197,9977.42
10198,9977.42
10199,9977.42
10200,9977.42
10201,9977.42
10202,9977.42
10203,9977.42
10204,9977.42
10205,9977.42
10206,9977.42
10207,9977.42
10208,9977.42
10209,9977.42
10210,9977.42
10211,9977.42
10212,9977.42
10213,9977.42
10214,9977.42
10215,9977.42
10216,9977.42
10217,9977.42
10218,9977.42
10219,9977.42
10220,9977.42
10221,9977.42
10222,9977.42
10223,9977.42
10224,9977.42
10225,9977.42
10226,9977.42
10227,9977.42
10228,9977.42
10229,9977.42
10230,9977.42
10231,9977.42
10232,9977.42
10233,9977.42
10234,9977.42
10235,9977.42
10236,9977.42
10237,9977.42
10238,9977.42
10239,9977.42
10240,9977.42
10241,9977.42
10242,9977.42
10243,9977.42
10244,9977.42
10245,9977.42
10246,9977.42
10247,9977.42
10248,9977.42
10249,9977.42
10250,9977.42
10251,9977.42
10252,9977.42
10253,9977.42
10254,9977.42
10255,9977.42
10256,9977.42
10257,9977.42
10258,9977.42
10259,9977.42
10260,9977.42
10261,9977.42
10262,9977.42
10263,9977.42
10264,9977.42
10265,9977.42
10266,9977.42
10267,9977.42
10268,9977.42
10269,9977.42
10270,9977.42
10271,9977.42
10272,9977.42
10273,9977.42
10274,9977.42
10275,9977.42
10276,9977.42
10277,9977.42
10278,9977.42
10279,9977.42
10280,9977.42
10281,9977.42
10282,9977.42
10283,9977.42
10284,9977.42
10285,9977.42
10286,9977.42
10287,9977.42
10288,9977.42
10289,9977.42
10290,9977.42
10291,9977.42
10292,9977.42
10293,9977.42
10294,9977.42
10295,9977.42
10296,9977.42
10297,9977.42
10298,9977.42
10299,9977.42
10300,9977.42
10301,9977.42
10302,9977.42
10303,9977.42
10304,9977.42
10305,9977.42
10306,9977.42
10307,9977.42
10308,9977.42
10309,9977.42
10310,9977.42
10311,9977.42
10312,9977.42
10313,9977.42
10314,9977.42
10315,9977.42
10316,9977.42
10317,9977.42
10318,9977.42
10319,9977.42
10320,9977.42
10321,9977.42
10322,9977.42
10323,9977.42
10324,9977.42
10325,9977.42
10326,9977.42
10327,9977.42
10328,9977.42
10329,9977.42
10330,9977.42
10331,9977.42
10332,9977.42
10333,9977.42
10334,9977.42
10335,9977.42
10336,9977.42
10337,9977.42
10338,9977.42
10339,9977.42
10340,9977.42
10341,9977.42
10342,9977.42
10343,9977.42
10344,9977.42
10345,9977.42
10346,9977.42
10347,9977.42
10348,9977.42
10349,9977.42
10350,9977.42
10351,9977.42
10352,9977.42
10353,9977.42
10354,9977.42
10355,9977.42
10356,9977.42
10357,9977.42
10358,9977.42
10359,9977.42
10360,9977.42
10361,9977.42
10362,9977.42
10363,9977.42
10364,9977.42
10365,9977.42
10366,9977.42
10367,9977.42
10368,9977.42
10369,9977.42
10370,9977.42
10371,9977.42
10372,9977.42
10373,9977.42
10374,9977.42
10375,9977.42
10376,9977.42
10377,9977.42
10378,9977.42
10379,9977.42
10380,9977.42
10381,9977.42
10382,9977.42
10383,9977.42
10384,9977.42
10385,9977.42
10386,9977.42
10387,9977.42
10388,9977.42
10389,9977.42
10390,9977.42
10391,9977.42
10392,9977.42
10393,9977.42
10394,9977.42
10395,9977.42
10396,9977.42
10397,9977.42
10398,9977.42
10399,9977.42
10400,9977.42
10401,9977.42
10402,9977.42
10403,9977.42
10404,9977.42
10405,9977.42
10406,9977.42
10407,9977.42
10408,9977.42
10409,9977.42
10410,9977.42
10411,9977.42
10412,9977.42
10413,9977.42
10414,9977.42
10415,9977.42
10416,9977.42
10417,9977.42
10418,9977.42
10419,9977.42
10420,9977.42
10421,9977.42
10422,9977.42
10423,9977.42
10424,9977.42
10425,9977.42
10426,9977.42
10427,9977.42
10428,9977.42
10429,9977.42
10430,9977.42
10431,9977.42
10432,9977.42
10433,9977.42
10434,9977.42
10435,9977.42
10436,9977.42
10437,9977.42
10438,9977.42
10439,9977.42
10440,9977.42
10441,9977.42
10442,9977.42
10443,9977.42
10444,9977.42
10445,9977.42
10446,9977.42
10447,9977.42
10448,9977.42
10449,9977.42
10450,9977.42
10451,9977.42
10452,9977.42
10453,9977.42
10454,9977.42
10455,9977.42
10456,9977.42
10457,9977.42
10458,9977.42
10459,9977.42
10460,9977.42
10461,9977.42
10462,9977.42
10463,9977.42
10464,9977.42
10465,9977.42
10466,9977.42
10467,9977.42
10468,9977.42
10469,9977.42
10470,9977.42
10471,9977.42
10472,9977.42
10473,9977.42
10474,9977.42
10475,9977.42
10476,9977.42
10477,9977.42
10478,9977.42
10479,9977.42
10480,9977.42
10481,9977.42
10482,9977.42
10483,9977.42
10484,9977.42
10485,9977.42
10486,9977.42
10487,9977.42
10488,9977.42
10489,9977.42
10490,9977.42
10491,9977.42
10492,9977.42
10493,9977.42
10494,9977.42
10495,9977.42
10496,9977.42
10497,9977.42
10498,9977.42
10499,9977.42
10500,9977.42
10501,9977.42
10502,9977.42
10503,9977.42
10504,9977.42
10505,9977.42
10506,9977.42
10507,9977.42
10508,9977.42
10509,9977.42
10510,9977.42
10511,9977.42
10512,9977.42
10513,9977.42
10514,9977.42
10515,9977.42
10516,9977.42
10517,9977.42
10518,9977.42
10519,9977.42
10520,9977.42
10521,9977.42
10522,9977.42
10523,9977.42
10524,9977.42
10525,9977.42
10526,9977.42
10527,9977.42
10528,9977.42
10529,9977.42
10530,9977.42
10531,9977.42
10532,9977.42
10533,9977.42
10534,9977.42
10535,9977.42
10536,9977.42
10537,9977.42
10538,9977.42
10539,9977.42
10540,9977.42
10541,9977.42
10542,9977.42
10543,9977.42
10544,9977.42
10545,9977.42
10546,9977.42
10547,9977.42
10548,9977.42
10549,9977.42
10550,9977.42
10551,9977.42
10552,9977.42
10553,9977.42
10554,9977.42
10555,9977.42
10556,9977.42
10557,9977.42
10558,9977.42
10559,9977.42
10560,9977.42
10561,9977.42
10562,9977.42
10563,9977.42
10564,9977.42
10565,9977.42
10566,9977.42
10567,9977.42
10568,9977.42
10569,9977.42
10570,9977.42
10571,9977.42
10572,9977.42
10573,9977.42
10574,9977.42
10575,9977.42
10576,9977.42
10577,9977.42
10578,9977.42
10579,9977.42
10580,9977.42
10581,9977.42
10582,9977.42
10583,9977.42
10584,9977.42
10585,9977.42
10586,9977.42
10587,9977.42
10588,9977.42
10589,9977.42
10590,9977.42
10591,9977.42
10592,9977.42
10593,9977.42
10594,9977.42
10595,9977.42
10596,9977.42
10597,9977.42
10598,9977.42
10599,9977.42
10600,9977.42
10601,9977.42
10602,9977.42
10603,9977.42
10604,9977.42
10605,9977.42
10606,9977.42
10607,9977.42
10608,9977.42
10609,9977.42
10610,9977.42
10611,9977.42
10612,9977.42
10613,9977.42
10614,9977.42
10615,9977.42
10616,9977.42
10617,9977.42
10618,9977.42
10619,9977.42
10620,9977.42
10621,9977.42
10622,9977.42
10623,9977.42
10624,9977.42
10625,9977.42
10626,9977.42
10627,9977.42
10628,9977.42
10629,9977.42
10630,9977.42
10631,9977.42
10632,9977.42
10633,9977.42
10634,9977.42
10635,9977.42
10636,9977.42
10637,9977.42
10638,9977.42
10639,9977.42
10640,9977.42
10641,9977.42
10642,9977.42
10643,9977.42
10644,9977.42
10645,9977.42
10646,9977.42
10647,9977.42
10648,9977.42
10649,9977.42
10650,9977.42
10651,9977.42
10652,9977.42
10653,9977.42
10654,9977.42
10655,9977.42
10656,9977.42
10657,9977.42
10658,9977.42
10659,9977.42
10660,9977.42
10661,9977.42
10662,9977.42
10663,9977.42
10664,9977.42
10665,9977.42
10666,9977.42
10667,9977.42
10668,9977.42
10669,9977.42
10670,9977.42
10671,9977.42
10672,9977.42
10673,9977.42
10674,9977.42
10675,9977.42
10676,9977.42
10677,9977.42
10678,9977.42
10679,9977.42
10680,9977.42
10681,9977.42
10682,9977.42
10683,9977.42
10684,9977.42
10685,9977.42
10686,9977.42
10687,9977.42
10688,9977.42
10689,9977.42
10690,9977.42
10691,9977.42
10692,9977.42
10693,9977.42
10694,9977.42
10695,9977.42
10696,9977.42
10697,9977.42
10698,9977.42
10699,9977.42
10700,9977.42
10701,9977.42
10702,9977.42
10703,9977.42
10704,9977.42
10705,9977.42
10706,9977.42
10707,9977.42
10708,9977.42
10709,9977.42
10710,9977.42
10711,9977.42
10712,9977.42
10713,9977.42
10714,9977.42
10715,9977.42
10716,9977.42
10717,9977.42
10718,9977.42
10719,9977.42
10720,9977.42
10721,9977.42
10722,9977.42
10723,9977.42
10724,9977.42
10725,9977.42
10726,9977.42
10727,9977.42
10728,9977.42
10729,9977.42
10730,9977.42
10731,9977.42
10732,9977.42
10733,9977.42
10734,9977.42
10735,9977.42
10736,9977.42
10737,9977.42
10738,9977.42
10739,9977.42
10740,9977.42
10741,9977.42
10742,9977.42
10743,9977.42
10744,9977.42
10745,9977.42
10746,9977.42
10747,9977.42
10748,9977.42
10749,9977.42
10750,9977.42
10751,9977.42
10752,9977.42
10753,9977.42
10754,9977.42
10755,9977.42
10756,9977.42
10757,9977.42
10758,9977.42
10759,9977.42
10760,9977.42
10761,9977.42
10762,9977.42
10763,9977.42
10764,9977.42
10765,9977.42
10766,9977.42
10767,9977.42
10768,9977.42
10769,9977.42
10770,9977.42
10771,9977.42
10772,9977.42
10773,9977.42
10774,9977.42
10775,9977.42
10776,9977.42
10777,9977.42
10778,9977.42
10779,9977.42
10780,9977.42
10781,9977.42
10782,9977.42
10783,9977.42
10784,9977.42
10785,9977.42
10786,9977.42
10787,9977.42
10788,9977.42
10789,9977.42
10790,9977.42
10791,9977.42
10792,9977.42
10793,9977.42
10794,9977.42
10795,9977.42
10796,9977.42
10797,9977.42
10798,9977.42
10799,9977.42
10800,9977.42
10801,9977.42
10802,9977.42
10803,9977.42
10804,9977.42
10805,9977.42
10806,9977.42
10807,9977.42
10808,9977.42
10809,9977.42
10810,9977.42
10811,9977.42
10812,9977.42
10813,9977.42
10814,9977.42
10815,9977.42
10816,9977.42
10817,9977.42
10818,9977.42
10819,9977.42
10820,9977.42
10821,9977.42
10822,9977.42
10823,9977.42
10824,9977.42
10825,9977.42
10826,9977.42
10827,9977.42
10828,9977.42
10829,9977.42
10830,9977.42
10831,9977.42
10832,9977.42
10833,9977.42
10834,9977.42
10835,9977.42
10836,9977.42
10837,9977.42
10838,9977.42
10839,9977.42
10840,9977.42
10841,9977.42
10842,9977.42
10843,9977.42
10844,9977.42
10845,9977.42
10846,9977.42
10847,9977.42
10848,9977.42
10849,9977.42
10850,9977.42
10851,9977.42
10852,9977.42
10853,9977.42
10854,9977.42
10855,9977.42
10856,9977.42
10857,9977.42
10858,9977.42
10859,9977.42
10860,9977.42
10861,9977.42
10862,9977.42
10863,9977.42
10863.8,9977.42
10864,9977.22
10865,9976.32
10865.1,9976.23
10866,9976.23
10866.1,9976.23
10866.4,9976.23
10867,9976.23
10867.1,9976.23
10867.1,9976.23
10868,9976.19
10868.1,9976.19
10869,9976.19
10870,9976.19
10871,9976.19
10872,9976.19
10873,9976.19
10874,9976.19
10875,9976.19
10876,9976.19
10877,9976.19
10878,9976.19
10879,9976.19
10880,9976.19
10881,9976.19
10882,9976.19
10883,9976.19
10884,9976.19
10885,9976.19
10886,9976.19
10887,9976.19
10888,9976.19
10889,9976.19
10890,9976.19
10891,9976.19
10892,9976.19
10893,9976.19
10894,9976.19
10895,9976.19
10896,9976.19
10897,9976.19
10898,9976.19
10899,9976.19
10900,9976.19
10901,9976.19
10902,9976.19
10903,9976.19
10904,9976.19
10905,9976.19
10906,9976.19
10907,9976.19
10908,9976.19
10909,9976.19
10910,9976.19
10911,9976.19
10912,9976.19
10913,9976.19
10914,9976.19
10915,9976.19
10916,9976.19
10917,9976.19
10918,9976.19
10919,9976.19
10920,9976.19
10921,9976.19
10922,9976.19
10923,9976.19
10924,9976.19
10925,9976.19
10926,9976.19
10927,9976.19
10928,9976.19
10929,9976.19
10930,9976.19
10931,9976.19
10932,9976.19
10933,9976.19
10934,9976.19
10935,9976.19
10936,9976.19
10937,9976.19
10938,9976.19
10939,9976.19
10940,9976.19
10941,9976.19
10942,9976.19
10943,9976.19
10944,9976.19
10945,9976.19
10946,9976.19
10947,9976.19
10948,9976.19
10949,9976.19
10950,9976.19
10951,9976.19
10952,9976.19
10953,9976.19
10954,9976.19
10955,9976.19
10956,9976.19
10957,9976.19
10958,9976.19
10959,9976.19
10960,9976.19
10961,9976.19
10962,9976.19
10963,9976.19
10964,9976.19
10965,9976.19
10966,9976.19
10967,9976.19
10968,9976.19
10969,9976.19
10970,9976.19
10971,9976.19
10972,9976.19
10973,9976.19
10974,9976.19
10975,9976.19
10976,9976.19
10977,9976.19
10978,9976.19
10979,9976.19
10980,9976.19
10981,9976.19
10982,9976.19
10983,9976.19
10984,9976.19
10985,9976.19
10986,9976.19
10987,9976.19
10988,9976.19
10989,9976.19
10990,9976.19
10991,9976.19
10992,9976.19
10993,9976.19
10994,9976.19
10995,9976.19
10996,9976.19
10997,9976.19
10998,9976.19
10999,9976.19
11000,9976.19
11001,9976.19
11002,9976.19
11003,9976.19
11004,9976.19
11005,9976.19
11006,9976.19
11007,9976.19
11008,9976.19
11009,9976.19
11010,9976.19
11011,9976.19
11012,9976.19
11013,9976.19
11014,9976.19
11015,9976.19
11016,9976.19
11017,9976.19
11018,9976.19
11019,9976.19
11020,9976.19
11021,9976.19
11022,9976.19
11023,9976.19
11024,9976.19
11025,9976.19
11026,9976.19
11027,9976.19
11028,9976.19
11029,9976.19
11030,9976.19
11031,9976.19
11032,9976.19
11033,9976.19
11034,9976.19
11035,9976.19
11036,9976.19
11037,9976.19
11038,9976.19
11039,9976.19
11040,9976.19
11041,9976.19
11042,9976.19
11043,9976.19
11044,9976.19
11045,9976.19
11046,9976.19
11047,9976.19
11048,9976.19
11049,9976.19
11050,9976.19
11051,9976.19
11052,9976.19
11053,9976.19
11054,9976.19
11055,9976.19
11056,9976.19
11057,9976.19
11058,9976.19
11059,9976.19
11060,9976.19
11061,9976.19
11062,9976.19
11063,9976.19
11064,9976.19
11065,9976.19
11066,9976.19
11067,9976.19
11068,9976.19
11069,9976.19
11070,9976.19
11071,9976.19
11072,9976.19
11073,9976.19
11074,9976.19
11075,9976.19
11076,9976.19
11077,9976.19
11078,9976.19
11079,9976.19
11080,9976.19
11081,9976.19
11082,9976.19
11083,9976.19
11084,9976.19
11085,9976.19
11086,9976.19
11087,9976.19
11088,9976.19
11089,9976.19
11090,9976.19
11091,9976.19
11092,9976.19
11093,9976.19
11094,9976.19
11095,9976.19
11096,9976.19
11097,9976.19
11098,9976.19
11099,9976.19
11100,9976.19
11101,9976.19
11102,9976.19
11103,9976.19
11104,9976.19
11105,9976.19
11106,9976.19
11107,9976.19
11108,9976.19
11109,9976.19
11110,9976.19
11111,9976.19
11112,9976.19
11113,9976.19
11114,9976.19
11115,9976.19
11116,9976.19
11117,9976.19
11118,9976.19
11119,9976.19
11120,9976.19
11121,9976.19
11122,9976.19
11123,9976.19
11124,9976.19
11125,9976.19
11126,9976.19
11127,9976.19
11128,9976.19
11129,9976.19
11130,9976.19
11131,9976.19
11132,9976.19
11133,9976.19
11134,9976.19
11135,9976.19
11136,9976.19
11137,9976.19
11138,9976.19
11139,9976.19
11140,9976.19
11141,9976.19
11142,9976.19
11143,9976.19
11144,9976.19
11145,9976.19
11146,9976.19
11147,9976.19
11148,9976.19
11149,9976.19
11150,9976.19
11151,9976.19
11152,9976.19
11153,9976.19
11154,9976.19
11155,9976.19
11156,9976.19
11157,9976.19
11158,9976.19
11159,9976.19
11160,9976.19
11161,9976.19
11162,9976.19
11163,9976.19
11164,9976.19
11165,9976.19
11166,9976.19
11167,9976.19
11168,9976.19
11169,9976.19
11170,9976.19
11171,9976.19
11172,9976.19
11173,9976.19
11174,9976.19
11175,9976.19
11176,9976.19
11177,9976.19
11178,9976.19
11179,9976.19
11180,9976.19
11181,9976.19
11182,9976.19
11183,9976.19
11184,9976.19
11185,9976.19
11186,9976.19
11187,9976.19
11188,9976.19
11189,9976.19
11190,9976.19
11191,9976.19
11192,9976.19
11193,9976.19
11194,9976.19
11195,9976.19
11196,9976.19
11197,9976.19
11198,9976.19
11199,9976.19
11200,9976.19
11201,9976.19
11202,9976.19
11203,9976.19
11204,9976.19
11205,9976.19
11206,9976.19
11207,9976.19
11208,9976.19
11209,9976.19
11210,9976.19
11211,9976.19
11212,9976.19
11213,9976.19
11214,9976.19
11215,9976.19
11216,9976.19
11217,9976.19
11218,9976.19
11219,9976.19
11220,9976.19
11221,9976.19
11222,9976.19
11223,9976.19
11224,9976.19
11225,9976.19
11226,9976.19
11227,9976.19
11228,9976.19
11229,9976.19
11230,9976.19
11231,9976.19
11232,9976.19
11233,9976.19
11234,9976.19
11235,9976.19
11236,9976.19
11237,9976.19
11238,9976.19
11239,9976.19
11240,9976.19
11241,9976.19
11242,9976.19
11243,9976.19
11244,9976.19
11245,9976.19
11246,9976.19
11247,9976.19
11248,9976.19
11249,9976.19
11250,9976.19
11251,9976.19
11252,9976.19
11253,9976.19
11254,9976.19
11255,9976.19
11256,9976.19
11257,9976.19
11258,9976.19
11259,9976.19
11260,9976.19
11261,9976.19
11262,9976.19
11263,9976.19
11264,9976.19
11265,9976.19
11266,9976.19
11267,9976.19
11268,9976.19
11269,9976.19
11270,9976.19
11271,9976.19
11272,9976.19
11273,9976.19
11274,9976.19
11275,9976.19
11276,9976.19
11277,9976.19
11278,9976.19
11279,9976.19
11280,9976.19
11281,9976.19
11282,9976.19
11283,9976.19
11284,9976.19
11285,9976.19
11286,9976.19
11287,9976.19
11288,9976.19
11289,9976.19
11290,9976.19
11291,9976.19
11292,9976.19
11293,9976.19
11294,9976.19
11295,9976.19
11296,9976.19
11297,9976.19
11298,9976.19
11299,9976.19
11300,9976.19
11301,9976.19
11302,9976.19
11303,9976.19
11304,9976.19
11305,9976.19
11306,9976.19
11307,9976.19
11308,9976.19
11309,9976.19
11310,9976.19
11311,9976.19
11312,9976.19
11313,9976.19
11314,9976.19
11315,9976.19
11316,9976.19
11317,9976.19
11318,9976.19
11319,9976.19
11320,9976.19
11321,9976.19
11322,9976.19
11323,9976.19
11324,9976.19
11325,9976.19
11326,9976.19
11327,9976.19
11328,9976.19
11329,9976.19
11330,9976.19
11331,9976.19
11332,9976.19
11333,9976.19
11334,9976.19
11335,9976.19
11336,9976.19
11337,9976.19
11338,9976.19
11339,9976.19
11340,9976.19
11341,9976.19
11342,9976.19
11343,9976.19
11344,9976.19
11345,9976.19
11346,9976.19
11347,9976.19
11348,9976.19
11349,9976.19
11350,9976.19
11351,9976.19
11352,9976.19
11353,9976.19
11354,9976.19
11355,9976.19
11356,9976.19
11357,9976.19
11358,9976.19
11359,9976.19
11360,9976.19
11361,9976.19
11362,9976.19
11363,9976.19
11364,9976.19
11365,9976.19
11366,9976.19
11367,9976.19
11368,9976.19
11369,9976.19
11370,9976.19
11371,9976.19
11372,9976.19
11373,9976.19
11374,9976.19
11375,9976.19
11376,9976.19
11377,9976.19
11378,9976.19
11379,9976.19
11380,9976.19
11381,9976.19
11382,9976.19
11383,9976.19
11384,9976.19
11385,9976.19
11386,9976.19
11387,9976.19
11388,9976.19
11389,9976.19
11390,9976.19
11391,9976.19
11392,9976.19
11393,9976.19
11394,9976.19
11395,9976.19
11396,9976.19
11397,9976.19
11398,9976.19
11399,9976.19
11400,9976.19
11401,9976.19
11402,9976.19
11403,9976.19
11404,9976.19
11405,9976.19
11406,9976.19
11407,9976.19
11408,9976.19
11409,9976.19
11410,9976.19
11411,9976.19
11412,9976.19
11413,9976.19
11414,9976.19
11415,9976.19
11416,9976.19
11417,9976.19
11418,9976.19
11419,9976.19
11420,9976.19
11421,9976.19
11422,9976.19
11423,9976.19
11424,9976.19
11425,9976.19
11426,9976.19
11427,9976.19
11428,9976.19
11429,9976.19
11430,9976.19
11431,9976.19
11432,9976.19
11433,9976.19
11434,9976.19
11435,9976.19
11436,9976.19
11437,9976.19
11438,9976.19
11439,9976.19
11440,9976.19
11441,9976.19
11442,9976.19
11443,9976.19
11444,9976.19
11445,9976.19
11446,9976.19
11447,9976.19
11448,9976.19
11449,9976.19
11450,9976.19
11451,9976.19
11452,9976.19
11453,9976.19
11454,9976.19
11455,9976.19
11456,9976.19
11457,9976.19
11458,9976.19
11459,9976.19
11460,9976.19
11461,9976.19
11462,9976.19
11463,9976.19
11464,9976.19
11465,9976.19
11466,9976.19
11467,9976.19
11468,9976.19
11469,9976.19
11470,9976.19
11471,9976.19
11472,9976.19
11473,9976.19
11474,9976.19
11475,9976.19
11476,9976.19
11477,9976.19
11478,9976.19
11479,9976.19
11480,9976.19
11481,9976.19
11482,9976.19
11483,9976.19
11484,9976.19
11485,9976.19
11486,9976.19
11487,9976.19
11488,9976.19
11489,9976.19
11490,9976.19
11491,9976.19
11492,9976.19
11493,9976.19
11494,9976.19
11495,9976.19
11496,9976.19
11497,9976.19
11498,9976.19
11499,9976.19
11500,9976.19
11501,9976.19
11502,9976.19
11503,9976.19
11504,9976.19
11505,9976.19
11506,9976.19
11507,9976.19
11508,9976.19
11509,9976.19
11510,9976.19
11511,9976.19
11512,9976.19
11513,9976.19
11514,9976.19
11515,9976.19
11516,9976.19
11517,9976.19
11518,9976.19
11519,9976.19
11520,9976.19
11521,9976.19
11522,9976.19
11523,9976.19
11524,9976.19
11525,9976.19
11526,9976.19
11527,9976.19
11528,9976.19
11529,9976.19
11530,9976.19
11531,9976.19
11532,9976.19
11533,9976.19
11534,9976.19
11535,9976.19
11536,9976.19
11537,9976.19
11538,9976.19
11539,9976.19
11540,9976.19
11541,9976.19
11542,9976.19
11543,9976.19
11544,9976.19
11545,9976.19
11546,9976.19
11547,9976.19
11548,9976.19
11549,9976.19
11550,9976.19
11551,9976.19
11552,9976.19
11553,9976.19
11554,9976.19
11555,9976.19
11556,9976.19
11557,9976.19
11558,9976.19
11559,9976.19
11560,9976.19
11561,9976.19
11562,9976.19
11563,9976.19
11564,9976.19
11565,9976.19
11566,9976.19
11567,9976.19
11568,9976.19
11569,9976.19
11570,9976.19
11571,9976.19
11572,9976.19
11573,9976.19
11574,9976.19
11575,9976.19
11576,9976.19
11577,9976.19
11578,9976.19
11579,9976.19
11580,9976.19
11581,9976.19
11582,9976.19
11583,9976.19
11584,9976.19
11585,9976.19
11586,9976.19
11587,9976.19
11588,9976.19
11589,9976.19
11590,9976.19
11591,9976.19
11592,9976.19
11593,9976.19
11594,9976.19
11595,9976.19
11596,9976.19
11597,9976.19
11598,9976.19
11599,9976.19
11600,9976.19
11601,9976.19
11602,9976.19
11603,9976.19
11604,9976.19
11605,9976.19
11606,9976.19
11607,9976.19
11608,9976.19
11609,9976.19
11610,9976.19
11611,9976.19
11612,9976.19
11613,9976.19
11614,9976.19
11615,9976.19
11616,9976.19
11617,9976.19
11618,9976.19
11619,9976.19
11620,9976.19
11621,9976.19
11622,9976.19
11623,9976.19
11624,9976.19
11625,9976.19
11626,9976.19
11627,9976.19
11628,9976.19
11629,9976.19
11630,9976.19
11631,9976.19
11632,9976.19
11633,9976.19
11634,9976.19
11635,9976.19
11636,9976.19
11637,9976.19
11638,9976.19
11639,9976.19
11640,9976.19
11641,9976.19
11642,9976.19
11643,9976.19
11644,9976.19
11645,9976.19
11646,9976.19
11647,9976.19
11648,9976.19
11649,9976.19
11650,9976.19
11651,9976.19
11652,9976.19
11653,9976.19
11654,9976.19
11655,9976.19
11656,9976.19
11657,9976.19
11658,9976.19
11659,9976.19
11660,9976.19
11661,9976.19
11662,9976.19
11663,9976.19
11664,9976.19
11665,9976.19
11666,9976.19
11667,9976.19
11668,9976.19
11669,9976.19
11670,9976.19
11671,9976.19
11672,9976.19
11673,9976.19
11674,9976.19
11675,9976.19
11676,9976.19
11677,9976.19
11678,9976.19
11679,9976.19
11680,9976.19
11681,9976.19
11682,9976.19
11683,9976.19
11684,9976.19
11685,9976.19
11686,9976.19
11687,9976.19
11688,9976.19
11689,9976.19
11690,9976.19
11691,9976.19
11692,9976.19
11693,9976.19
11694,9976.19
11695,9976.19
11696,9976.19
11697,9976.19
11698,9976.19
11699,9976.19
11700,9976.19
11701,9976.19
11702,9976.19
11703,9976.19
11704,9976.19
11705,9976.19
11706,9976.19
11707,9976.19
11708,9976.19
11709,9976.19
11710,9976.19
11711,9976.19
11712,9976.19
11713,9976.19
11714,9976.19
11715,9976.19
11716,9976.19
11717,9976.19
11718,9976.19
11719,9976.19
11720,9976.19
11721,9976.19
11722,9976.19
11723,9976.19
11724,9976.19
11725,9976.19
11726,9976.19
11727,9976.19
11728,9976.19
11729,9976.19
11730,9976.19
11731,9976.19
11732,9976.19
11733,9976.19
11734,9976.19
11735,9976.19
11736,9976.19
11737,9976.19
11738,9976.19
11739,9976.19
11740,9976.19
11741,9976.19
11742,9976.19
11743,9976.19
11744,9976.19
11745,9976.19
11746,9976.19
11747,9976.19
11748,9976.19
11749,9976.19
11750,9976.19
11751,9976.19
11752,9976.19
11753,9976.19
11754,9976.19
11755,9976.19
11756,9976.19
11757,9976.19
11758,9976.19
11759,9976.19
11760,9976.19
11761,9976.19
11762,9976.19
11763,9976.19
11764,9976.19
11765,9976.19
11766,9976.19
11767,9976.19
11768,9976.19
11769,9976.19
11770,9976.19
11771,9976.19
11772,9976.19
11773,9976.19
11774,9976.19
11775,9976.19
11776,9976.19
11777,9976.19
11778,9976.19
11779,9976.19
11780,9976.19
11781,9976.19
11782,9976.19
11783,9976.19
11784,9976.19
11785,9976.19
11786,9976.19
11787,9976.19
11788,9976.19
11789,9976.19
11790,9976.19
11791,9976.19
11792,9976.19
11793,9976.19
11794,9976.19
11795,9976.19
11796,9976.19
11797,9976.19
11798,9976.19
11799,9976.19
11800,9976.19
11801,9976.19
11802,9976.19
11803,9976.19
11804,9976.19
11805,9976.19
11806,9976.19
11807,9976.19
11808,9976.19
11809,9976.19
11810,9976.19
11811,9976.19
11812,9976.19
11813,9976.19
11814,9976.19
11815,9976.19
11816,9976.19
11817,9976.19
11818,9976.19
11819,9976.19
11820,9976.19
11821,9976.19
11822,9976.19
11823,9976.19
11824,9976.19
11825,9976.19
11826,9976.19
11827,9976.19
11828,9976.19
11829,9976.19
11830,9976.19
11831,9976.19
11832,9976.19
11833,9976.19
11834,9976.19
11835,9976.19
11836,9976.19
11837,9976.19
11838,9976.19
11839,9976.19
11840,9976.19
11841,9976.19
11842,9976.19
11843,9976.19
11844,9976.19
11845,9976.19
11846,9976.19
11847,9976.19
11848,9976.19
11849,9976.19
11850,9976.19
11851,9976.19
11852,9976.19
11853,9976.19
11854,9976.19
11855,9976.19
11856,9976.19
11857,9976.19
11858,9976.19
11859,9976.19
11860,9976.19
11861,9976.19
11862,9976.19
11863,9976.19
11864,9976.19
11865,9976.19
11866,9976.19
11867,9976.19
11868,9976.19
11869,9976.19
11870,9976.19
11871,9976.19
11872,9976.19
11873,9976.19
11874,9976.19
11875,9976.19
11876,9976.19
11877,9976.19
11878,9976.19
11879,9976.19
11880,9976.19
11881,9976.19
11882,9976.19
11883,9976.19
11884,9976.19
11885,9976.19
11886,9976.19
11887,9976.19
11888,9976.19
11889,9976.19
11890,9976.19
11891,9976.19
11892,9976.19
11893,9976.19
11894,9976.19
11895,9976.19
11896,9976.19
11897,9976.19
11898,9976.19
11899,9976.19
11900,9976.19
11901,9976.19
11902,9976.19
11903,9976.19
11904,9976.19
11905,9976.19
11906,9976.19
11907,9976.19
11908,9976.19
11909,9976.19
11910,9976.19
11911,9976.19
11912,9976.19
11913,9976.19
11914,9976.19
11915,9976.19
11916,9976.19
11917,9976.19
11918,9976.19
11919,9976.19
11920,9976.19
11921,9976.19
11922,9976.19
11923,9976.19
11924,9976.19
11925,9976.19
11926,9976.19
11927,9976.19
11928,9976.19
11929,9976.19
11930,9976.19
11931,9976.19
11932,9976.19
11933,9976.19
11934,9976.19
11935,9976.19
11936,9976.19
11937,9976.19
11938,9976.19
11939,9976.19
11940,9976.19
11941,9976.19
11942,9976.19
11943,9976.19
11944,9976.19
11945,9976.19
11946,9976.19
11947,9976.19
11948,9976.19
11949,9976.19
11950,9976.19
11951,9976.19
11952,9976.19
11953,9976.19
11954,9976.19
11955,9976.19
11956,9976.19
11957,9976.19
11958,9976.19
11959,9976.19
11960,9976.19
11961,9976.19
11962,9976.19
11963,9976.19
11964,9976.19
11965,9976.19
11966,9976.19
11967,9976.19
11968,9976.19
11969,9976.19
11970,9976.19
11971,9976.19
11972,9976.19
11973,9976.19
11974,9976.19
11975,9976.19
11976,9976.19
11977,9976.19
11978,9976.19
11979,9976.19
11980,9976.19
11981,9976.19
11982,9976.19
11983,9976.19
11984,9976.19
11985,9976.19
11986,9976.19
11987,9976.19
11988,9976.19
11989,9976.19
11990,9976.19
11991,9976.19
11992,9976.19
11993,9976.19
11994,9976.19
11995,9976.19
11996,9976.19
11997,9976.19
11998,9976.19
11999,9976.19
12000,9976.19
12001,9976.19
12002,9976.19
12003,9976.19
12004,9976.19
12005,9976.19
12006,9976.19
12007,9976.19
12008,9976.19
12009,9976.19
12010,9976.19
12011,9976.19
12012,9976.19
12013,9976.19
12014,9976.19
12015,9976.19
12016,9976.19
12017,9976.19
12018,9976.19
12019,9976.19
12020,9976.19
12021,9976.19
12022,9976.19
12023,9976.19
12024,9976.19
12025,9976.19
12026,9976.19
12027,9976.19
12028,9976.19
12029,9976.19
12030,9976.19
12031,9976.19
12032,9976.19
12033,9976.19
12034,9976.19
12035,9976.19
12036,9976.19
12037,9976.19
12038,9976.19
12039,9976.19
12040,9976.19
12041,9976.19
12042,9976.19
12043,9976.19
12044,9976.19
12045,9976.19
12046,9976.19
12047,9976.19
12048,9976.19
12049,9976.19
12050,9976.19
12051,9976.19
12052,9976.19
12053,9976.19
12054,9976.19
12055,9976.19
12056,9976.19
12057,9976.19
12058,9976.19
12059,9976.19
12060,9976.19
12061,9976.19
12062,9976.19
12063,9976.19
12063.8,9976.19
12064,9975.99
12065,9975.08
12065.1,9975
12066,9975
12066.1,9975
12066.4,9974.99
12067,9974.99
12067.1,9974.99
12067.4,9974.99
12068,9974.99
12069,9974.99
12070,9974.99
12071,9974.99
12072,9974.99
12073,9974.99
12074,9974.99
12075,9974.99
12076,9974.99
12077,9974.99
12078,9974.99
12079,9974.99
12080,9974.99
12081,9974.99
12082,9974.99
12083,9974.99
12084,9974.99
12085,9974.99
12086,9974.99
12087,9974.99
12088,9974.99
12089,9974.99
12090,9974.99
12091,9974.99
12092,9974.99
12093,9974.99
12094,9974.99
12095,9974.99
12096,9974.99
12097,9974.99
12098,9974.99
12099,9974.99
12100,9974.99
12101,9974.99
12102,9974.99
12103,9974.99
12104,9974.99
12105,9974.99
12106,9974.99
12107,9974.99
12108,9974.99
12109,9974.99
12110,9974.99
12111,9974.99
12112,9974.99
12113,9974.99
12114,9974.99
12115,9974.99
12116,9974.99
12117,9974.99
12118,9974.99
12119,9974.99
12120,9974.99
12121,9974.99
12122,9974.99
12123,9974.99
12124,9974.99
12125,9974.99
12126,9974.99
12127,9974.99
12128,9974.99
12129,9974.99
12130,9974.99
12131,9974.99
12132,9974.99
12133,9974.99
12134,9974.99
12135,9974.99
12136,9974.99
12137,9974.99
12138,9974.99
12139,9974.99
12140,9974.99
12141,9974.99
12142,9974.99
12143,9974.99
12144,9974.99
12145,9974.99
12146,9974.99
12147,9974.99
12148,9974.99
12149,9974.99
12150,9974.99
12151,9974.99
12152,9974.99
12153,9974.99
12154,9974.99
12155,9974.99
12156,9974.99
12157,9974.99
12158,9974.99
12159,9974.99
12160,9974.99
12161,9974.99
12162,9974.99
12163,9974.99
12164,9974.99
12165,9974.99
12166,9974.99
12167,9974.99
12168,9974.99
12169,9974.99
12170,9974.99
12171,9974.99
12172,9974.99
12173,9974.99
12174,9974.99
12175,9974.99
12176,9974.99
12177,9974.99
12178,9974.99
12179,9974.99
12180,9974.99
12181,9974.99
12182,9974.99
12183,9974.99
12184,9974.99
12185,9974.99
12186,9974.99
12187,9974.99
12188,9974.99
12189,9974.99
12190,9974.99
12191,9974.99
12192,9974.99
12193,9974.99
12194,9974.99
12194.4,9974.99
12195,9974.41
12195.7,9973.8
12196,9973.8
12196.7,9973.8
12196.9,9973.8
12197,9973.8
12197.7,9973.8
12197.7,9973.8
12198,9973.79
12198.7,9973.77
12199,9973.77
12200,9973.77
12201,9973.77
12202,9973.77
12203,9973.77
12204,9973.77
12205,9973.77
12206,9973.77
12207,9973.77
12208,9973.77
12209,9973.77
12210,9973.77
12211,9973.77
12212,9973.77
12213,9973.77
12214,9973.77
12215,9973.77
12216,9973.77
12217,9973.77
12218,9973.77
12219,9973.77
12220,9973.77
12221,9973.77
12222,9973.77
12223,9973.77
12224,9973.77
12225,9973.77
12226,9973.77
12227,9973.77
12228,9973.77
12229,9973.77
12230,9973.77
12231,9973.77
12232,9973.77
12233,9973.77
12234,9973.77
12235,9973.77
12236,9973.77
12237,9973.77
12238,9973.77
12239,9973.77
12240,9973.77
12241,9973.77
12242,9973.77
12243,9973.77
12244,9973.77
12245,9973.77
12246,9973.77
12247,9973.77
12248,9973.77
12249,9973.77
12250,9973.77
12251,9973.77
12252,9973.77
12253,9973.77
12254,9973.77
12255,9973.77
12256,9973.77
12257,9973.77
12258,9973.77
12259,9973.77
12260,9973.77
12261,9973.77
12262,9973.77
12263,9973.77
12264,9973.77
12265,9973.77
12266,9973.77
12267,9973.77
12268,9973.77
12269,9973.77
12270,9973.77
12271,9973.77
12272,9973.77
12273,9973.77
12274,9973.77
12275,9973.77
12276,9973.77
12277,9973.77
12278,9973.77
12279,9973.77
12280,9973.77
12281,9973.77
12282,9973.77
12283,9973.77
12284,9973.77
12285,9973.77
12286,9973.77
12287,9973.77
12288,9973.77
12289,9973.77
12290,9973.77
12291,9973.77
12292,9973.77
12293,9973.77
12294,9973.77
12295,9973.77
12296,9973.77
12297,9973.77
12298,9973.77
12299,9973.77
12300,9973.77
12301,9973.77
12302,9973.77
12303,9973.77
12304,9973.77
12305,9973.77
12306,9973.77
12307,9973.77
12308,9973.77
12309,9973.77
12310,9973.77
12311,9973.77
12312,9973.77
12313,9973.77
12314,9973.77
12315,9973.77
12316,9973.77
12317,9973.77
12318,9973.77
12319,9973.77
12320,9973.77
12321,9973.77
12322,9973.77
12323,9973.77
12324,9973.77
12325,9973.77
12326,9973.77
12327,9973.77
12328,9973.77
12329,9973.77
12330,9973.77
12331,9973.77
12332,9973.77
12333,9973.77
12334,9973.77
12335,9973.77
12336,9973.77
12337,9973.77
12338,9973.77
12339,9973.77
12340,9973.77
12341,9973.77
12342,9973.77
12343,9973.77
12344,9973.77
12345,9973.77
12346,9973.77
12347,9973.77
12348,9973.77
12349,9973.77
12350,9973.77
12351,9973.77
12352,9973.77
12353,9973.77
12354,9973.77
12355,9973.77
12356,9973.77
12357,9973.77
12358,9973.77
12359,9973.77
12360,9973.77
12361,9973.76
12362,9973.76
12363,9973.76
12364,9973.76
12365,9973.76
12366,9973.76
12367,9973.76
12368,9973.76
12369,9973.76
12370,9973.76
12371,9973.76
12372,9973.76
12373,9973.76
12374,9973.76
12375,9973.76
12376,9973.76
12377,9973.76
12378,9973.76
12379,9973.76
12380,9973.76
12381,9973.76
12382,9973.76
12383,9973.76
12384,9973.76
12385,9973.76
12386,9973.76
12387,9973.76
12388,9973.76
12389,9973.76
12390,9973.76
12391,9973.76
12392,9973.76
12393,9973.76
12394,9973.76
12395,9973.76
12396,9973.76
12397,9973.76
12398,9973.76
12399,9973.76
12400,9973.76
12401,9973.76
12402,9973.76
12403,9973.76
12404,9973.76
12405,9973.76
12406,9973.76
12407,9973.76
12408,9973.76
12409,9973.76
12410,9973.76
12411,9973.76
12412,9973.76
12413,9973.76
12414,9973.76
12415,9973.76
12416,9973.76
12417,9973.76
12418,9973.76
12419,9973.76
12420,9973.76
12421,9973.76
12422,9973.76
12423,9973.76
12424,9973.76
12425,9973.76
12426,9973.76
12427,9973.76
12428,9973.76
12429,9973.76
12430,9973.76
12431,9973.76
12432,9973.76
12433,9973.76
12434,9973.76
12435,9973.76
12436,9973.76
12437,9973.76
12438,9973.76
12439,9973.76
12440,9973.76
12441,9973.76
12442,9973.76
12443,9973.76
12444,9973.76
12445,9973.76
12446,9973.76
12447,9973.76
12448,9973.76
12449,9973.76
12450,9973.76
12451,9973.76
12452,9973.76
12453,9973.76
12454,9973.76
12455,9973.76
12456,9973.76
12457,9973.76
12458,9973.76
12459,9973.76
12460,9973.76
12461,9973.76
12462,9973.76
12463,9973.76
12464,9973.76
12465,9973.76
12466,9973.76
12467,9973.76
12468,9973.76
12469,9973.76
12470,9973.76
12471,9973.76
12472,9973.76
12473,9973.76
12474,9973.76
12475,9973.76
12476,9973.76
12477,9973.76
12478,9973.76
12479,9973.76
12480,9973.76
12481,9973.76
12482,9973.76
12483,9973.76
12484,9973.76
12485,9973.76
12486,9973.76
12487,9973.76
12488,9973.76
12489,9973.76
12490,9973.76
12491,9973.76
12492,9973.76
12493,9973.76
12494,9973.76
12495,9973.76
12496,9973.76
12497,9973.76
12498,9973.76
12499,9973.76
12500,9973.76
12501,9973.76
12502,9973.76
12503,9973.76
12504,9973.76
12505,9973.76
12506,9973.76
12507,9973.76
12508,9973.76
12509,9973.76
12510,9973.76
12511,9973.76
12512,9973.76
12513,9973.76
12514,9973.76
12515,9973.76
12516,9973.76
12517,9973.76
12518,9973.76
12519,9973.76
12520,9973.76
12521,9973.76
12522,9973.76
12523,9973.76
12524,9973.76
12525,9973.76
12526,9973.76
12527,9973.76
12528,9973.76
12529,9973.76
12530,9973.76
12531,9973.76
12532,9973.76
12533,9973.76
12534,9973.76
12535,9973.76
12536,9973.76
12537,9973.76
12538,9973.76
12539,9973.76
12540,9973.76
12541,9973.76
12542,9973.76
12543,9973.76
12544,9973.76
12545,9973.76
12546,9973.76
12547,9973.76
12548,9973.76
12549,9973.76
12550,9973.76
12551,9973.76
12552,9973.76
12553,9973.76
12554,9973.76
12555,9973.76
12556,9973.76
12557,9973.76
12558,9973.76
12559,9973.76
12560,9973.76
12561,9973.76
12562,9973.76
12563,9973.76
12564,9973.76
12565,9973.76
12566,9973.76
12567,9973.76
12568,9973.76
12569,9973.76
12570,9973.76
12571,9973.76
12572,9973.76
12573,9973.76
12574,9973.76
12575,9973.76
12576,9973.76
12577,9973.76
12578,9973.76
12579,9973.76
12580,9973.76
12581,9973.76
12582,9973.76
12583,9973.76
12584,9973.76
12585,9973.76
12586,9973.76
12587,9973.76
12588,9973.76
12589,9973.76
12590,9973.76
12591,9973.76
12592,9973.76
12593,9973.76
12594,9973.76
12595,9973.76
12596,9973.76
12597,9973.76
12598,9973.76
12599,9973.76
12600,9973.76
12601,9973.76
12602,9973.76
12603,9973.76
12604,9973.76
12605,9973.76
12606,9973.76
12607,9973.76
12608,9973.76
12609,9973.76
12610,9973.76
12611,9973.76
12612,9973.76
12613,9973.76
12614,9973.76
12615,9973.76
12616,9973.76
12617,9973.76
12618,9973.76
12619,9973.76
12620,9973.76
12621,9973.76
12622,9973.76
12623,9973.76
12624,9973.76
12625,9973.76
12626,9973.76
12627,9973.76
12628,9973.76
12629,9973.76
12630,9973.76
12631,9973.76
12632,9973.76
12633,9973.76
12634,9973.76
12635,9973.76
12636,9973.76
12637,9973.76
12638,9973.76
12639,9973.76
12640,9973.76
12641,9973.76
12642,9973.76
12643,9973.76
12644,9973.76
12645,9973.76
12646,9973.76
12647,9973.76
12648,9973.76
12649,9973.76
12650,9973.76
12651,9973.76
12652,9973.76
12653,9973.76
12654,9973.76
12655,9973.76
12656,9973.76
12657,9973.76
12658,9973.76
12659,9973.76
12660,9973.76
12661,9973.76
12662,9973.76
12663,9973.76
12664,9973.76
12665,9973.76
12666,9973.76
12667,9973.76
12668,9973.76
12669,9973.76
12670,9973.76
12671,9973.76
12672,9973.76
12673,9973.76
12674,9973.76
12675,9973.76
12676,9973.76
12677,9973.76
12678,9973.76
12679,9973.76
12680,9973.76
12681,9973.76
12682,9973.76
12683,9973.76
12684,9973.76
12685,9973.76
12686,9973.76
12687,9973.76
12688,9973.76
12689,9973.76
12690,9973.76
12691,9973.76
12692,9973.76
12693,9973.76
12694,9973.76
12695,9973.76
12696,9973.76
12697,9973.76
12698,9973.76
12699,9973.76
12700,9973.76
12701,9973.76
12702,9973.76
12703,9973.76
12704,9973.76
12705,9973.76
12706,9973.76
12707,9973.76
12708,9973.76
12709,9973.76
12710,9973.76
12711,9973.76
12712,9973.76
12713,9973.76
12714,9973.76
12715,9973.76
12716,9973.76
12717,9973.76
12718,9973.76
12719,9973.76
12720,9973.76
12721,9973.76
12722,9973.76
12723,9973.76
12724,9973.76
12725,9973.76
12726,9973.76
12727,9973.76
12728,9973.76
12729,9973.76
12730,9973.76
12731,9973.76
12732,9973.76
12733,9973.76
12734,9973.76
12735,9973.76
12736,9973.76
12737,9973.76
12738,9973.76
12739,9973.76
12740,9973.76
12741,9973.76
12742,9973.76
12743,9973.76
12744,9973.76
12745,9973.76
12746,9973.76
12747,9973.76
12748,9973.76
12749,9973.76
12750,9973.76
12751,9973.76
12752,9973.76
12753,9973.76
12754,9973.76
12755,9973.76
12756,9973.76
12757,9973.76
12758,9973.76
12759,9973.76
12760,9973.76
12761,9973.76
12762,9973.76
12763,9973.76
12764,9973.76
12765,9973.76
12766,9973.76
12767,9973.76
12768,9973.76
12769,9973.76
12770,9973.76
12771,9973.76
12772,9973.76
12773,9973.76
12774,9973.76
12775,9973.76
12776,9973.76
12777,9973.76
12778,9973.76
12779,9973.76
12780,9973.76
12781,9973.76
12782,9973.76
12783,9973.76
12784,9973.76
12785,9973.76
12786,9973.76
12787,9973.76
12788,9973.76
12789,9973.76
12790,9973.76
12791,9973.76
12792,9973.76
12793,9973.76
12794,9973.76
12795,9973.76
12796,9973.76
12797,9973.76
12798,9973.76
12799,9973.76
12800,9973.76
12801,9973.76
12802,9973.76
12803,9973.76
12804,9973.76
12805,9973.76
12806,9973.76
12807,9973.76
12808,9973.76
12809,9973.76
12810,9973.76
12811,9973.76
12812,9973.76
12813,9973.76
12814,9973.76
12815,9973.76
12816,9973.76
12817,9973.76
12818,9973.76
12819,9973.76
12820,9973.76
12821,9973.76
12822,9973.76
12823,9973.76
12824,9973.76
12825,9973.76
12826,9973.76
12827,9973.76
12828,9973.76
12829,9973.76
12830,9973.76
12831,9973.76
12832,9973.76
12833,9973.76
12834,9973.76
12835,9973.76
12836,9973.76
12837,9973.76
12838,9973.76
12839,9973.76
12840,9973.76
12841,9973.76
12842,9973.76
12843,9973.76
12844,9973.76
12845,9973.76
12846,9973.76
12847,9973.76
12848,9973.76
12849,9973.76
12850,9973.76
12851,9973.76
12852,9973.76
12853,9973.76
12854,9973.76
12855,9973.76
12856,9973.76
12857,9973.76
12858,9973.76
12859,9973.76
12860,9973.76
12861,9973.76
12862,9973.76
12863,9973.76
12864,9973.76
12865,9973.76
12866,9973.76
12867,9973.76
12868,9973.76
12869,9973.76
12870,9973.76
12871,9973.76
12872,9973.76
12873,9973.76
12874,9973.76
12875,9973.76
12876,9973.76
12877,9973.76
12878,9973.76
12879,9973.76
12880,9973.76
12881,9973.76
12882,9973.76
12883,9973.76
12884,9973.76
12885,9973.76
12886,9973.76
12887,9973.76
12888,9973.76
12889,9973.76
12890,9973.76
12891,9973.76
12892,9973.76
12893,9973.76
12894,9973.76
12895,9973.76
12896,9973.76
12897,9973.76
12898,9973.76
12899,9973.76
12900,9973.76
12901,9973.76
12902,9973.76
12903,9973.76
12904,9973.76
12905,9973.76
12906,9973.76
12907,9973.76
12908,9973.76
12909,9973.76
12910,9973.76
12911,9973.76
12912,9973.76
12913,9973.76
12914,9973.76
12915,9973.76
12916,9973.76
12917,9973.76
12918,9973.76
12919,9973.76
12920,9973.76
12921,9973.76
12922,9973.76
12923,9973.76
12924,9973.76
12925,9973.76
12926,9973.76
12927,9973.76
12928,9973.76
12929,9973.76
12930,9973.76
12931,9973.76
12932,9973.76
12933,9973.76
12934,9973.76
12935,9973.76
12936,9973.76
12937,9973.76
12938,9973.76
12939,9973.76
12940,9973.76
12941,9973.76
12942,9973.76
12943,9973.76
12944,9973.76
12945,9973.76
12946,9973.76
12947,9973.76
12948,9973.76
12949,9973.76
12950,9973.76
12951,9973.76
12952,9973.76
12953,9973.76
12954,9973.76
12955,9973.76
12956,9973.76
12957,9973.76
12958,9973.76
12959,9973.76
12960,9973.76
12961,9973.76
12962,9973.76
12963,9973.76
12964,9973.76
12965,9973.76
12966,9973.76
12967,9973.76
12968,9973.76
12969,9973.76
12970,9973.76
12971,9973.76
12972,9973.76
12973,9973.76
12974,9973.76
12975,9973.76
12976,9973.76
12977,9973.76
12978,9973.76
12979,9973.76
12980,9973.76
12981,9973.76
12982,9973.76
12983,9973.76
12984,9973.76
12985,9973.76
12986,9973.76
12987,9973.76
12988,9973.76
12989,9973.76
12990,9973.76
12991,9973.76
12992,9973.76
12993,9973.76
12994,9973.76
12995,9973.76
12996,9973.76
12997,9973.76
12998,9973.76
12999,9973.76
13000,9973.76
13001,9973.76
13002,9973.76
13003,9973.76
13004,9973.76
13005,9973.76
13006,9973.76
13007,9973.76
13008,9973.76
13009,9973.76
13010,9973.76
13011,9973.76
13012,9973.76
13013,9973.76
13014,9973.76
13015,9973.76
13016,9973.76
13017,9973.76
13018,9973.76
13019,9973.76
13020,9973.76
13021,9973.76
13022,9973.76
13023,9973.76
13024,9973.76
13025,9973.76
13026,9973.76
13027,9973.76
13028,9973.76
13029,9973.76
13030,9973.76
13031,9973.76
13032,9973.76
13033,9973.76
13034,9973.76
13035,9973.76
13036,9973.76
13037,9973.76
13038,9973.76
13039,9973.76
13040,9973.76
13041,9973.76
13042,9973.76
13043,9973.76
13044,9973.76
13045,9973.76
13046,9973.76
13047,9973.76
13048,9973.76
13049,9973.76
13050,9973.76
13051,9973.76
13052,9973.76
13053,9973.76
13054,9973.76
13055,9973.76
13056,9973.76
13057,9973.76
13058,9973.76
13059,9973.76
13060,9973.76
13061,9973.76
13062,9973.76
13063,9973.76
13064,9973.76
13065,9973.76
13066,9973.76
13067,9973.76
13068,9973.76
13069,9973.76
13070,9973.76
13071,9973.76
13072,9973.76
13073,9973.76
13074,9973.76
13075,9973.76
13076,9973.76
13077,9973.76
13078,9973.76
13079,9973.76
13080,9973.76
13081,9973.76
13082,9973.76
13083,9973.76
13084,9973.76
13085,9973.76
13086,9973.76
13087,9973.76
13088,9973.76
13089,9973.76
13090,9973.76
13091,9973.76
13092,9973.76
13093,9973.76
13094,9973.76
13095,9973.76
13096,9973.76
13097,9973.76
13098,9973.76
13099,9973.76
13100,9973.76
13101,9973.76
13102,9973.76
13103,9973.76
13104,9973.76
13105,9973.76
13106,9973.76
13107,9973.76
13108,9973.76
13109,9973.76
13110,9973.76
13111,9973.76
13112,9973.76
13113,9973.76
13114,9973.76
13115,9973.76
13116,9973.76
13117,9973.76
13118,9973.76
13119,9973.76
13120,9973.76
13121,9973.76
13122,9973.76
13123,9973.76
13124,9973.76
13125,9973.76
13126,9973.76
13127,9973.76
13128,9973.76
13129,9973.76
13130,9973.76
13131,9973.76
13132,9973.76
13133,9973.76
13134,9973.76
13135,9973.76
13136,9973.76
13137,9973.76
13138,9973.76
13139,9973.76
13140,9973.76
13141,9973.76
13142,9973.76
13143,9973.76
13144,9973.76
13145,9973.76
13146,9973.76
13147,9973.76
13148,9973.76
13149,9973.76
13150,9973.76
13151,9973.76
13152,9973.76
13153,9973.76
13154,9973.76
13155,9973.76
13156,9973.76
13157,9973.76
13158,9973.76
13159,9973.76
13160,9973.76
13161,9973.76
13162,9973.76
13163,9973.76
13164,9973.76
13165,9973.76
13166,9973.76
13167,9973.76
13168,9973.76
13169,9973.76
13170,9973.76
13171,9973.76
13172,9973.76
13173,9973.76
13174,9973.76
13175,9973.76
13176,9973.76
13177,9973.76
13178,9973.76
13179,9973.76
13180,9973.76
13181,9973.76
13182,9973.76
13183,9973.76
13184,9973.76
13185,9973.76
13186,9973.76
13187,9973.76
13188,9973.76
13189,9973.76
13190,9973.76
13191,9973.76
13192,9973.76
13193,9973.76
13194,9973.76
13195,9973.76
13196,9973.76
13197,9973.76
13198,9973.76
13199,9973.76
13200,9973.76
13201,9973.76
13202,9973.76
13203,9973.76
13204,9973.76
13205,9973.76
13206,9973.76
13207,9973.76
13208,9973.76
13209,9973.76
13210,9973.76
13211,9973.76
13212,9973.76
13213,9973.76
13214,9973.76
13215,9973.76
13216,9973.76
13217,9973.76
13218,9973.76
13219,9973.76
13220,9973.76
13221,9973.76
13222,9973.76
13223,9973.76
13224,9973.76
13225,9973.76
13226,9973.76
13227,9973.76
13228,9973.76
13229,9973.76
13230,9973.76
13231,9973.76
13232,9973.76
13233,9973.76
13234,9973.76
13235,9973.76
13236,9973.76
13237,9973.76
13238,9973.76
13239,9973.76
13240,9973.76
13241,9973.76
13242,9973.76
13243,9973.76
13244,9973.76
13245,9973.76
13246,9973.76
13247,9973.76
13248,9973.76
13249,9973.76
13250,9973.76
13251,9973.76
13252,9973.76
13253,9973.76
13254,9973.76
13255,9973.76
13256,9973.76
13257,9973.76
13258,9973.76
13259,9973.76
13260,9973.76
13261,9973.76
13262,9973.76
13263,9973.76
13263.8,9973.76
13264,9973.56
13265,9972.66
13265.1,9972.57
13266,9972.57
13266.1,9972.57
13266.4,9972.57
13267,9972.57
13267.1,9972.57
13267.1,9972.57
13268,9972.54
13268.1,9972.53
13269,9972.53
13270,9972.53
13271,9972.53
13272,9972.53
13273,9972.53
13274,9972.53
13275,9972.53
13276,9972.53
13277,9972.53
13278,9972.53
13279,9972.53
13280,9972.53
13281,9972.53
13282,9972.53
13283,9972.53
13284,9972.53
13285,9972.53
13286,9972.53
13287,9972.53
13288,9972.53
13289,9972.53
13290,9972.53
13291,9972.53
13292,9972.53
13293,9972.53
13294,9972.53
13295,9972.53
13296,9972.53
13297,9972.53
13298,9972.53
13299,9972.53
13300,9972.53
13301,9972.53
13302,9972.53
13303,9972.53
13304,9972.53
13305,9972.53
13306,9972.53
13307,9972.53
13308,9972.53
13309,9972.53
13310,9972.53
13311,9972.53
13312,9972.53
13313,9972.53
13314,9972.53
13315,9972.53
13316,9972.53
13317,9972.53
13318,9972.53
13319,9972.53
13320,9972.53
13321,9972.53
13322,9972.53
13323,9972.53
13324,9972.53
13325,9972.53
13326,9972.53
13327,9972.53
13328,9972.53
13329,9972.53
13330,9972.53
13331,9972.53
13332,9972.53
13333,9972.53
13334,9972.53
13335,9972.53
13336,9972.53
13337,9972.53
13338,9972.53
13339,9972.53
13340,9972.53
13341,9972.53
13342,9972.53
13343,9972.53
13344,9972.53
13345,9972.53
13346,9972.53
13347,9972.53
13348,9972.53
13349,9972.53
13350,9972.53
13351,9972.53
13352,9972.53
13353,9972.53
13354,9972.53
13355,9972.53
13356,9972.53
13357,9972.53
13358,9972.53
13359,9972.53
13360,9972.53
13361,9972.53
13362,9972.53
13363,9972.53
13364,9972.53
13365,9972.53
13366,9972.53
13367,9972.53
13368,9972.53
13369,9972.53
13370,9972.53
13371,9972.53
13372,9972.53
13373,9972.53
13374,9972.53
13375,9972.53
13376,9972.53
13377,9972.53
13378,9972.53
13379,9972.53
13380,9972.53
13381,9972.53
13382,9972.53
13383,9972.53
13384,9972.53
13385,9972.53
13386,9972.53
13387,9972.53
13388,9972.53
13389,9972.53
13390,9972.53
13391,9972.53
13392,9972.53
13393,9972.53
13394,9972.53
13395,9972.53
13396,9972.53
13397,9972.53
13398,9972.53
13399,9972.53
13400,9972.53
13401,9972.53
13402,9972.53
13403,9972.53
13404,9972.53
13405,9972.53
13406,9972.53
13407,9972.53
13408,9972.53
13409,9972.53
13410,9972.53
13411,9972.53
13412,9972.53
13413,9972.53
13414,9972.53
13415,9972.53
13416,9972.53
13417,9972.53
13418,9972.53
13419,9972.53
13420,9972.53
13421,9972.53
13422,9972.53
13423,9972.53
13424,9972.53
13425,9972.53
13426,9972.53
13427,9972.53
13428,9972.53
13429,9972.53
13430,9972.53
13431,9972.53
13432,9972.53
13433,9972.53
13434,9972.53
13435,9972.53
13436,9972.53
13437,9972.53
13438,9972.53
13439,9972.53
13440,9972.53
13441,9972.53
13442,9972.53
13443,9972.53
13444,9972.53
13445,9972.53
13446,9972.53
13447,9972.53
13448,9972.53
13449,9972.53
13450,9972.53
13451,9972.53
13452,9972.53
13453,9972.53
13454,9972.53
13455,9972.53
13456,9972.53
13457,9972.53
13458,9972.53
13459,9972.53
13460,9972.53
13461,9972.53
13462,9972.53
13463,9972.53
13464,9972.53
13465,9972.53
13466,9972.53
13467,9972.53
13468,9972.53
13469,9972.53
13470,9972.53
13471,9972.53
13472,9972.53
13473,9972.53
13474,9972.53
13475,9972.53
13476,9972.53
13477,9972.53
13478,9972.53
13479,9972.53
13480,9972.53
13481,9972.53
13482,9972.53
13483,9972.53
13484,9972.53
13485,9972.53
13486,9972.53
13487,9972.53
13488,9972.53
13489,9972.53
13490,9972.53
13491,9972.53
13492,9972.53
13493,9972.53
13494,9972.53
13495,9972.53
13496,9972.53
13497,9972.53
13498,9972.53
13499,9972.53
13500,9972.53
13501,9972.53
13502,9972.53
13503,9972.53
13504,9972.53
13505,9972.53
13506,9972.53
13507,9972.53
13508,9972.53
13509,9972.53
13510,9972.53
13511,9972.53
13512,9972.53
13513,9972.53
13514,9972.53
13515,9972.53
13516,9972.53
13517,9972.53
13518,9972.53
13519,9972.53
13520,9972.53
13521,9972.53
13522,9972.53
13523,9972.53
13524,9972.53
13525,9972.53
13526,9972.53
13527,9972.53
13528,9972.53
13529,9972.53
13530,9972.53
13531,9972.53
13532,9972.53
13533,9972.53
13534,9972.53
13535,9972.53
13536,9972.53
13537,9972.53
13538,9972.53
13539,9972.53
13540,9972.53
13541,9972.53
13542,9972.53
13543,9972.53
13544,9972.53
13545,9972.53
13546,9972.53
13547,9972.53
13548,9972.53
13549,9972.53
13550,9972.53
13551,9972.53
13552,9972.53
13553,9972.53
13554,9972.53
13555,9972.53
13556,9972.53
13557,9972.53
13558,9972.53
13559,9972.53
13560,9972.53
13561,9972.53
13562,9972.53
13563,9972.53
13564,9972.53
13565,9972.53
13566,9972.53
13567,9972.53
13568,9972.53
13569,9972.53
13570,9972.53
13571,9972.53
13572,9972.53
13573,9972.53
13574,9972.53
13575,9972.53
13576,9972.53
13577,9972.53
13578,9972.53
13579,9972.53
13580,9972.53
13581,9972.53
13582,9972.53
13583,9972.53
13584,9972.53
13585,9972.53
13586,9972.53
13587,9972.53
13588,9972.53
13589,9972.53
13590,9972.53
13591,9972.53
13592,9972.53
13593,9972.53
13594,9972.53
13595,9972.53
13596,9972.53
13597,9972.53
13598,9972.53
13599,9972.53
13600,9972.53
13601,9972.53
13602,9972.53
13603,9972.53
13604,9972.53
13605,9972.53
13606,9972.53
13607,9972.53
13608,9972.53
13609,9972.53
13610,9972.53
13611,9972.53
13612,9972.53
13613,9972.53
13614,9972.53
13615,9972.53
13616,9972.53
13617,9972.53
13618,9972.53
13619,9972.53
13620,9972.53
13621,9972.53
13622,9972.53
13623,9972.53
13624,9972.53
13625,9972.53
13626,9972.53
13627,9972.53
13628,9972.53
13629,9972.53
13630,9972.53
13631,9972.53
13632,9972.53
13633,9972.53
13634,9972.53
13635,9972.53
13636,9972.53
13637,9972.53
13638,9972.53
13639,9972.53
13640,9972.53
13641,9972.53
13642,9972.53
13643,9972.53
13644,9972.53
13645,9972.53
13646,9972.53
13647,9972.53
13648,9972.53
13649,9972.53
13650,9972.53
13651,9972.53
13652,9972.53
13653,9972.53
13654,9972.53
13655,9972.53
13656,9972.53
13657,9972.53
13658,9972.53
13659,9972.53
13660,9972.53
13661,9972.53
13662,9972.53
13663,9972.53
13664,9972.53
13665,9972.53
13666,9972.53
13667,9972.53
13668,9972.53
13669,9972.53
13670,9972.53
13671,9972.53
13672,9972.53
13673,9972.53
13674,9972.53
13675,9972.53
13676,9972.53
13677,9972.53
13678,9972.53
13679,9972.53
13680,9972.53
13681,9972.53
13682,9972.53
13683,9972.53
13684,9972.53
13685,9972.53
13686,9972.53
13687,9972.53
13688,9972.53
13689,9972.53
13690,9972.53
13691,9972.53
13692,9972.53
13693,9972.53
13694,9972.53
13695,9972.53
13696,9972.53
13697,9972.53
13698,9972.53
13699,9972.53
13700,9972.53
13701,9972.53
13702,9972.53
13703,9972.53
13704,9972.53
13705,9972.53
13706,9972.53
13707,9972.53
13708,9972.53
13709,9972.53
13710,9972.53
13711,9972.53
13712,9972.53
13713,9972.53
13714,9972.53
13715,9972.53
13716,9972.53
13717,9972.53
13718,9972.53
13719,9972.53
13720,9972.53
13721,9972.53
13722,9972.53
13723,9972.53
13724,9972.53
13725,9972.53
13726,9972.53
13727,9972.53
13728,9972.53
13729,9972.53
13730,9972.53
13731,9972.53
13732,9972.53
13733,9972.53
13734,9972.53
13735,9972.53
13736,9972.53
13737,9972.53
13738,9972.53
13739,9972.53
13740,9972.53
13741,9972.53
13742,9972.53
13743,9972.53
13744,9972.53
13745,9972.53
13746,9972.53
13747,9972.53
13748,9972.53
13749,9972.53
13750,9972.53
13751,9972.53
13752,9972.53
13753,9972.53
13754,9972.53
13755,9972.53
13756,9972.53
13757,9972.53
13758,9972.53
13759,9972.53
13760,9972.53
13761,9972.53
13762,9972.53
13763,9972.53
13764,9972.53
13765,9972.53
13766,9972.53
13767,9972.53
13768,9972.53
13769,9972.53
13770,9972.53
13771,9972.53
13772,9972.53
13773,9972.53
13774,9972.53
13775,9972.53
13776,9972.53
13777,9972.53
13778,9972.53
13779,9972.53
13780,9972.53
13781,9972.53
13782,9972.53
13783,9972.53
13784,9972.53
13785,9972.53
13786,9972.53
13787,9972.53
13788,9972.53
13789,9972.53
13790,9972.53
13791,9972.53
13792,9972.53
13793,9972.53
13794,9972.53
13795,9972.53
13796,9972.53
13797,9972.53
13798,9972.53
13799,9972.53
13800,9972.53
13801,9972.53
13802,9972.53
13803,9972.53
13804,9972.53
13805,9972.53
13806,9972.53
13807,9972.53
13808,9972.53
13809,9972.53
13810,9972.53
13811,9972.53
13812,9972.53
13813,9972.53
13814,9972.53
13815,9972.53
13816,9972.53
13817,9972.53
13818,9972.53
13819,9972.53
13820,9972.53
13821,9972.53
13822,9972.53
13823,9972.53
13824,9972.53
13825,9972.53
13826,9972.53
13827,9972.53
13828,9972.53
13829,9972.53
13830,9972.53
13831,9972.53
13832,9972.53
13833,9972.53
13834,9972.53
13835,9972.53
13836,9972.53
13837,9972.53
13838,9972.53
13839,9972.53
13840,9972.53
13841,9972.53
13842,9972.53
13843,9972.53
13844,9972.53
13845,9972.53
13846,9972.53
13847,9972.53
13848,9972.53
13849,9972.53
13850,9972.53
13851,9972.53
13852,9972.53
13853,9972.53
13854,9972.53
13855,9972.53
13856,9972.53
13857,9972.53
13858,9972.53
13859,9972.53
13860,9972.53
13861,9972.53
13862,9972.53
13863,9972.53
13864,9972.53
13865,9972.53
13866,9972.53
13867,9972.53
13868,9972.53
13869,9972.53
13870,9972.53
13871,9972.53
13872,9972.53
13873,9972.53
13874,9972.53
13875,9972.53
13876,9972.53
13877,9972.53
13878,9972.53
13879,9972.53
13880,9972.53
13881,9972.53
13882,9972.53
13883,9972.53
13884,9972.53
13885,9972.53
13886,9972.53
13887,9972.53
13888,9972.53
13889,9972.53
13890,9972.53
13891,9972.53
13892,9972.53
13893,9972.53
13894,9972.53
13895,9972.53
13896,9972.53
13897,9972.53
13898,9972.53
13899,9972.53
13900,9972.53
13901,9972.53
13902,9972.53
13903,9972.53
13904,9972.53
13905,9972.53
13906,9972.53
13907,9972.53
13908,9972.53
13909,9972.53
13910,9972.53
13911,9972.53
13912,9972.53
13913,9972.53
13914,9972.53
13915,9972.53
13916,9972.53
13917,9972.53
13918,9972.53
13919,9972.53
13920,9972.53
13921,9972.53
13922,9972.53
13923,9972.53
13924,9972.53
13925,9972.53
13926,9972.53
13927,9972.53
13928,9972.53
13929,9972.53
13930,9972.53
13931,9972.53
13932,9972.53
13933,9972.53
13934,9972.53
13935,9972.53
13936,9972.53
13937,9972.53
13938,9972.53
13939,9972.53
13940,9972.53
13941,9972.53
13942,9972.53
13943,9972.53
13944,9972.53
13945,9972.53
13946,9972.53
13947,9972.53
13948,9972.53
13949,9972.53
13950,9972.53
13951,9972.53
13952,9972.53
13953,9972.53
13954,9972.53
13955,9972.53
13956,9972.53
13957,9972.53
13958,9972.53
13959,9972.53
13960,9972.53
13961,9972.53
13962,9972.53
13963,9972.53
13964,9972.53
13965,9972.53
13966,9972.53
13967,9972.53
13968,9972.53
13969,9972.53
13970,9972.53
13971,9972.53
13972,9972.53
13973,9972.53
13974,9972.53
13975,9972.53
13976,9972.53
13977,9972.53
13978,9972.53
13979,9972.53
13980,9972.53
13981,9972.53
13982,9972.53
13983,9972.53
13984,9972.53
13985,9972.53
13986,9972.53
13987,9972.53
13988,9972.53
13989,9972.53
13990,9972.53
13991,9972.53
13992,9972.53
13993,9972.53
13994,9972.53
13995,9972.53
13996,9972.53
13997,9972.53
13998,9972.53
13999,9972.53
14000,9972.53
14001,9972.53
14002,9972.53
14003,9972.53
14004,9972.53
14005,9972.53
14006,9972.53
14007,9972.53
14008,9972.53
14009,9972.53
14010,9972.53
14011,9972.53
14012,9972.53
14013,9972.53
14014,9972.53
14015,9972.53
14016,9972.53
14017,9972.53
14018,9972.53
14019,9972.53
14020,9972.53
14021,9972.53
14022,9972.53
14023,9972.53
14024,9972.53
14025,9972.53
14026,9972.53
14027,9972.53
14028,9972.53
14029,9972.53
14030,9972.53
14031,9972.53
14032,9972.53
14033,9972.53
14034,9972.53
14035,9972.53
14036,9972.53
14037,9972.53
14038,9972.53
14039,9972.53
14040,9972.53
14041,9972.53
14042,9972.53
14043,9972.53
14044,9972.53
14045,9972.53
14046,9972.53
14047,9972.53
14048,9972.53
14049,9972.53
14050,9972.53
14051,9972.53
14052,9972.53
14053,9972.53
14054,9972.53
14055,9972.53
14056,9972.53
14057,9972.53
14058,9972.53
14059,9972.53
14060,9972.53
14061,9972.53
14062,9972.53
14063,9972.53
14064,9972.53
14065,9972.53
14066,9972.53
14067,9972.53
14068,9972.53
14069,9972.53
14070,9972.53
14071,9972.53
14072,9972.53
14073,9972.53
14074,9972.53
14075,9972.53
14076,9972.53
14077,9972.53
14078,9972.53
14079,9972.53
14080,9972.53
14081,9972.53
14082,9972.53
14083,9972.53
14084,9972.53
14085,9972.53
14086,9972.53
14087,9972.53
14088,9972.53
14089,9972.53
14090,9972.53
14091,9972.53
14092,9972.53
14093,9972.53
14094,9972.53
14095,9972.53
14096,9972.53
14097,9972.53
14098,9972.53
14099,9972.53
14100,9972.53
14101,9972.53
14102,9972.53
14103,9972.53
14104,9972.53
14105,9972.53
14106,9972.53
14107,9972.53
14108,9972.53
14109,9972.53
14110,9972.53
14111,9972.53
14112,9972.53
14113,9972.53
14114,9972.53
14115,9972.53
14116,9972.53
14117,9972.53
14118,9972.53
14119,9972.53
14120,9972.53
14121,9972.53
14122,9972.53
14123,9972.53
14124,9972.53
14125,9972.53
14126,9972.53
14127,9972.53
14128,9972.53
14129,9972.53
14130,9972.53
14131,9972.53
14132,9972.53
14133,9972.53
14134,9972.53
14135,9972.53
14136,9972.53
14137,9972.53
14138,9972.53
14139,9972.53
14140,9972.53
14141,9972.53
14142,9972.53
14143,9972.53
14144,9972.53
14145,9972.53
14146,9972.53
14147,9972.53
14148,9972.53
14149,9972.53
14150,9972.53
14151,9972.53
14152,9972.53
14153,9972.53
14154,9972.53
14155,9972.53
14156,9972.53
14157,9972.53
14158,9972.53
14159,9972.53
14160,9972.53
14161,9972.53
14162,9972.53
14163,9972.53
14164,9972.53
14165,9972.53
14166,9972.53
14167,9972.53
14168,9972.53
14169,9972.53
14170,9972.53
14171,9972.53
14172,9972.53
14173,9972.53
14174,9972.53
14175,9972.53
14176,9972.53
14177,9972.53
14178,9972.53
14179,9972.53
14180,9972.53
14181,9972.53
14182,9972.53
14183,9972.53
14184,9972.53
14185,9972.53
14186,9972.53
14187,9972.53
14188,9972.53
14189,9972.53
14190,9972.53
14191,9972.53
14192,9972.53
14193,9972.53
14194,9972.53
14195,9972.53
14196,9972.53
14197,9972.53
14198,9972.53
14199,9972.53
14200,9972.53
14201,9972.53
14202,9972.53
14203,9972.53
14204,9972.53
14205,9972.53
14206,9972.53
14207,9972.53
14208,9972.53
14209,9972.53
14210,9972.53
14211,9972.53
14212,9972.53
14213,9972.53
14214,9972.53
14215,9972.53
14216,9972.53
14217,9972.53
14218,9972.53
14219,9972.53
14220,9972.53
14221,9972.53
14222,9972.53
14223,9972.53
14224,9972.53
14225,9972.53
14226,9972.53
14227,9972.53
14228,9972.53
14229,9972.53
14230,9972.53
14231,9972.53
14232,9972.53
14233,9972.53
14234,9972.53
14235,9972.53
14236,9972.53
14237,9972.53
14238,9972.53
14239,9972.53
14240,9972.53
14241,9972.53
14242,9972.53
14243,9972.53
14244,9972.53
14245,9972.53
14246,9972.53
14247,9972.53
14248,9972.53
14249,9972.53
14250,9972.53
14251,9972.53
14252,9972.53
14253,9972.53
14254,9972.53
14255,9972.53
14256,9972.53
14257,9972.53
14258,9972.53
14259,9972.53
14260,9972.53
14261,9972.53
14262,9972.53
14263,9972.53
14264,9972.53
14265,9972.53
14266,9972.53
14267,9972.53
14268,9972.53
14269,9972.53
14270,9972.53
14271,9972.53
14272,9972.53
14273,9972.53
14274,9972.53
14275,9972.53
14276,9972.53
14277,9972.53
14278,9972.53
14279,9972.53
14280,9972.53
14281,9972.53
14282,9972.53
14283,9972.53
14284,9972.53
14285,9972.53
14286,9972.53
14287,9972.53
14288,9972.53
14289,9972.53
14290,9972.53
14291,9972.53
14292,9972.53
14293,9972.53
14294,9972.53
14295,9972.53
14296,9972.53
14297,9972.53
14298,9972.53
14299,9972.53
14300,9972.53
14301,9972.53
14302,9972.53
14303,9972.53
14304,9972.53
14305,9972.53
14306,9972.53
14307,9972.53
14308,9972.53
14309,9972.53
14310,9972.53
14311,9972.53
14312,9972.53
14313,9972.53
14314,9972.53
14315,9972.53
14316,9972.53
14317,9972.53
14318,9972.53
14319,9972.53
14320,9972.53
14321,9972.53
14322,9972.53
14323,9972.53
14324,9972.53
14325,9972.53
14326,9972.53
14327,9972.53
14328,9972.53
14329,9972.53
14330,9972.53
14331,9972.53
14332,9972.53
14333,9972.53
14334,9972.53
14335,9972.53
14336,9972.53
14337,9972.53
14338,9972.53
14339,9972.53
14340,9972.53
14341,9972.53
14342,9972.53
14343,9972.53
14344,9972.53
14345,9972.53
14346,9972.53
14347,9972.53
14348,9972.53
14349,9972.53
14350,9972.53
14351,9972.53
14352,9972.53
14353,9972.53
14354,9972.53
14355,9972.53
14356,9972.53
14357,9972.53
14358,9972.53
14359,9972.53
14360,9972.53
14361,9972.53
14362,9972.53
14363,9972.53
14364,9972.53
14365,9972.53
14366,9972.53
14367,9972.53
14368,9972.53
14369,9972.53
14370,9972.53
14371,9972.53
14372,9972.53
14373,9972.53
14374,9972.53
14375,9972.53
14376,9972.53
14377,9972.53
14378,9972.53
14379,9972.53
14380,9972.53
14381,9972.53
14382,9972.53
14383,9972.53
14384,9972.53
14385,9972.53
14386,9972.53
14387,9972.53
14388,9972.53
14389,9972.53
14390,9972.53
14391,9972.53
14392,9972.53
14393,9972.53
14394,9972.53
14395,9972.53
14396,9972.53
14397,9972.53
14398,9972.53
14399,9972.53
14400,9972.53
14401,9972.53
14402,9972.53
14403,9972.53
14404,9972.53
14405,9972.53
14406,9972.53
14407,9972.53
14408,9972.53
14409,9972.53
14410,9972.53
14411,9972.53
14412,9972.53
14413,9972.53
14414,9972.53
14415,9972.53
14416,9972.53
14417,9972.53
14418,9972.53
14419,9972.53
14420,9972.53
14421,9972.53
14422,9972.53
14423,9972.53
14424,9972.53
14425,9972.53
14426,9972.53
14427,9972.53
14428,9972.53
14429,9972.53
14430,9972.53
14431,9972.53
14432,9972.53
14433,9972.53
14434,9972.53
14435,9972.53
14436,9972.53
14437,9972.53
14438,9972.53
14439,9972.53
14440,9972.53
14441,9972.53
14442,9972.53
14443,9972.53
14444,9972.53
14445,9972.53
14446,9972.53
14447,9972.53
14448,9972.53
14449,9972.53
14450,9972.53
14451,9972.53
14452,9972.53
14453,9972.53
14454,9972.53
14455,9972.53
14456,9972.53
14457,9972.53
14458,9972.53
14459,9972.53
14460,9972.53
14461,9972.53
14462,9972.53
14463,9972.53
14463.8,9972.53
14464,9972.33
14465,9971.43
14465.1,9971.34
14466,9971.34
14466.1,9971.34
14466.4,9971.34
14467,9971.34
14467.1,9971.34
14467.1,9971.34
14468,9971.3
14468.1,9971.3
14469,9971.3
14470,9971.3
14471,9971.3
14472,9971.3
14473,9971.3
14474,9971.3
14475,9971.3
14476,9971.3
14477,9971.3
14478,9971.3
14479,9971.3
14480,9971.3
14481,9971.3
14482,9971.3
14483,9971.3
14484,9971.3
14485,9971.3
14486,9971.3
14487,9971.3
14488,9971.3
14489,9971.3
14490,9971.3
14491,9971.3
14492,9971.3
14493,9971.3
14494,9971.3
14495,9971.3
14496,9971.3
14497,9971.3
14498,9971.3
14499,9971.3
14500,9971.3
14501,9971.3
14502,9971.3
14503,9971.3
14504,9971.3
14505,9971.3
14506,9971.3
14507,9971.3
14508,9971.3
14509,9971.3
14510,9971.3
14511,9971.3
14512,9971.3
14513,9971.3
14514,9971.3
14515,9971.3
14516,9971.3
14517,9971.3
14518,9971.3
14519,9971.3
14520,9971.3
14521,9971.3
14522,9971.3
14523,9971.3
14524,9971.3
14525,9971.3
14526,9971.3
14527,9971.3
14528,9971.3
14529,9971.3
14530,9971.3
14531,9971.3
14532,9971.3
14533,9971.3
14534,9971.3
14535,9971.3
14536,9971.3
14537,9971.3
14538,9971.3
14539,9971.3
14540,9971.3
14541,9971.3
14542,9971.3
14543,9971.3
14544,9971.3
14545,9971.3
14546,9971.3
14547,9971.3
14548,9971.3
14549,9971.3
14550,9971.3
14551,9971.3
14552,9971.3
14553,9971.3
14554,9971.3
14555,9971.3
14556,9971.3
14557,9971.3
14558,9971.3
14559,9971.3
14560,9971.3
14561,9971.3
14562,9971.3
14563,9971.3
14564,9971.3
14565,9971.3
14566,9971.3
14567,9971.3
14568,9971.3
14569,9971.3
14570,9971.3
14571,9971.3
14572,9971.3
14573,9971.3
14574,9971.3
14575,9971.3
14576,9971.3
14577,9971.3
14578,9971.3
14579,9971.3
14580,9971.3
14581,9971.3
14582,9971.3
14583,9971.3
14584,9971.3
14585,9971.3
14586,9971.3
14587,9971.3
14588,9971.3
14589,9971.3
14590,9971.3
14591,9971.3
14592,9971.3
14593,9971.3
14594,9971.3
14595,9971.3
14596,9971.3
14597,9971.3
14598,9971.3
14599,9971.3
14600,9971.3
14601,9971.3
14602,9971.3
14603,9971.3
14604,9971.3
14605,9971.3
14606,9971.3
14607,9971.3
14608,9971.3
14609,9971.3
14610,9971.3
14611,9971.3
14612,9971.3
14613,9971.3
14614,9971.3
14615,9971.3
14616,9971.3
14617,9971.3
14618,9971.3
14619,9971.3
14620,9971.3
14621,9971.3
14622,9971.3
14623,9971.3
14624,9971.3
14625,9971.3
14626,9971.3
14627,9971.3
14628,9971.3
14629,9971.3
14630,9971.3
14631,9971.3
14632,9971.3
14633,9971.3
14634,9971.3
14635,9971.3
14636,9971.3
14637,9971.3
14638,9971.3
14639,9971.3
14640,9971.3
14641,9971.3
14642,9971.3
14643,9971.3
14644,9971.3
14645,9971.3
14646,9971.3
14647,9971.3
14648,9971.3
14649,9971.3
14650,9971.3
14651,9971.3
14652,9971.3
14653,9971.3
14654,9971.3
14655,9971.3
14656,9971.3
14657,9971.3
14658,9971.3
14659,9971.3
14660,9971.3
14661,9971.3
14662,9971.3
14663,9971.3
14664,9971.3
14665,9971.3
14666,9971.3
14667,9971.3
14668,9971.3
14669,9971.3
14670,9971.3
14671,9971.3
14672,9971.3
14673,9971.3
14674,9971.3
14675,9971.3
14676,9971.3
14677,9971.3
14678,9971.3
14679,9971.3
14680,9971.3
14681,9971.3
14682,9971.3
14683,9971.3
14684,9971.3
14685,9971.3
14686,9971.3
14687,9971.3
14688,9971.3
14689,9971.3
14690,9971.3
14691,9971.3
14692,9971.3
14693,9971.3
14694,9971.3
14695,9971.3
14696,9971.3
14697,9971.3
14698,9971.3
14699,9971.3
14700,9971.3
14701,9971.3
14702,9971.3
14703,9971.3
14704,9971.3
14705,9971.3
14706,9971.3
14707,9971.3
14708,9971.3
14709,9971.3
14710,9971.3
14711,9971.3
14712,9971.3
14713,9971.3
14714,9971.3
14715,9971.3
14716,9971.3
14717,9971.3
14718,9971.3
14719,9971.3
14720,9971.3
14721,9971.3
14722,9971.3
14723,9971.3
14724,9971.3
14725,9971.3
14726,9971.3
14727,9971.3
14728,9971.3
14729,9971.3
14730,9971.3
14731,9971.3
14732,9971.3
14733,9971.3
14734,9971.3
14735,9971.3
14736,9971.3
14737,9971.3
14738,9971.3
14739,9971.3
14740,9971.3
14741,9971.3
14742,9971.3
14743,9971.3
14744,9971.3
14745,9971.3
14746,9971.3
14747,9971.3
14748,9971.3
14749,9971.3
14750,9971.3
14751,9971.3
14752,9971.3
14753,9971.3
14754,9971.3
14755,9971.3
14756,9971.3
14757,9971.3
14758,9971.3
14759,9971.3
14760,9971.3
14761,9971.3
14762,9971.3
14763,9971.3
14764,9971.3
14765,9971.3
14766,9971.3
14767,9971.3
14768,9971.3
14769,9971.3
14770,9971.3
14771,9971.3
14772,9971.3
14773,9971.3
14774,9971.3
14775,9971.3
14776,9971.3
14777,9971.3
14778,9971.3
14779,9971.3
14780,9971.3
14781,9971.3
14782,9971.3
14783,9971.3
14784,9971.3
14785,9971.3
14786,9971.3
14787,9971.3
14788,9971.3
14789,9971.3
14790,9971.3
14791,9971.3
14792,9971.3
14793,9971.3
14794,9971.3
14795,9971.3
14796,9971.3
14797,9971.3
14798,9971.3
14799,9971.3
14800,9971.3
14801,9971.3
14802,9971.3
14803,9971.3
14804,9971.3
14805,9971.3
14806,9971.3
14807,9971.3
14808,9971.3
14809,9971.3
14810,9971.3
14811,9971.3
14812,9971.3
14813,9971.3
14814,9971.3
14815,9971.3
14816,9971.3
14817,9971.3
14818,9971.3
14819,9971.3
14820,9971.3
14821,9971.3
14822,9971.3
14823,9971.3
14824,9971.3
14825,9971.3
14826,9971.3
14827,9971.3
14828,9971.3
14829,9971.3
14830,9971.3
14831,9971.3
14832,9971.3
14833,9971.3
14834,9971.3
14835,9971.3
14836,9971.3
14837,9971.3
14838,9971.3
14839,9971.3
14840,9971.3
14841,9971.3
14842,9971.3
14843,9971.3
14844,9971.3
14845,9971.3
14846,9971.3
14847,9971.3
14848,9971.3
14849,9971.3
14850,9971.3
14851,9971.3
14852,9971.3
14853,9971.3
14854,9971.3
14855,9971.3
14856,9971.3
14857,9971.3
14858,9971.3
14859,9971.3
14860,9971.3
14861,9971.3
14862,9971.3
14863,9971.3
14864,9971.3
14865,9971.3
14866,9971.3
14867,9971.3
14868,9971.3
14869,9971.3
14870,9971.3
14871,9971.3
14872,9971.3
14873,9971.3
14874,9971.3
14875,9971.3
14876,9971.3
14877,9971.3
14878,9971.3
14879,9971.3
14880,9971.3
14881,9971.3
14882,9971.3
14883,9971.3
14884,9971.3
14885,9971.3
14886,9971.3
14887,9971.3
14888,9971.3
14889,9971.3
14890,9971.3
14891,9971.3
14892,9971.3
14893,9971.3
14894,9971.3
14895,9971.3
14896,9971.3
14897,9971.3
14898,9971.3
14899,9971.3
14900,9971.3
14901,9971.3
14902,9971.3
14903,9971.3
14904,9971.3
14905,9971.3
14906,9971.3
14907,9971.3
14908,9971.3
14909,9971.3
14910,9971.3
14911,9971.3
14912,9971.3
14913,9971.3
14914,9971.3
14915,9971.3
14916,9971.3
14917,9971.3
14918,9971.3
14919,9971.3
14920,9971.3
14921,9971.3
14922,9971.3
14923,9971.3
14924,9971.3
14925,9971.3
14926,9971.3
14927,9971.3
14928,9971.3
14929,9971.3
14930,9971.3
14931,9971.3
14932,9971.3
14933,9971.3
14934,9971.3
14935,9971.3
14936,9971.3
14937,9971.3
14938,9971.3
14939,9971.3
14940,9971.3
14941,9971.3
14942,9971.3
14943,9971.3
14944,9971.3
14945,9971.3
14946,9971.3
14947,9971.3
14948,9971.3
14949,9971.3
14950,9971.3
14951,9971.3
14952,9971.3
14953,9971.3
14954,9971.3
14955,9971.3
14956,9971.3
14957,9971.3
14958,9971.3
14959,9971.3
14960,9971.3
14961,9971.3
14962,9971.3
14963,9971.3
14964,9971.3
14965,9971.3
14966,9971.3
14967,9971.3
14968,9971.3
14969,9971.3
14970,9971.3
14971,9971.3
14972,9971.3
14973,9971.3
14974,9971.3
14975,9971.3
14976,9971.3
14977,9971.3
14978,9971.3
14979,9971.3
14980,9971.3
14981,9971.3
14982,9971.3
14983,9971.3
14984,9971.3
14985,9971.3
14986,9971.3
14987,9971.3
14988,9971.3
14989,9971.3
14990,9971.3
14991,9971.3
14992,9971.3
14993,9971.3
14994,9971.3
14995,9971.3
14996,9971.3
14997,9971.3
14998,9971.3
14999,9971.3
15000,9971.3
15001,9971.3
15002,9971.3
15003,9971.3
15004,9971.3
15005,9971.3
15006,9971.3
15007,9971.3
15008,9971.3
15009,9971.3
15010,9971.3
15011,9971.3
15012,9971.3
15013,9971.3
15014,9971.3
15015,9971.3
15016,9971.3
15017,9971.3
15018,9971.3
15019,9971.3
15020,9971.3
15021,9971.3
15022,9971.3
15023,9971.3
15024,9971.3
15025,9971.3
15026,9971.3
15027,9971.3
15028,9971.3
15029,9971.3
15030,9971.3
15031,9971.3
15032,9971.3
15033,9971.3
15034,9971.3
15035,9971.3
15036,9971.3
15037,9971.3
15038,9971.3
15039,9971.3
15040,9971.3
15041,9971.3
15042,9971.3
15043,9971.3
15044,9971.3
15045,9971.3
15046,9971.3
15047,9971.3
15048,9971.3
15049,9971.3
15050,9971.3
15051,9971.3
15052,9971.3
15053,9971.3
15054,9971.3
15055,9971.3
15056,9971.3
15057,9971.3
15058,9971.3
15059,9971.3
15060,9971.3
15061,9971.3
15062,9971.3
15063,9971.3
15064,9971.3
15065,9971.3
15066,9971.3
15067,9971.3
15068,9971.3
15069,9971.3
15070,9971.3
15071,9971.3
15072,9971.3
15073,9971.3
15074,9971.3
15075,9971.3
15076,9971.3
15077,9971.3
15078,9971.3
15079,9971.3
15080,9971.3
15081,9971.3
15082,9971.3
15083,9971.3
15084,9971.3
15085,9971.3
15086,9971.3
15087,9971.3
15088,9971.3
15089,9971.3
15090,9971.3
15091,9971.3
15092,9971.3
15093,9971.3
15094,9971.3
15095,9971.3
15096,9971.3
15097,9971.3
15098,9971.3
15099,9971.3
15100,9971.3
15101,9971.3
15102,9971.3
15103,9971.3
15104,9971.3
15105,9971.3
15106,9971.3
15107,9971.3
15108,9971.3
15109,9971.3
15110,9971.3
15111,9971.3
15112,9971.3
15113,9971.3
15114,9971.3
15115,9971.3
15116,9971.3
15117,9971.3
15118,9971.3
15119,9971.3
15120,9971.3
15121,9971.3
15122,9971.3
15123,9971.3
15124,9971.3
15125,9971.3
15126,9971.3
15127,9971.3
15128,9971.3
15129,9971.3
15130,9971.3
15131,9971.3
15132,9971.3
15133,9971.3
15134,9971.3
15135,9971.3
15136,9971.3
15137,9971.3
15138,9971.3
15139,9971.3
15140,9971.3
15141,9971.3
15142,9971.3
15143,9971.3
15144,9971.3
15145,9971.3
15146,9971.3
15147,9971.3
15148,9971.3
15149,9971.3
15150,9971.3
15151,9971.3
15152,9971.3
15153,9971.3
15154,9971.3
15155,9971.3
15156,9971.3
15157,9971.3
15158,9971.3
15159,9971.3
15160,9971.3
15161,9971.3
15162,9971.3
15163,9971.3
15164,9971.3
15165,9971.3
15166,9971.3
15167,9971.3
15168,9971.3
15169,9971.3
15170,9971.3
15171,9971.3
15172,9971.3
15173,9971.3
15174,9971.3
15175,9971.3
15176,9971.3
15177,9971.3
15178,9971.3
15179,9971.3
15180,9971.3
15181,9971.3
15182,9971.3
15183,9971.3
15184,9971.3
15185,9971.3
15186,9971.3
15187,9971.3
15188,9971.3
15189,9971.3
15190,9971.3
15191,9971.3
15192,9971.3
15193,9971.3
15194,9971.3
15195,9971.3
15196,9971.3
15197,9971.3
15198,9971.3
15199,9971.3
15200,9971.3
15201,9971.3
15202,9971.3
15203,9971.3
15204,9971.3
15205,9971.3
15206,9971.3
15207,9971.3
15208,9971.3
15209,9971.3
15210,9971.3
15211,9971.3
15212,9971.3
15213,9971.3
15214,9971.3
15215,9971.3
15216,9971.3
15217,9971.3
15218,9971.3
15219,9971.3
15220,9971.3
15221,9971.3
15222,9971.3
15223,9971.3
15224,9971.3
15225,9971.3
15226,9971.3
15227,9971.3
15228,9971.3
15229,9971.3
15230,9971.3
15231,9971.3
15232,9971.3
15233,9971.3
15234,9971.3
15235,9971.3
15236,9971.3
15237,9971.3
15238,9971.3
15239,9971.3
15240,9971.3
15241,9971.3
15242,9971.3
15243,9971.3
15244,9971.3
15245,9971.3
15246,9971.3
15247,9971.3
15248,9971.3
15249,9971.3
15250,9971.3
15251,9971.3
15252,9971.3
15253,9971.3
15254,9971.3
15255,9971.3
15256,9971.3
15257,9971.3
15258,9971.3
15259,9971.3
15260,9971.3
15261,9971.3
15262,9971.3
15263,9971.3
15264,9971.3
15265,9971.3
15266,9971.3
15267,9971.3
15268,9971.3
15269,9971.3
15270,9971.3
15271,9971.3
15272,9971.3
15273,9971.3
15274,9971.3
15275,9971.3
15276,9971.3
15277,9971.3
15278,9971.3
15279,9971.3
15280,9971.3
15281,9971.3
15282,9971.3
15283,9971.3
15284,9971.3
15285,9971.3
15286,9971.3
15287,9971.3
15288,9971.3
15289,9971.3
15290,9971.3
15291,9971.3
15292,9971.3
15293,9971.3
15294,9971.3
15295,9971.3
15296,9971.3
15297,9971.3
15298,9971.3
15299,9971.3
15300,9971.3
15301,9971.3
15302,9971.3
15303,9971.3
15304,9971.3
15305,9971.3
15306,9971.3
15307,9971.3
15308,9971.3
15309,9971.3
15310,9971.3
15311,9971.3
15312,9971.3
15313,9971.3
15314,9971.3
15315,9971.3
15316,9971.3
15317,9971.3
15318,9971.3
15319,9971.3
15320,9971.3
15321,9971.3
15322,9971.3
15323,9971.3
15324,9971.3
15325,9971.3
15326,9971.3
15327,9971.3
15328,9971.3
15329,9971.3
15330,9971.3
15331,9971.3
15332,9971.3
15333,9971.3
15334,9971.3
15335,9971.3
15336,9971.3
15337,9971.3
15338,9971.3
15339,9971.3
15340,9971.3
15341,9971.3
15342,9971.3
15343,9971.3
15344,9971.3
15345,9971.3
15346,9971.3
15347,9971.3
15348,9971.3
15349,9971.3
15350,9971.3
15351,9971.3
15352,9971.3
15353,9971.3
15354,9971.3
15355,9971.3
15356,9971.3
15357,9971.3
15358,9971.3
15359,9971.3
15360,9971.3
15361,9971.3
15362,9971.3
15363,9971.3
15364,9971.3
15365,9971.3
15366,9971.3
15367,9971.3
15368,9971.3
15369,9971.3
15370,9971.3
15371,9971.3
15372,9971.3
15373,9971.3
15374,9971.3
15375,9971.3
15376,9971.3
15377,9971.3
15378,9971.3
15379,9971.3
15380,9971.3
15381,9971.3
15382,9971.3
15383,9971.3
15384,9971.3
15385,9971.3
15386,9971.3
15387,9971.3
15388,9971.3
15389,9971.3
15390,9971.3
15391,9971.3
15392,9971.3
15393,9971.3
15394,9971.3
15395,9971.3
15396,9971.3
15397,9971.3
15398,9971.3
15399,9971.3
15400,9971.3
15401,9971.3
15402,9971.3
15403,9971.3
15404,9971.3
15405,9971.3
15406,9971.3
15407,9971.3
15408,9971.3
15409,9971.3
15410,9971.3
15411,9971.3
15412,9971.3
15413,9971.3
15414,9971.3
15415,9971.3
15416,9971.3
15417,9971.3
15418,9971.3
15419,9971.3
15420,9971.3
15421,9971.3
15422,9971.3
15423,9971.3
15424,9971.3
15425,9971.3
15426,9971.3
15427,9971.3
15428,9971.3
15429,9971.3
15430,9971.3
15431,9971.3
15432,9971.3
15433,9971.3
15434,9971.3
15435,9971.3
15436,9971.3
15437,9971.3
15438,9971.3
15439,9971.3
15440,9971.3
15441,9971.3
15442,9971.3
15443,9971.3
15444,9971.3
15445,9971.3
15446,9971.3
15447,9971.3
15448,9971.3
15449,9971.3
15450,9971.3
15451,9971.3
15452,9971.3
15453,9971.3
15454,9971.3
15455,9971.3
15456,9971.3
15457,9971.3
15458,9971.3
15459,9971.3
15460,9971.3
15461,9971.3
15462,9971.3
15463,9971.3
15464,9971.3
15465,9971.3
15466,9971.3
15467,9971.3
15468,9971.3
15469,9971.3
15470,9971.3
15471,9971.3
15472,9971.3
15473,9971.3
15474,9971.3
15475,9971.3
15476,9971.3
15477,9971.3
15478,9971.3
15479,9971.3
15480,9971.3
15481,9971.3
15482,9971.3
15483,9971.3
15484,9971.3
15485,9971.3
15486,9971.3
15487,9971.3
15488,9971.3
15489,9971.3
15490,9971.3
15491,9971.3
15492,9971.3
15493,9971.3
15494,9971.3
15495,9971.3
15496,9971.3
15497,9971.3
15498,9971.3
15499,9971.3
15500,9971.3
15501,9971.3
15502,9971.3
15503,9971.3
15504,9971.3
15505,9971.3
15506,9971.3
15507,9971.3
15508,9971.3
15509,9971.3
15510,9971.3
15511,9971.3
15512,9971.3
15513,9971.3
15514,9971.3
15515,9971.3
15516,9971.3
15517,9971.3
15518,9971.3
15519,9971.3
15520,9971.3
15521,9971.3
15522,9971.3
15523,9971.3
15524,9971.3
15525,9971.3
15526,9971.3
15527,9971.3
15528,9971.3
15529,9971.3
15530,9971.3
15531,9971.3
15532,9971.3
15533,9971.3
15534,9971.3
15535,9971.29
15536,9971.29
15537,9971.29
15538,9971.29
15539,9971.29
15540,9971.29
15541,9971.29
15542,9971.29
15543,9971.29
15544,9971.29
15545,9971.29
15546,9971.29
15547,9971.29
15548,9971.29
15549,9971.29
15550,9971.29
15551,9971.29
15552,9971.29
15553,9971.29
15554,9971.29
15555,9971.29
15556,9971.29
15557,9971.29
15558,9971.29
15559,9971.29
15560,9971.29
15561,9971.29
15562,9971.29
15563,9971.29
15564,9971.29
15565,9971.29
15566,9971.29
15567,9971.29
15568,9971.29
15569,9971.29
15570,9971.29
15571,9971.29
15572,9971.29
15573,9971.29
15574,9971.29
15575,9971.29
15576,9971.29
15577,9971.29
15578,9971.29
15579,9971.29
15580,9971.29
15581,9971.29
15582,9971.29
15583,9971.29
15584,9971.29
15585,9971.29
15586,9971.29
15587,9971.29
15588,9971.29
15589,9971.29
15590,9971.29
15591,9971.29
15592,9971.29
15593,9971.29
15594,9971.29
15595,9971.29
15596,9971.29
15597,9971.29
15598,9971.29
15599,9971.29
15600,9971.29
15601,9971.29
15602,9971.29
15603,9971.29
15604,9971.29
15605,9971.29
15606,9971.29
15607,9971.29
15608,9971.29
15609,9971.29
15610,9971.29
15611,9971.29
15612,9971.29
15613,9971.29
15614,9971.29
15615,9971.29
15616,9971.29
15617,9971.29
15618,9971.29
15619,9971.29
15620,9971.29
15621,9971.29
15622,9971.29
15623,9971.29
15624,9971.29
15625,9971.29
15626,9971.29
15627,9971.29
15628,9971.29
15629,9971.29
15630,9971.29
15631,9971.29
15632,9971.29
15633,9971.29
15634,9971.29
15635,9971.29
15636,9971.29
15637,9971.29
15638,9971.29
15639,9971.29
15640,9971.29
15641,9971.29
15642,9971.29
15643,9971.29
15644,9971.29
15645,9971.29
15646,9971.29
15647,9971.29
15648,9971.29
15649,9971.29
15650,9971.29
15651,9971.29
15652,9971.29
15653,9971.29
15654,9971.29
15655,9971.29
15656,9971.29
15657,9971.29
15658,9971.29
15659,9971.29
15660,9971.29
15661,9971.29
15662,9971.29
15663,9971.29
15663.8,9971.29
15664,9971.1
15665,9970.19
15665.1,9970.11
15666,9970.11
15666.1,9970.11
15666.4,9970.1
15667,9970.1
15667.1,9970.1
15667.1,9970.1
15668,9970.07
15668.3,9970.06
15669,9970.06
15670,9970.06
15671,9970.06
15672,9970.06
15673,9970.06
15674,9970.06
15675,9970.06
15676,9970.06
15677,9970.06
15678,9970.06
15679,9970.06
15680,9970.06
15681,9970.06
15682,9970.06
15683,9970.06
15684,9970.06
15685,9970.06
15686,9970.06
15687,9970.06
15688,9970.06
15689,9970.06
15690,9970.06
15691,9970.06
15692,9970.06
15693,9970.06
15694,9970.06
15695,9970.06
15696,9970.06
15697,9970.06
15698,9970.06
15699,9970.06
15700,9970.06
15701,9970.06
15702,9970.06
15703,9970.06
15704,9970.06
15705,9970.06
15706,9970.06
15707,9970.06
15708,9970.06
15709,9970.06
15710,9970.06
15711,9970.06
15712,9970.06
15713,9970.06
15714,9970.06
15715,9970.06
15716,9970.06
15717,9970.06
15718,9970.06
15719,9970.06
15720,9970.06
15721,9970.06
15722,9970.06
15723,9970.06
15724,9970.06
15725,9970.06
15726,9970.06
15727,9970.06
15728,9970.06
15729,9970.06
15730,9970.06
15731,9970.06
15732,9970.06
15733,9970.06
15734,9970.06
15735,9970.06
15736,9970.06
15737,9970.06
15738,9970.06
15739,9970.06
15740,9970.06
15741,9970.06
15742,9970.06
15743,9970.06
15744,9970.06
15745,9970.06
15746,9970.06
15747,9970.06
15748,9970.06
15749,9970.06
15750,9970.06
15751,9970.06
15752,9970.06
15753,9970.06
15754,9970.06
15755,9970.06
15756,9970.06
15757,9970.06
15758,9970.06
15759,9970.06
15760,9970.06
15761,9970.06
15762,9970.06
15763,9970.06
15764,9970.06
15765,9970.06
15766,9970.06
15767,9970.06
15768,9970.06
15769,9970.06
15770,9970.06
15771,9970.06
15772,9970.06
15773,9970.06
15774,9970.06
15775,9970.06
15776,9970.06
15777,9970.06
15778,9970.06
15779,9970.06
15780,9970.06
15781,9970.06
15782,9970.06
15783,9970.06
15784,9970.06
15785,9970.06
15786,9970.06
15787,9970.06
15788,9970.06
15789,9970.06
15790,9970.06
15791,9970.06
15792,9970.06
15793,9970.06
15794,9970.06
15795,9970.06
15796,9970.06
15797,9970.06
15798,9970.06
15799,9970.06
15800,9970.06
15801,9970.06
15802,9970.06
15803,9970.06
15804,9970.06
15805,9970.06
15806,9970.06
15807,9970.06
15808,9970.06
15809,9970.06
15810,9970.06
15811,9970.06
15812,9970.06
15813,9970.06
15814,9970.06
15815,9970.06
15816,9970.06
15817,9970.06
15818,9970.06
15819,9970.06
15820,9970.06
15821,9970.06
15822,9970.06
15823,9970.06
15824,9970.06
15825,9970.06
15826,9970.06
15827,9970.06
15828,9970.06
15829,9970.06
15830,9970.06
15831,9970.06
15832,9970.06
15833,9970.06
15834,9970.06
15835,9970.06
15836,9970.06
15837,9970.06
15838,9970.06
15839,9970.06
15840,9970.06
15841,9970.06
15842,9970.06
15843,9970.06
15844,9970.06
15845,9970.06
15846,9970.06
15847,9970.06
15848,9970.06
15849,9970.06
15850,9970.06
15851,9970.06
15852,9970.06
15853,9970.06
15854,9970.06
15855,9970.06
15856,9970.06
15857,9970.06
15858,9970.06
15859,9970.06
15860,9970.06
15861,9970.06
15862,9970.06
15863,9970.06
15864,9970.06
15865,9970.06
15866,9970.06
15867,9970.06
15868,9970.06
15869,9970.06
15870,9970.06
15871,9970.06
15872,9970.06
15873,9970.06
15874,9970.06
15875,9970.06
15876,9970.06
15877,9970.06
15878,9970.06
15879,9970.06
15880,9970.06
15881,9970.06
15882,9970.06
15883,9970.06
15884,9970.06
15885,9970.06
15886,9970.06
15887,9970.06
15888,9970.06
15889,9970.06
15890,9970.06
15891,9970.06
15892,9970.06
15893,9970.06
15894,9970.06
15895,9970.06
15896,9970.06
15897,9970.06
15898,9970.06
15899,9970.06
15900,9970.06
15901,9970.06
15902,9970.06
15903,9970.06
15904,9970.06
15905,9970.06
15906,9970.06
15907,9970.06
15908,9970.06
15909,9970.06
15910,9970.06
15911,9970.06
15912,9970.06
15913,9970.06
15914,9970.06
15915,9970.06
15916,9970.06
15917,9970.06
15918,9970.06
15919,9970.06
15920,9970.06
15921,9970.06
15922,9970.06
15923,9970.06
15924,9970.06
15925,9970.06
15926,9970.06
15927,9970.06
15928,9970.06
15929,9970.06
15930,9970.06
15931,9970.06
15932,9970.06
15933,9970.06
15934,9970.06
15935,9970.06
15936,9970.06
15937,9970.06
15938,9970.06
15939,9970.06
15940,9970.06
15941,9970.06
15942,9970.06
15943,9970.06
15944,9970.06
15945,9970.06
15946,9970.06
15947,9970.06
15948,9970.06
15949,9970.06
15950,9970.06
15951,9970.06
15952,9970.06
15953,9970.06
15954,9970.06
15955,9970.06
15956,9970.06
15957,9970.06
15958,9970.06
15959,9970.06
15960,9970.06
15961,9970.06
15962,9970.06
15963,9970.06
15964,9970.06
15965,9970.06
15966,9970.06
15967,9970.06
15968,9970.06
15969,9970.06
15970,9970.06
15971,9970.06
15972,9970.06
15973,9970.06
15974,9970.06
15975,9970.06
15976,9970.06
15977,9970.06
15978,9970.06
15979,9970.06
15980,9970.06
15981,9970.06
15982,9970.06
15983,9970.06
15984,9970.06
15985,9970.06
15986,9970.06
15987,9970.06
15988,9970.06
15989,9970.06
15990,9970.06
15991,9970.06
15992,9970.06
15993,9970.06
15994,9970.06
15995,9970.06
15996,9970.06
15997,9970.06
15998,9970.06
15999,9970.06
16000,9970.06
16001,9970.06
16002,9970.06
16003,9970.06
16004,9970.06
16005,9970.06
16006,9970.06
16007,9970.06
16008,9970.06
16009,9970.06
16010,9970.06
16011,9970.06
16012,9970.06
16013,9970.06
16014,9970.06
16015,9970.06
16016,9970.06
16017,9970.06
16018,9970.06
16019,9970.06
16020,9970.06
16021,9970.06
16022,9970.06
16023,9970.06
16024,9970.06
16025,9970.06
16026,9970.06
16027,9970.06
16028,9970.06
16029,9970.06
16030,9970.06
16031,9970.06
16032,9970.06
16033,9970.06
16034,9970.06
16035,9970.06
16036,9970.06
16037,9970.06
16038,9970.06
16039,9970.06
16040,9970.06
16041,9970.06
16042,9970.06
16043,9970.06
16044,9970.06
16045,9970.06
16046,9970.06
16047,9970.06
16048,9970.06
16049,9970.06
16050,9970.06
16051,9970.06
16052,9970.06
16053,9970.06
16054,9970.06
16055,9970.06
16056,9970.06
16057,9970.06
16058,9970.06
16059,9970.06
16060,9970.06
16061,9970.06
16062,9970.06
16063,9970.06
16064,9970.06
16065,9970.06
16066,9970.06
16067,9970.06
16068,9970.06
16069,9970.06
16070,9970.06
16071,9970.06
16072,9970.06
16073,9970.06
16074,9970.06
16075,9970.06
16076,9970.06
16077,9970.06
16078,9970.06
16079,9970.06
16080,9970.06
16081,9970.06
16082,9970.06
16083,9970.06
16084,9970.06
16085,9970.06
16086,9970.06
16087,9970.06
16088,9970.06
16089,9970.06
16090,9970.06
16091,9970.06
16092,9970.06
16093,9970.06
16094,9970.06
16095,9970.06
16096,9970.06
16097,9970.06
16098,9970.06
16099,9970.06
16100,9970.06
16101,9970.06
16102,9970.06
16103,9970.06
16104,9970.06
16105,9970.06
16106,9970.06
16107,9970.06
16108,9970.06
16109,9970.06
16110,9970.06
16111,9970.06
16112,9970.06
16113,9970.06
16114,9970.06
16115,9970.06
16116,9970.06
16117,9970.06
16118,9970.06
16119,9970.06
16120,9970.06
16121,9970.06
16122,9970.06
16123,9970.06
16124,9970.06
16125,9970.06
16126,9970.06
16127,9970.06
16128,9970.06
16129,9970.06
16130,9970.06
16131,9970.06
16132,9970.06
16133,9970.06
16134,9970.06
16135,9970.06
16136,9970.06
16137,9970.06
16138,9970.06
16139,9970.06
16140,9970.06
16141,9970.06
16142,9970.06
16143,9970.06
16144,9970.06
16145,9970.06
16146,9970.06
16147,9970.06
16148,9970.06
16149,9970.06
16150,9970.06
16151,9970.06
16152,9970.06
16153,9970.06
16154,9970.06
16155,9970.06
16156,9970.06
16157,9970.06
16158,9970.06
16159,9970.06
16160,9970.06
16161,9970.06
16162,9970.06
16163,9970.06
16164,9970.06
16165,9970.06
16166,9970.06
16167,9970.06
16168,9970.06
16169,9970.06
16170,9970.06
16171,9970.06
16172,9970.06
16173,9970.06
16174,9970.06
16175,9970.06
16176,9970.06
16177,9970.06
16178,9970.06
16179,9970.06
16180,9970.06
16181,9970.06
16182,9970.06
16183,9970.06
16184,9970.06
16185,9970.06
16186,9970.06
16187,9970.06
16188,9970.06
16189,9970.06
16190,9970.06
16191,9970.06
16192,9970.06
16193,9970.06
16194,9970.06
16195,9970.06
16196,9970.06
16197,9970.06
16198,9970.06
16199,9970.06
16200,9970.06
16201,9970.06
16202,9970.06
16203,9970.06
16204,9970.06
16205,9970.06
16206,9970.06
16207,9970.06
16208,9970.06
16209,9970.06
16210,9970.06
16211,9970.06
16212,9970.06
16213,9970.06
16214,9970.06
16215,9970.06
16216,9970.06
16217,9970.06
16218,9970.06
16219,9970.06
16220,9970.06
16221,9970.06
16222,9970.06
16223,9970.06
16224,9970.06
16225,9970.06
16226,9970.06
16227,9970.06
16228,9970.06
16229,9970.06
16230,9970.06
16231,9970.06
16232,9970.06
16233,9970.06
16234,9970.06
16235,9970.06
16236,9970.06
16237,9970.06
16238,9970.06
16239,9970.06
16240,9970.06
16241,9970.06
16242,9970.06
16243,9970.06
16244,9970.06
16245,9970.06
16246,9970.06
16247,9970.06
16248,9970.06
16249,9970.06
16250,9970.06
16251,9970.06
16252,9970.06
16253,9970.06
16254,9970.06
16255,9970.06
16256,9970.06
16257,9970.06
16258,9970.06
16259,9970.06
16260,9970.06
16261,9970.06
16262,9970.06
16263,9970.06
16264,9970.06
16265,9970.06
16266,9970.06
16267,9970.06
16268,9970.06
16269,9970.06
16270,9970.06
16271,9970.06
16272,9970.06
16273,9970.06
16274,9970.06
16275,9970.06
16276,9970.06
16277,9970.06
16278,9970.06
16279,9970.06
16280,9970.06
16281,9970.06
16282,9970.06
16283,9970.06
16284,9970.06
16285,9970.06
16286,9970.06
16287,9970.06
16288,9970.06
16289,9970.06
16290,9970.06
16291,9970.06
16292,9970.06
16293,9970.06
16294,9970.06
16295,9970.06
16296,9970.06
16297,9970.06
16298,9970.06
16299,9970.06
16300,9970.06
16301,9970.06
16302,9970.06
16303,9970.06
16304,9970.06
16305,9970.06
16306,9970.06
16307,9970.06
16308,9970.06
16309,9970.06
16310,9970.06
16311,9970.06
16312,9970.06
16313,9970.06
16314,9970.06
16315,9970.06
16316,9970.06
16317,9970.06
16318,9970.06
16319,9970.06
16320,9970.06
16321,9970.06
16322,9970.06
16323,9970.06
16324,9970.06
16325,9970.06
16326,9970.06
16327,9970.06
16328,9970.06
16329,9970.06
16330,9970.06
16331,9970.06
16332,9970.06
16333,9970.06
16334,9970.06
16335,9970.06
16336,9970.06
16337,9970.06
16338,9970.06
16339,9970.06
16340,9970.06
16341,9970.06
16342,9970.06
16343,9970.06
16344,9970.06
16345,9970.06
16346,9970.06
16347,9970.06
16348,9970.06
16349,9970.06
16350,9970.06
16351,9970.06
16352,9970.06
16353,9970.06
16354,9970.06
16355,9970.06
16356,9970.06
16357,9970.06
16358,9970.06
16359,9970.06
16360,9970.06
16361,9970.06
16362,9970.06
16363,9970.06
16364,9970.06
16365,9970.06
16366,9970.06
16367,9970.06
16368,9970.06
16369,9970.06
16370,9970.06
16371,9970.06
16372,9970.06
16373,9970.06
16374,9970.06
16375,9970.06
16376,9970.06
16377,9970.06
16378,9970.06
16379,9970.06
16380,9970.06
16381,9970.06
16382,9970.06
16383,9970.06
16384,9970.06
16385,9970.06
16386,9970.06
16387,9970.06
16388,9970.06
16389,9970.06
16390,9970.06
16391,9970.06
16392,9970.06
16393,9970.06
16394,9970.06
16395,9970.06
16396,9970.06
16397,9970.06
16398,9970.06
16399,9970.06
16400,9970.06
16401,9970.06
16402,9970.06
16403,9970.06
16404,9970.06
16405,9970.06
16406,9970.06
16407,9970.06
16408,9970.06
16409,9970.06
16410,9970.06
16411,9970.06
16412,9970.06
16413,9970.06
16414,9970.06
16415,9970.06
16416,9970.06
16417,9970.06
16418,9970.06
16419,9970.06
16420,9970.06
16421,9970.06
16422,9970.06
16423,9970.06
16424,9970.06
16425,9970.06
16426,9970.06
16427,9970.06
16428,9970.06
16429,9970.06
16430,9970.06
16431,9970.06
16432,9970.06
16433,9970.06
16434,9970.06
16435,9970.06
16436,9970.06
16437,9970.06
16438,9970.06
16439,9970.06
16440,9970.06
16441,9970.06
16442,9970.06
16443,9970.06
16444,9970.06
16445,9970.06
16446,9970.06
16447,9970.06
16448,9970.06
16449,9970.06
16450,9970.06
16451,9970.06
16452,9970.06
16453,9970.06
16454,9970.06
16455,9970.06
16456,9970.06
16457,9970.06
16458,9970.06
16459,9970.06
16460,9970.06
16461,9970.06
16462,9970.06
16463,9970.06
16464,9970.06
16465,9970.06
16466,9970.06
16467,9970.06
16468,9970.06
16469,9970.06
16470,9970.06
16471,9970.06
16472,9970.06
16473,9970.06
16474,9970.06
16475,9970.06
16476,9970.06
16477,9970.06
16478,9970.06
16479,9970.06
16480,9970.06
16481,9970.06
16482,9970.06
16483,9970.06
16484,9970.06
16485,9970.06
16486,9970.06
16487,9970.06
16488,9970.06
16489,9970.06
16490,9970.06
16491,9970.06
16492,9970.06
16493,9970.06
16494,9970.06
16495,9970.06
16496,9970.06
16497,9970.06
16498,9970.06
16499,9970.06
16500,9970.06
16501,9970.06
16502,9970.06
16503,9970.06
16504,9970.06
16505,9970.06
16506,9970.06
16507,9970.06
16508,9970.06
16509,9970.06
16510,9970.06
16511,9970.06
16512,9970.06
16513,9970.06
16514,9970.06
16515,9970.06
16516,9970.06
16517,9970.06
16518,9970.06
16519,9970.06
16520,9970.06
16521,9970.06
16522,9970.06
16523,9970.06
16524,9970.06
16525,9970.06
16526,9970.06
16527,9970.06
16528,9970.06
16529,9970.06
16530,9970.06
16531,9970.06
16532,9970.06
16533,9970.06
16534,9970.06
16535,9970.06
16536,9970.06
16537,9970.06
16538,9970.06
16539,9970.06
16540,9970.06
16541,9970.06
16542,9970.06
16543,9970.06
16544,9970.06
16545,9970.06
16546,9970.06
16547,9970.06
16548,9970.06
16549,9970.06
16550,9970.06
16551,9970.06
16552,9970.06
16553,9970.06
16554,9970.06
16555,9970.06
16556,9970.06
16557,9970.06
16558,9970.06
16559,9970.06
16560,9970.06
16561,9970.06
16562,9970.06
16563,9970.06
16564,9970.06
16565,9970.06
16566,9970.06
16567,9970.06
16568,9970.06
16569,9970.06
16570,9970.06
16571,9970.06
16572,9970.06
16573,9970.06
16574,9970.06
16575,9970.06
16576,9970.06
16577,9970.06
16578,9970.06
16579,9970.06
16580,9970.06
16581,9970.06
16582,9970.06
16583,9970.06
16584,9970.06
16585,9970.06
16586,9970.06
16587,9970.06
16588,9970.06
16589,9970.06
16590,9970.06
16591,9970.06
16592,9970.06
16593,9970.06
16594,9970.06
16595,9970.06
16596,9970.06
16597,9970.06
16598,9970.06
16599,9970.06
16600,9970.06
16601,9970.06
16602,9970.06
16603,9970.06
16604,9970.06
16605,9970.06
16606,9970.06
16607,9970.06
16608,9970.06
16609,9970.06
16610,9970.06
16611,9970.06
16612,9970.06
16613,9970.06
16614,9970.06
16615,9970.06
16616,9970.06
16617,9970.06
16618,9970.06
16619,9970.06
16620,9970.06
16621,9970.06
16622,9970.06
16623,9970.06
16624,9970.06
16625,9970.06
16626,9970.06
16627,9970.06
16628,9970.06
16629,9970.06
16630,9970.06
16631,9970.06
16632,9970.06
16633,9970.06
16634,9970.06
16635,9970.06
16636,9970.06
16637,9970.06
16638,9970.06
16639,9970.06
16640,9970.06
16641,9970.06
16642,9970.06
16643,9970.06
16644,9970.06
16645,9970.06
16646,9970.06
16647,9970.06
16648,9970.06
16649,9970.06
16650,9970.06
16651,9970.06
16652,9970.06
16653,9970.06
16654,9970.06
16655,9970.06
16656,9970.06
16657,9970.06
16658,9970.06
16659,9970.06
16660,9970.06
16661,9970.06
16662,9970.06
16663,9970.06
16664,9970.06
16665,9970.06
16666,9970.06
16667,9970.06
16668,9970.06
16669,9970.06
16670,9970.06
16671,9970.06
16672,9970.06
16673,9970.06
16674,9970.06
16675,9970.06
16676,9970.06
16677,9970.06
16678,9970.06
16679,9970.06
16680,9970.06
16681,9970.06
16682,9970.06
16683,9970.06
16684,9970.06
16685,9970.06
16686,9970.06
16687,9970.06
16688,9970.06
16689,9970.06
16690,9970.06
16691,9970.06
16692,9970.06
16693,9970.06
16694,9970.06
16695,9970.06
16696,9970.06
16697,9970.06
16698,9970.06
16699,9970.06
16700,9970.06
16701,9970.06
16702,9970.06
16703,9970.06
16704,9970.06
16705,9970.06
16706,9970.06
16707,9970.06
16708,9970.06
16709,9970.06
16710,9970.06
16711,9970.06
16712,9970.06
16713,9970.06
16714,9970.06
16715,9970.06
16716,9970.06
16717,9970.06
16718,9970.06
16719,9970.06
16720,9970.06
16721,9970.06
16722,9970.06
16723,9970.06
16724,9970.06
16725,9970.06
16726,9970.06
16727,9970.06
16728,9970.06
16729,9970.06
16730,9970.06
16731,9970.06
16732,9970.06
16733,9970.06
16734,9970.06
16735,9970.06
16736,9970.06
16737,9970.06
16738,9970.06
16739,9970.06
16740,9970.06
16741,9970.06
16742,9970.06
16743,9970.06
16744,9970.06
16745,9970.06
16746,9970.06
16747,9970.06
16748,9970.06
16749,9970.06
16750,9970.06
16751,9970.06
16752,9970.06
16753,9970.06
16754,9970.06
16755,9970.06
16756,9970.06
16757,9970.06
16758,9970.06
16759,9970.06
16760,9970.06
16761,9970.06
16762,9970.06
16763,9970.06
16764,9970.06
16765,9970.06
16766,9970.06
16767,9970.06
16768,9970.06
16769,9970.06
16770,9970.06
16771,9970.06
16772,9970.06
16773,9970.06
16774,9970.06
16775,9970.06
16776,9970.06
16777,9970.06
16778,9970.06
16779,9970.06
16780,9970.06
16781,9970.06
16782,9970.06
16783,9970.06
16784,9970.06
16785,9970.06
16786,9970.06
16787,9970.06
16788,9970.06
16789,9970.06
16790,9970.06
16791,9970.06
16792,9970.06
16793,9970.06
16794,9970.06
16795,9970.06
16796,9970.06
16797,9970.06
16798,9970.06
16799,9970.06
16800,9970.06
16801,9970.06
16802,9970.06
16803,9970.06
16804,9970.06
16805,9970.06
16806,9970.06
16807,9970.06
16808,9970.06
16809,9970.06
16810,9970.06
16811,9970.06
16812,9970.06
16813,9970.06
16814,9970.06
16815,9970.06
16816,9970.06
16817,9970.06
16818,9970.06
16819,9970.06
16820,9970.06
16821,9970.06
16822,9970.06
16823,9970.06
16824,9970.06
16825,9970.06
16826,9970.06
16827,9970.06
16828,9970.06
16829,9970.06
16830,9970.06
16831,9970.06
16832,9970.06
16833,9970.06
16834,9970.06
16835,9970.06
16836,9970.06
16837,9970.06
16838,9970.06
16839,9970.06
16840,9970.06
16841,9970.06
16842,9970.06
16843,9970.06
16844,9970.06
16845,9970.06
16846,9970.06
16847,9970.06
16848,9970.06
16849,9970.06
16850,9970.06
16851,9970.06
16852,9970.06
16853,9970.06
16854,9970.06
16855,9970.06
16856,9970.06
16857,9970.06
16858,9970.06
16859,9970.06
16860,9970.06
16861,9970.06
16862,9970.06
16863,9970.06
16863.8,9970.06
16864,9969.86
16864.5,9969.39
16865,9969.39
16865.5,9969.39
16865.7,9969.39
16866,9969.39
16866.5,9969.39
16866.5,9969.39
16867,9969.37
16867.5,9969.35
16868,9969.35
16869,9969.35
16870,9969.35
16871,9969.35
16872,9969.35
16873,9969.35
16874,9969.35
16875,9969.35
16876,9969.35
16877,9969.35
16878,9969.35
16879,9969.35
16880,9969.35
16881,9969.35
16882,9969.35
16883,9969.35
16884,9969.35
16885,9969.35
16886,9969.35
16887,9969.35
16888,9969.35
16889,9969.35
16890,9969.35
16891,9969.35
16892,9969.35
16893,9969.35
16894,9969.35
16895,9969.35
16896,9969.35
16897,9969.35
16898,9969.35
16899,9969.35
16900,9969.35
16901,9969.35
16902,9969.35
16903,9969.35
16904,9969.35
16905,9969.35
16906,9969.35
16907,9969.35
16908,9969.35
16909,9969.35
16910,9969.35
16911,9969.35
16912,9969.35
16913,9969.35
16914,9969.35
16915,9969.35
16916,9969.35
16917,9969.35
16918,9969.35
16919,9969.35
16920,9969.35
16921,9969.35
16922,9969.35
16923,9969.35
16924,9969.35
16925,9969.35
16926,9969.35
16927,9969.35
16928,9969.35
16929,9969.35
16930,9969.35
16931,9969.35
16932,9969.35
16933,9969.35
16934,9969.35
16935,9969.35
16936,9969.35
16937,9969.35
16937.2,9969.35
16938,9968.61
16938.5,9968.16
16939,9968.16
16939.5,9968.16
16939.8,9968.16
16940,9968.16
16940.5,9968.16
16940.5,9968.16
16941,9968.14
16941.7,9968.12
16942,9968.12
16943,9968.12
16944,9968.12
16945,9968.12
16946,9968.12
16947,9968.12
16948,9968.12
16949,9968.12
16950,9968.12
16951,9968.12
16952,9968.12
16953,9968.12
16954,9968.12
16955,9968.12
16956,9968.12
16957,9968.12
16958,9968.12
16959,9968.12
16960,9968.12
16961,9968.12
16962,9968.12
16963,9968.12
16964,9968.12
16965,9968.12
16966,9968.12
16967,9968.12
16968,9968.12
16969,9968.12
16970,9968.12
16971,9968.12
16972,9968.12
16973,9968.12
16974,9968.12
16975,9968.12
16976,9968.12
16977,9968.12
16978,9968.12
16979,9968.12
16980,9968.12
16981,9968.12
16982,9968.12
16983,9968.12
16984,9968.12
16985,9968.12
16986,9968.12
16987,9968.12
16988,9968.12
16989,9968.12
16990,9968.12
16991,9968.12
16992,9968.12
16993,9968.12
16994,9968.12
16995,9968.12
16996,9968.12
16997,9968.12
16998,9968.12
16999,9968.12
17000,9968.12
17001,9968.12
17002,9968.12
17003,9968.12
17004,9968.12
17005,9968.12
17006,9968.12
17007,9968.12
17008,9968.12
17009,9968.12
17010,9968.12
17011,9968.12
17012,9968.12
17013,9968.12
17014,9968.12
17015,9968.12
17016,9968.12
17017,9968.12
17018,9968.12
17019,9968.12
17020,9968.12
17021,9968.12
17022,9968.12
17023,9968.12
17024,9968.12
17025,9968.12
17026,9968.12
17027,9968.12
17028,9968.12
17029,9968.12
17030,9968.12
17031,9968.12
17032,9968.12
17033,9968.12
17034,9968.12
17035,9968.12
17036,9968.12
17037,9968.12
17038,9968.12
17039,9968.12
17040,9968.12
17041,9968.12
17042,9968.12
17043,9968.12
17044,9968.12
17045,9968.12
17046,9968.12
17047,9968.12
17048,9968.12
17049,9968.12
17050,9968.12
17051,9968.12
17052,9968.12
17053,9968.12
17054,9968.12
17055,9968.12
17056,9968.12
17057,9968.12
17058,9968.12
17059,9968.12
17060,9968.12
17061,9968.12
17062,9968.12
17063,9968.12
17064,9968.12
17065,9968.12
17066,9968.12
17067,9968.12
17067.7,9968.12
17068,9967.89
17069,9966.99
17069.1,9966.93
17070,9966.93
17070.1,9966.93
17070.3,9966.92
17071,9966.92
17071.1,9966.92
17071.1,9966.92
17072,9966.89
17072.2,9966.88
17073,9966.88
17074,9966.88
17075,9966.88
17076,9966.88
17077,9966.88
17078,9966.88
17079,9966.88
17080,9966.88
17081,9966.88
17082,9966.88
17083,9966.88
17084,9966.88
17085,9966.88
17086,9966.88
17087,9966.88
17088,9966.88
17089,9966.88
17090,9966.88
17091,9966.88
17092,9966.88
17093,9966.88
17094,9966.88
17095,9966.88
17096,9966.88
17097,9966.88
17098,9966.88
17099,9966.88
17100,9966.88
17101,9966.88
17102,9966.88
17103,9966.88
17104,9966.88
17105,9966.88
17106,9966.88
17107,9966.88
17108,9966.88
17109,9966.88
17110,9966.88
17111,9966.88
17112,9966.88
17113,9966.88
17114,9966.88
17115,9966.88
17116,9966.88
17117,9966.88
17118,9966.88
17119,9966.88
17120,9966.88
17121,9966.88
17122,9966.88
17123,9966.88
17124,9966.88
17125,9966.88
17126,9966.88
17127,9966.88
17128,9966.88
17129,9966.88
17130,9966.88
17131,9966.88
17132,9966.88
17133,9966.88
17134,9966.88
17135,9966.88
17136,9966.88
17137,9966.88
17138,9966.88
17139,9966.88
17140,9966.88
17141,9966.88
17142,9966.88
17143,9966.88
17144,9966.88
17145,9966.88
17146,9966.88
17147,9966.88
17148,9966.88
17149,9966.88
17150,9966.88
17151,9966.88
17152,9966.88
17153,9966.88
17154,9966.88
17155,9966.88
17156,9966.88
17157,9966.88
17158,9966.88
17159,9966.88
17160,9966.88
17161,9966.88
17162,9966.88
17163,9966.88
17164,9966.88
17165,9966.88
17166,9966.88
17167,9966.88
17168,9966.88
17169,9966.88
17170,9966.88
17171,9966.88
17172,9966.88
17173,9966.88
17174,9966.88
17175,9966.88
17176,9966.88
17177,9966.88
17178,9966.88
17179,9966.88
17180,9966.88
17181,9966.88
17182,9966.88
17183,9966.88
17184,9966.88
17185,9966.88
17186,9966.88
17187,9966.88
17188,9966.88
17189,9966.88
17190,9966.88
17191,9966.88
17192,9966.88
17193,9966.88
17194,9966.88
17195,9966.88
17196,9966.88
17197,9966.88
17198,9966.88
17198.3,9966.88
17199,9966.27
17199.6,9965.69
17200,9965.69
17200.6,9965.69
17200.9,9965.69
17201,9965.69
17201.6,9965.69
17201.6,9965.69
17202,9965.68
17202.8,9965.65
17203,9965.65
17204,9965.65
17205,9965.65
17206,9965.65
17207,9965.65
17208,9965.65
17209,9965.65
17210,9965.65
17211,9965.65
17212,9965.65
17213,9965.65
17214,9965.65
17215,9965.65
17216,9965.65
17217,9965.65
17218,9965.65
17219,9965.65
17220,9965.65
17221,9965.65
17222,9965.65
17223,9965.65
17224,9965.65
17225,9965.65
17226,9965.65
17227,9965.65
17228,9965.65
17229,9965.65
17230,9965.65
17231,9965.65
17232,9965.65
17233,9965.65
17234,9965.65
17235,9965.65
17236,9965.65
17237,9965.65
17238,9965.65
17239,9965.65
17240,9965.65
17241,9965.65
17242,9965.65
17243,9965.65
17244,9965.65
17245,9965.65
17246,9965.65
17247,9965.65
17248,9965.65
17249,9965.65
17250,9965.65
17251,9965.65
17252,9965.65
17253,9965.65
17254,9965.65
17255,9965.65
17256,9965.65
17257,9965.65
17258,9965.65
17259,9965.65
17260,9965.65
17261,9965.65
17262,9965.65
17263,9965.65
17264,9965.65
17265,9965.65
17266,9965.65
17267,9965.65
17268,9965.65
17269,9965.65
17270,9965.65
17271,9965.65
17272,9965.65
17273,9965.65
17274,9965.65
17275,9965.65
17276,9965.65
17277,9965.65
17278,9965.65
17279,9965.65
17280,9965.65
17281,9965.65
17282,9965.65
17283,9965.65
17284,9965.65
17285,9965.65
17286,9965.65
17287,9965.65
17288,9965.65
17289,9965.65
17290,9965.65
17291,9965.65
17292,9965.65
17293,9965.65
17294,9965.65
17295,9965.65
17296,9965.65
17297,9965.65
17298,9965.65
17299,9965.65
17300,9965.65
17301,9965.65
17302,9965.65
17303,9965.65
17304,9965.65
17305,9965.65
17306,9965.65
17307,9965.65
17308,9965.65
17309,9965.65
17310,9965.65
17311,9965.65
17312,9965.65
17313,9965.65
17314,9965.65
17315,9965.65
17316,9965.65
17317,9965.65
17318,9965.65
17319,9965.65
17320,9965.65
17321,9965.65
17322,9965.65
17323,9965.65
17324,9965.65
17325,9965.65
17326,9965.65
17327,9965.65
17328,9965.65
17329,9965.65
17330,9965.65
17331,9965.65
17332,9965.65
17333,9965.65
17334,9965.65
17335,9965.65
17336,9965.65
17337,9965.65
17338,9965.65
17339,9965.65
17340,9965.65
17341,9965.65
17342,9965.65
17343,9965.65
17344,9965.65
17345,9965.65
17346,9965.65
17347,9965.65
17348,9965.65
17349,9965.65
17350,9965.65
17351,9965.65
17352,9965.65
17353,9965.65
17354,9965.65
17355,9965.65
17356,9965.65
17357,9965.65
17358,9965.65
17359,9965.65
17360,9965.65
17361,9965.65
17362,9965.65
17363,9965.65
17364,9965.65
17365,9965.65
17366,9965.65
17367,9965.65
17368,9965.65
17369,9965.65
17370,9965.65
17371,9965.65
17372,9965.65
17373,9965.65
17374,9965.65
17375,9965.65
17376,9965.65
17377,9965.65
17378,9965.65
17379,9965.65
17380,9965.65
17381,9965.65
17382,9965.65
17383,9965.65
17384,9965.65
17385,9965.65
17386,9965.65
17387,9965.65
17388,9965.65
17389,9965.65
17390,9965.65
17391,9965.65
17392,9965.65
17393,9965.65
17394,9965.65
17395,9965.65
17396,9965.65
17397,9965.65
17398,9965.65
17399,9965.65
17400,9965.65
17401,9965.65
17402,9965.65
17403,9965.65
17404,9965.65
17405,9965.65
17406,9965.65
17407,9965.65
17408,9965.65
17409,9965.65
17410,9965.65
17411,9965.65
17412,9965.65
17413,9965.65
17414,9965.65
17415,9965.65
17416,9965.65
17417,9965.65
17418,9965.65
17419,9965.65
17420,9965.65
17421,9965.65
17422,9965.65
17423,9965.65
17424,9965.65
17425,9965.65
17426,9965.65
17427,9965.65
17428,9965.65
17429,9965.65
17430,9965.65
17431,9965.65
17432,9965.65
17433,9965.65
17434,9965.65
17435,9965.65
17436,9965.65
17437,9965.65
17438,9965.65
17439,9965.65
17440,9965.65
17441,9965.65
17442,9965.65
17443,9965.65
17444,9965.65
17445,9965.65
17446,9965.65
17447,9965.65
17448,9965.65
17449,9965.65
17450,9965.65
17451,9965.65
17452,9965.65
17453,9965.65
17454,9965.65
17455,9965.65
17456,9965.65
17457,9965.65
17458,9965.65
17459,9965.65
17460,9965.65
17461,9965.65
17462,9965.65
17463,9965.65
17464,9965.65
17465,9965.65
17466,9965.65
17467,9965.65
17468,9965.65
17469,9965.65
17470,9965.65
17471,9965.65
17472,9965.65
17473,9965.65
17474,9965.65
17475,9965.65
17476,9965.65
17477,9965.65
17478,9965.65
17479,9965.65
17480,9965.65
17481,9965.65
17482,9965.65
17483,9965.65
17484,9965.65
17485,9965.65
17486,9965.65
17487,9965.65
17488,9965.65
17489,9965.65
17490,9965.65
17491,9965.65
17492,9965.65
17493,9965.65
17494,9965.65
17495,9965.65
17496,9965.65
17497,9965.65
17498,9965.65
17499,9965.65
17500,9965.65
17501,9965.65
17502,9965.65
17503,9965.65
17504,9965.65
17505,9965.65
17506,9965.65
17507,9965.65
17508,9965.65
17509,9965.65
17510,9965.65
17511,9965.65
17512,9965.65
17513,9965.65
17514,9965.65
17515,9965.65
17516,9965.65
17517,9965.65
17518,9965.65
17519,9965.65
17520,9965.65
17521,9965.65
17522,9965.65
17523,9965.65
17524,9965.65
17525,9965.65
17526,9965.65
17527,9965.65
17528,9965.65
17529,9965.65
17530,9965.65
17531,9965.65
17532,9965.65
17533,9965.65
17534,9965.65
17535,9965.65
17536,9965.65
17537,9965.65
17538,9965.65
17539,9965.65
17540,9965.65
17541,9965.65
17542,9965.65
17543,9965.65
17544,9965.65
17545,9965.65
17546,9965.65
17547,9965.65
17548,9965.65
17549,9965.65
17550,9965.65
17551,9965.65
17552,9965.65
17553,9965.65
17554,9965.65
17555,9965.65
17556,9965.65
17557,9965.65
17558,9965.65
17559,9965.65
17560,9965.65
17561,9965.65
17562,9965.65
17563,9965.65
17564,9965.65
17565,9965.65
17566,9965.65
17567,9965.65
17568,9965.65
17569,9965.65
17570,9965.65
17571,9965.65
17572,9965.65
17573,9965.65
17574,9965.65
17575,9965.65
17576,9965.65
17577,9965.65
17578,9965.65
17579,9965.65
17580,9965.65
17581,9965.65
17582,9965.65
17583,9965.65
17584,9965.65
17585,9965.65
17586,9965.65
17587,9965.65
17588,9965.65
17589,9965.65
17590,9965.65
17591,9965.65
17592,9965.65
17593,9965.65
17594,9965.65
17595,9965.65
17596,9965.65
17597,9965.65
17598,9965.65
17599,9965.65
17600,9965.65
17601,9965.65
17602,9965.65
17603,9965.65
17604,9965.65
17605,9965.65
17606,9965.65
17607,9965.65
17608,9965.65
17609,9965.65
17610,9965.65
17611,9965.65
17612,9965.65
17613,9965.65
17614,9965.65
17615,9965.65
17616,9965.65
17617,9965.65
17618,9965.65
17619,9965.65
17620,9965.65
17621,9965.65
17622,9965.65
17623,9965.65
17624,9965.65
17625,9965.65
17626,9965.65
17627,9965.65
17628,9965.65
17629,9965.65
17630,9965.65
17631,9965.65
17632,9965.65
17633,9965.65
17634,9965.65
17635,9965.65
17636,9965.65
17637,9965.65
17638,9965.65
17639,9965.65
17640,9965.65
17641,9965.65
17642,9965.65
17643,9965.65
17644,9965.65
17645,9965.65
17646,9965.65
17647,9965.65
17648,9965.65
17649,9965.65
17650,9965.65
17651,9965.65
17652,9965.65
17653,9965.65
17654,9965.65
17655,9965.65
17656,9965.65
17657,9965.65
17658,9965.65
17659,9965.65
17660,9965.65
17661,9965.65
17662,9965.65
17663,9965.65
17664,9965.65
17665,9965.65
17666,9965.65
17667,9965.65
17668,9965.65
17669,9965.65
17670,9965.65
17671,9965.65
17672,9965.65
17673,9965.65
17674,9965.65
17675,9965.65
17676,9965.65
17677,9965.65
17678,9965.65
17679,9965.65
17680,9965.65
17681,9965.65
17682,9965.65
17683,9965.65
17684,9965.65
17685,9965.65
17686,9965.65
17687,9965.65
17688,9965.65
17689,9965.65
17690,9965.65
17691,9965.65
17692,9965.65
17693,9965.65
17694,9965.65
17695,9965.65
17696,9965.65
17697,9965.65
17698,9965.65
17699,9965.65
17700,9965.65
17701,9965.65
17702,9965.65
17703,9965.65
17704,9965.65
17705,9965.65
17706,9965.65
17707,9965.65
17708,9965.65
17709,9965.65
17710,9965.65
17711,9965.65
17712,9965.65
17713,9965.65
17714,9965.65
17715,9965.65
17716,9965.65
17717,9965.65
17718,9965.65
17719,9965.65
17720,9965.65
17721,9965.65
17722,9965.65
17723,9965.65
17724,9965.65
17725,9965.65
17726,9965.65
17727,9965.65
17728,9965.65
17729,9965.65
17730,9965.65
17731,9965.65
17732,9965.65
17733,9965.65
17734,9965.65
17735,9965.65
17736,9965.65
17737,9965.65
17738,9965.65
17739,9965.65
17740,9965.65
17741,9965.65
17742,9965.65
17743,9965.65
17744,9965.65
17745,9965.65
17746,9965.65
17747,9965.65
17748,9965.65
17749,9965.65
17750,9965.65
17751,9965.65
17752,9965.65
17753,9965.65
17754,9965.65
17755,9965.65
17756,9965.65
17757,9965.65
17758,9965.65
17759,9965.65
17760,9965.65
17761,9965.65
17762,9965.65
17763,9965.65
17764,9965.65
17765,9965.65
17766,9965.65
17767,9965.65
17768,9965.65
17769,9965.65
17770,9965.65
17771,9965.65
17772,9965.65
17773,9965.65
17774,9965.65
17775,9965.65
17776,9965.65
17777,9965.65
17778,9965.65
17779,9965.65
17780,9965.65
17781,9965.65
17782,9965.65
17783,9965.65
17784,9965.65
17785,9965.65
17786,9965.65
17787,9965.65
17788,9965.65
17789,9965.65
17790,9965.65
17791,9965.65
17792,9965.65
17793,9965.65
17794,9965.65
17795,9965.65
17796,9965.65
17797,9965.65
17798,9965.65
17799,9965.65
17800,9965.65
17801,9965.65
17802,9965.65
17803,9965.65
17804,9965.65
17805,9965.65
17806,9965.65
17807,9965.65
17808,9965.65
17809,9965.65
17810,9965.65
17811,9965.65
17812,9965.65
17813,9965.65
17814,9965.65
17815,9965.65
17816,9965.65
17817,9965.65
17818,9965.65
17819,9965.65
17820,9965.65
17821,9965.65
17822,9965.65
17823,9965.65
17824,9965.65
17825,9965.65
17826,9965.65
17827,9965.65
17828,9965.65
17829,9965.65
17830,9965.65
17831,9965.65
17832,9965.65
17833,9965.65
17834,9965.65
17835,9965.65
17836,9965.65
17837,9965.65
17838,9965.65
17839,9965.65
17840,9965.65
17841,9965.65
17842,9965.65
17843,9965.65
17844,9965.64
17845,9965.64
17846,9965.64
17847,9965.64
17848,9965.64
17849,9965.64
17850,9965.64
17851,9965.64
17852,9965.64
17853,9965.64
17854,9965.64
17855,9965.64
17856,9965.64
17857,9965.64
17858,9965.64
17859,9965.64
17860,9965.64
17861,9965.64
17862,9965.64
17863,9965.64
17864,9965.64
17865,9965.64
17866,9965.64
17867,9965.64
17868,9965.64
17869,9965.64
17870,9965.64
17871,9965.64
17872,9965.64
17873,9965.64
17874,9965.64
17875,9965.64
17876,9965.64
17877,9965.64
17878,9965.64
17879,9965.64
17880,9965.64
17881,9965.64
17882,9965.64
17883,9965.64
17884,9965.64
17885,9965.64
17886,9965.64
17887,9965.64
17888,9965.64
17889,9965.64
17890,9965.64
17891,9965.64
17892,9965.64
17893,9965.64
17894,9965.64
17895,9965.64
17896,9965.64
17897,9965.64
17898,9965.64
17899,9965.64
17900,9965.64
17901,9965.64
17902,9965.64
17903,9965.64
17904,9965.64
17905,9965.64
17906,9965.64
17907,9965.64
17908,9965.64
17909,9965.64
17910,9965.64
17911,9965.64
17912,9965.64
17913,9965.64
17914,9965.64
17915,9965.64
17916,9965.64
17917,9965.64
17918,9965.64
17919,9965.64
17920,9965.64
17921,9965.64
17922,9965.64
17923,9965.64
17924,9965.64
17925,9965.64
17926,9965.64
17927,9965.64
17928,9965.64
17929,9965.64
17930,9965.64
17931,9965.64
17932,9965.64
17933,9965.64
17934,9965.64
17935,9965.64
17936,9965.64
17937,9965.64
17938,9965.64
17939,9965.64
17940,9965.64
17941,9965.64
17942,9965.64
17943,9965.64
17944,9965.64
17945,9965.64
17946,9965.64
17947,9965.64
17948,9965.64
17949,9965.64
17950,9965.64
17951,9965.64
17952,9965.64
17953,9965.64
17954,9965.64
17955,9965.64
17956,9965.64
17957,9965.64
17958,9965.64
17959,9965.64
17960,9965.64
17961,9965.64
17962,9965.64
17963,9965.64
17964,9965.64
17965,9965.64
17966,9965.64
17967,9965.64
17968,9965.64
17969,9965.64
17970,9965.64
17971,9965.64
17972,9965.64
17973,9965.64
17974,9965.64
17975,9965.64
17976,9965.64
17977,9965.64
17978,9965.64
17979,9965.64
17980,9965.64
17981,9965.64
17982,9965.64
17983,9965.64
17984,9965.64
17985,9965.64
17986,9965.64
17987,9965.64
17988,9965.64
17989,9965.64
17990,9965.64
17991,9965.64
17992,9965.64
17993,9965.64
17994,9965.64
17995,9965.64
17996,9965.64
17997,9965.64
17998,9965.64
17999,9965.64
18000,9965.64
18001,9965.64
18002,9965.64
18003,9965.64
18004,9965.64
18005,9965.64
18006,9965.64
18007,9965.64
18008,9965.64
18009,9965.64
18010,9965.64
18011,9965.64
18012,9965.64
18013,9965.64
18014,9965.64
18015,9965.64
18016,9965.64
18017,9965.64
18018,9965.64
18019,9965.64
18020,9965.64
18021,9965.64
18022,9965.64
18023,9965.64
18024,9965.64
18025,9965.64
18026,9965.64
18027,9965.64
18028,9965.64
18029,9965.64
18030,9965.64
18031,9965.64
18032,9965.64
18033,9965.64
18034,9965.64
18035,9965.64
18036,9965.64
18037,9965.64
18038,9965.64
18039,9965.64
18040,9965.64
18041,9965.64
18042,9965.64
18043,9965.64
18044,9965.64
18045,9965.64
18046,9965.64
18047,9965.64
18048,9965.64
18049,9965.64
18050,9965.64
18051,9965.64
18052,9965.64
18053,9965.64
18054,9965.64
18055,9965.64
18056,9965.64
18057,9965.64
18058,9965.64
18059,9965.64
18060,9965.64
18061,9965.64
18062,9965.64
18063,9965.64
18063.8,9965.64
18064,9965.44
18064.5,9964.98
18065,9964.98
18065.5,9964.98
18065.7,9964.97
18066,9964.97
18066.5,9964.97
18066.8,9964.97
18067,9964.97
18068,9964.97
18069,9964.97
18070,9964.97
18071,9964.97
18072,9964.97
18073,9964.97
18074,9964.97
18075,9964.97
18076,9964.97
18077,9964.97
18078,9964.97
18079,9964.97
18080,9964.97
18081,9964.97
18082,9964.97
18083,9964.97
18084,9964.97
18085,9964.97
18086,9964.97
18087,9964.97
18088,9964.97
18089,9964.97
18090,9964.97
18091,9964.97
18092,9964.97
18093,9964.97
18094,9964.97
18095,9964.97
18096,9964.97
18097,9964.97
18098,9964.97
18099,9964.97
18100,9964.97
18101,9964.97
18102,9964.97
18103,9964.97
18104,9964.97
18105,9964.97
18106,9964.97
18107,9964.97
18108,9964.97
18109,9964.97
18110,9964.97
18111,9964.97
18112,9964.97
18113,9964.97
18114,9964.97
18115,9964.97
18116,9964.97
18117,9964.97
18118,9964.97
18119,9964.97
18120,9964.97
18121,9964.97
18122,9964.97
18123,9964.97
18124,9964.97
18125,9964.97
18126,9964.97
18127,9964.97
18128,9964.97
18129,9964.97
18130,9964.97
18131,9964.97
18132,9964.97
18133,9964.97
18134,9964.97
18135,9964.97
18136,9964.97
18137,9964.97
18137.2,9964.97
18138,9964.23
18138.5,9963.78
18139,9963.78
18139.5,9963.78
18139.8,9963.78
18140,9963.78
18140.5,9963.78
18140.8,9963.78
18141,9963.78
18142,9963.78
18143,9963.78
18144,9963.78
18145,9963.78
18146,9963.78
18147,9963.78
18148,9963.78
18149,9963.78
18150,9963.78
18151,9963.78
18152,9963.78
18153,9963.78
18154,9963.78
18155,9963.78
18156,9963.78
18157,9963.78
18158,9963.78
18159,9963.78
18160,9963.78
18161,9963.78
18162,9963.78
18163,9963.78
18164,9963.78
18165,9963.78
18166,9963.78
18167,9963.78
18168,9963.78
18169,9963.78
18170,9963.78
18171,9963.78
18172,9963.78
18173,9963.78
18174,9963.78
18175,9963.78
18176,9963.78
18177,9963.78
18178,9963.78
18179,9963.78
18180,9963.78
18181,9963.78
18182,9963.78
18183,9963.78
18184,9963.78
18185,9963.78
18186,9963.78
18187,9963.78
18188,9963.78
18189,9963.78
18190,9963.78
18191,9963.78
18192,9963.78
18193,9963.78
18194,9963.78
18195,9963.78
18196,9963.78
18197,9963.78
18198,9963.78
18199,9963.78
18200,9963.78
18201,9963.78
18202,9963.78
18203,9963.78
18204,9963.78
18205,9963.78
18206,9963.78
18207,9963.78
18208,9963.78
18209,9963.78
18210,9963.78
18211,9963.78
18212,9963.78
18213,9963.78
18214,9963.78
18215,9963.78
18216,9963.78
18217,9963.78
18218,9963.78
18219,9963.78
18220,9963.78
18221,9963.78
18222,9963.78
18223,9963.78
18224,9963.78
18225,9963.78
18226,9963.78
18227,9963.78
18228,9963.78
18229,9963.78
18230,9963.78
18231,9963.78
18232,9963.78
18233,9963.78
18234,9963.78
18235,9963.78
18236,9963.78
18237,9963.78
18238,9963.78
18239,9963.78
18240,9963.78
18241,9963.78
18242,9963.78
18243,9963.78
18244,9963.78
18245,9963.78
18246,9963.78
18247,9963.78
18248,9963.78
18249,9963.78
18250,9963.78
18251,9963.78
18252,9963.78
18253,9963.78
18254,9963.78
18255,9963.78
18256,9963.78
18257,9963.78
18258,9963.78
18259,9963.78
18260,9963.78
18261,9963.78
18262,9963.78
18263,9963.78
18264,9963.78
18265,9963.78
18266,9963.78
18267,9963.78
18267.7,9963.78
18268,9963.55
18269,9962.65
18269.1,9962.59
18270,9962.59
18270.1,9962.59
18270.3,9962.59
18271,9962.59
18271.1,9962.59
18271.1,9962.59
18272,9962.56
18272.2,9962.55
18273,9962.55
18274,9962.55
18275,9962.55
18276,9962.55
18277,9962.55
18278,9962.55
18279,9962.55
18280,9962.55
18281,9962.55
18282,9962.55
18283,9962.55
18284,9962.55
18285,9962.55
18286,9962.55
18287,9962.55
18288,9962.55
18289,9962.55
18290,9962.55
18291,9962.55
18292,9962.55
18293,9962.55
18294,9962.55
18295,9962.55
18296,9962.55
18297,9962.55
18298,9962.55
18299,9962.55
18300,9962.55
18301,9962.55
18302,9962.55
18303,9962.55
18304,9962.55
18305,9962.55
18306,9962.55
18307,9962.55
18308,9962.55
18309,9962.55
18310,9962.55
18311,9962.55
18312,9962.55
18313,9962.55
18314,9962.55
18315,9962.55
18316,9962.55
18317,9962.55
18318,9962.55
18319,9962.55
18320,9962.55
18321,9962.55
18322,9962.55
18323,9962.55
18324,9962.55
18325,9962.55
18326,9962.55
18327,9962.55
18328,9962.55
18329,9962.55
18330,9962.55
18331,9962.55
18332,9962.55
18333,9962.55
18334,9962.55
18335,9962.55
18336,9962.55
18337,9962.55
18338,9962.55
18339,9962.55
18340,9962.55
18341,9962.55
18342,9962.55
18343,9962.55
18344,9962.55
18345,9962.55
18346,9962.55
18347,9962.55
18348,9962.55
18349,9962.55
18350,9962.55
18351,9962.55
18352,9962.55
18353,9962.55
18354,9962.55
18355,9962.55
18356,9962.55
18357,9962.55
18358,9962.55
18359,9962.55
18360,9962.55
18361,9962.55
18362,9962.55
18363,9962.55
18364,9962.55
18365,9962.55
18366,9962.55
18367,9962.55
18368,9962.55
18369,9962.55
18370,9962.55
18371,9962.55
18372,9962.55
18373,9962.55
18374,9962.55
18375,9962.55
18376,9962.55
18377,9962.55
18378,9962.55
18379,9962.55
18380,9962.55
18381,9962.55
18382,9962.55
18383,9962.55
18384,9962.55
18385,9962.55
18386,9962.55
18387,9962.55
18388,9962.55
18389,9962.55
18390,9962.55
18391,9962.55
18392,9962.55
18393,9962.55
18394,9962.55
18395,9962.55
18396,9962.55
18397,9962.55
18398,9962.55
18398.3,9962.55
18399,9961.93
18399.6,9961.36
18400,9961.36
18400.6,9961.36
18400.9,9961.36
18401,9961.36
18401.6,9961.36
18401.6,9961.36
18402,9961.34
18402.8,9961.31
18403,9961.31
18404,9961.31
18405,9961.31
18406,9961.31
18407,9961.31
18408,9961.31
18409,9961.31
18410,9961.31
18411,9961.31
18412,9961.31
18413,9961.31
18414,9961.31
18415,9961.31
18416,9961.31
18417,9961.31
18418,9961.31
18419,9961.31
18420,9961.31
18421,9961.31
18422,9961.31
18423,9961.31
18424,9961.31
18425,9961.31
18426,9961.31
18427,9961.31
18428,9961.31
18429,9961.31
18430,9961.31
18431,9961.31
18432,9961.31
18433,9961.31
18434,9961.31
18435,9961.31
18436,9961.31
18437,9961.31
18438,9961.31
18439,9961.31
18440,9961.31
18441,9961.31
18442,9961.31
18443,9961.31
18444,9961.31
18445,9961.31
18446,9961.31
18447,9961.31
18448,9961.31
18449,9961.31
18450,9961.31
18451,9961.31
18452,9961.31
18453,9961.31
18454,9961.31
18455,9961.31
18456,9961.31
18457,9961.31
18458,9961.31
18459,9961.31
18460,9961.31
18461,9961.31
18462,9961.31
18463,9961.31
18464,9961.31
18465,9961.31
18466,9961.31
18467,9961.31
18468,9961.31
18469,9961.31
18470,9961.31
18471,9961.31
18472,9961.31
18473,9961.31
18474,9961.31
18475,9961.31
18476,9961.31
18477,9961.31
18478,9961.31
18479,9961.31
18480,9961.31
18481,9961.31
18482,9961.31
18483,9961.31
18484,9961.31
18485,9961.31
18486,9961.31
18487,9961.31
18488,9961.31
18489,9961.31
18490,9961.31
18491,9961.31
18492,9961.31
18493,9961.31
18494,9961.31
18495,9961.31
18496,9961.31
18497,9961.31
18498,9961.31
18499,9961.31
18500,9961.31
18501,9961.31
18502,9961.31
18503,9961.31
18504,9961.31
18505,9961.31
18506,9961.31
18507,9961.31
18508,9961.31
18509,9961.31
18510,9961.31
18511,9961.31
18512,9961.31
18513,9961.31
18514,9961.31
18515,9961.31
18516,9961.31
18517,9961.31
18518,9961.31
18519,9961.31
18520,9961.31
18521,9961.31
18522,9961.31
18523,9961.31
18524,9961.31
18525,9961.31
18526,9961.31
18527,9961.31
18528,9961.31
18529,9961.31
18530,9961.31
18531,9961.31
18532,9961.31
18533,9961.31
18534,9961.31
18535,9961.31
18536,9961.31
18537,9961.31
18538,9961.31
18539,9961.31
18540,9961.31
18541,9961.31
18542,9961.31
18543,9961.31
18544,9961.31
18545,9961.31
18546,9961.31
18547,9961.31
18548,9961.31
18549,9961.31
18550,9961.31
18551,9961.31
18552,9961.31
18553,9961.31
18554,9961.31
18555,9961.31
18556,9961.31
18557,9961.31
18558,9961.31
18559,9961.31
18560,9961.31
18561,9961.31
18562,9961.31
18563,9961.31
18564,9961.31
18565,9961.31
18566,9961.31
18567,9961.31
18568,9961.31
18569,9961.31
18570,9961.31
18571,9961.31
18572,9961.31
18573,9961.31
18574,9961.31
18575,9961.31
18576,9961.31
18577,9961.31
18578,9961.31
18579,9961.31
18580,9961.31
18581,9961.31
18582,9961.31
18583,9961.31
18584,9961.31
18585,9961.31
18586,9961.31
18587,9961.31
18588,9961.31
18589,9961.31
18590,9961.31
18591,9961.31
18592,9961.31
18593,9961.31
18594,9961.31
18595,9961.31
18596,9961.31
18597,9961.31
18598,9961.31
18599,9961.31
18600,9961.31
18601,9961.31
18602,9961.31
18603,9961.31
18604,9961.31
18605,9961.31
18606,9961.31
18607,9961.31
18608,9961.31
18609,9961.31
18610,9961.31
18611,9961.31
18612,9961.31
18613,9961.31
18614,9961.31
18615,9961.31
18616,9961.31
18617,9961.31
18618,9961.31
18619,9961.31
18620,9961.31
18621,9961.31
18622,9961.31
18623,9961.31
18624,9961.31
18625,9961.31
18626,9961.31
18627,9961.31
18628,9961.31
18629,9961.31
18630,9961.31
18631,9961.31
18632,9961.31
18633,9961.31
18634,9961.31
18635,9961.31
18636,9961.31
18637,9961.31
18638,9961.31
18639,9961.31
18640,9961.31
18641,9961.31
18642,9961.31
18643,9961.31
18644,9961.31
18645,9961.31
18646,9961.31
18647,9961.31
18648,9961.31
18649,9961.31
18650,9961.31
18651,9961.31
18652,9961.31
18653,9961.31
18654,9961.31
18655,9961.31
18656,9961.31
18657,9961.31
18658,9961.31
18659,9961.31
18660,9961.31
18661,9961.31
18662,9961.31
18663,9961.31
18664,9961.31
18665,9961.31
18666,9961.31
18667,9961.31
18668,9961.31
18669,9961.31
18670,9961.31
18671,9961.31
18672,9961.31
18673,9961.31
18674,9961.31
18675,9961.31
18676,9961.31
18677,9961.31
18678,9961.31
18679,9961.31
18680,9961.31
18681,9961.31
18682,9961.31
18683,9961.31
18684,9961.31
18685,9961.31
18686,9961.31
18687,9961.31
18688,9961.31
18689,9961.31
18690,9961.31
18691,9961.31
18692,9961.31
18693,9961.31
18694,9961.31
18695,9961.31
18696,9961.31
18697,9961.31
18698,9961.31
18699,9961.31
18700,9961.31
18701,9961.31
18702,9961.31
18703,9961.31
18704,9961.31
18705,9961.31
18706,9961.31
18707,9961.31
18708,9961.31
18709,9961.31
18710,9961.31
18711,9961.31
18712,9961.31
18713,9961.31
18714,9961.31
18715,9961.31
18716,9961.31
18717,9961.31
18718,9961.31
18719,9961.31
18720,9961.31
18721,9961.31
18722,9961.31
18723,9961.31
18724,9961.31
18725,9961.31
18726,9961.31
18727,9961.31
18728,9961.31
18729,9961.31
18730,9961.31
18731,9961.31
18732,9961.31
18733,9961.31
18734,9961.31
18735,9961.31
18736,9961.31
18737,9961.31
18738,9961.31
18739,9961.31
18740,9961.31
18741,9961.31
18742,9961.31
18743,9961.31
18744,9961.31
18745,9961.31
18746,9961.31
18747,9961.31
18748,9961.31
18749,9961.31
18750,9961.31
18751,9961.31
18752,9961.31
18753,9961.31
18754,9961.31
18755,9961.31
18756,9961.31
18757,9961.31
18758,9961.31
18759,9961.31
18760,9961.31
18761,9961.31
18762,9961.31
18763,9961.31
18764,9961.31
18765,9961.31
18766,9961.31
18767,9961.31
18768,9961.31
18769,9961.31
18770,9961.31
18771,9961.31
18772,9961.31
18773,9961.31
18774,9961.31
18775,9961.31
18776,9961.31
18777,9961.31
18778,9961.31
18779,9961.31
18780,9961.31
18781,9961.31
18782,9961.31
18783,9961.31
18784,9961.31
18785,9961.31
18786,9961.31
18787,9961.31
18788,9961.31
18789,9961.31
18790,9961.31
18791,9961.31
18792,9961.31
18793,9961.31
18794,9961.31
18795,9961.31
18796,9961.31
18797,9961.31
18798,9961.31
18799,9961.31
18800,9961.31
18801,9961.31
18802,9961.31
18803,9961.31
18804,9961.31
18805,9961.31
18806,9961.31
18807,9961.31
18808,9961.31
18809,9961.31
18810,9961.31
18811,9961.31
18812,9961.31
18813,9961.31
18814,9961.31
18815,9961.31
18816,9961.31
18817,9961.31
18818,9961.31
18819,9961.31
18820,9961.31
18821,9961.31
18822,9961.31
18823,9961.31
18824,9961.31
18825,9961.31
18826,9961.31
18827,9961.31
18828,9961.31
18829,9961.31
18830,9961.31
18831,9961.31
18832,9961.31
18833,9961.31
18834,9961.31
18835,9961.31
18836,9961.31
18837,9961.31
18838,9961.31
18839,9961.31
18840,9961.31
18841,9961.31
18842,9961.31
18843,9961.31
18844,9961.31
18845,9961.31
18846,9961.31
18847,9961.31
18848,9961.31
18849,9961.31
18850,9961.31
18851,9961.31
18852,9961.31
18853,9961.31
18854,9961.31
18855,9961.31
18856,9961.31
18857,9961.31
18858,9961.31
18859,9961.31
18860,9961.31
18861,9961.31
18862,9961.31
18863,9961.31
18864,9961.31
18865,9961.31
18866,9961.31
18867,9961.31
18868,9961.31
18869,9961.31
18870,9961.31
18871,9961.31
18872,9961.31
18873,9961.31
18874,9961.31
18875,9961.31
18876,9961.31
18877,9961.31
18878,9961.31
18879,9961.31
18880,9961.31
18881,9961.31
18882,9961.31
18883,9961.31
18884,9961.31
18885,9961.31
18886,9961.31
18887,9961.31
18888,9961.31
18889,9961.31
18890,9961.31
18891,9961.31
18892,9961.31
18893,9961.31
18894,9961.31
18895,9961.31
18896,9961.31
18897,9961.31
18898,9961.31
18899,9961.31
18900,9961.31
18901,9961.31
18902,9961.31
18903,9961.31
18904,9961.31
18905,9961.31
18906,9961.31
18907,9961.31
18908,9961.31
18909,9961.31
18910,9961.31
18911,9961.31
18912,9961.31
18913,9961.31
18914,9961.31
18915,9961.31
18916,9961.31
18917,9961.31
18918,9961.31
18919,9961.31
18920,9961.31
18921,9961.31
18922,9961.31
18923,9961.31
18924,9961.31
18925,9961.31
18926,9961.31
18927,9961.31
18928,9961.31
18929,9961.31
18930,9961.31
18931,9961.31
18932,9961.31
18933,9961.31
18934,9961.31
18935,9961.31
18936,9961.31
18937,9961.31
18938,9961.31
18939,9961.31
18940,9961.31
18941,9961.31
18942,9961.31
18943,9961.31
18944,9961.31
18945,9961.31
18946,9961.31
18947,9961.31
18948,9961.31
18949,9961.31
18950,9961.31
18951,9961.31
18952,9961.31
18953,9961.31
18954,9961.31
18955,9961.31
18956,9961.31
18957,9961.31
18958,9961.31
18959,9961.31
18960,9961.31
18961,9961.31
18962,9961.31
18963,9961.31
18964,9961.31
18965,9961.31
18966,9961.31
18967,9961.31
18968,9961.31
18969,9961.31
18970,9961.31
18971,9961.31
18972,9961.31
18973,9961.31
18974,9961.31
18975,9961.31
18976,9961.31
18977,9961.31
18978,9961.31
18979,9961.31
18980,9961.31
18981,9961.31
18982,9961.31
18983,9961.31
18984,9961.31
18985,9961.31
18986,9961.31
18987,9961.31
18988,9961.31
18989,9961.31
18990,9961.31
18991,9961.31
18992,9961.31
18993,9961.31
18994,9961.31
18995,9961.31
18996,9961.31
18997,9961.31
18998,9961.31
18999,9961.31
19000,9961.31
19001,9961.31
19002,9961.31
19003,9961.31
19004,9961.31
19005,9961.31
19006,9961.31
19007,9961.31
19008,9961.31
19009,9961.31
19010,9961.31
19011,9961.31
19012,9961.31
19013,9961.31
19014,9961.31
19015,9961.31
19016,9961.31
19017,9961.31
19018,9961.31
19019,9961.31
19020,9961.31
19021,9961.31
19022,9961.31
19023,9961.31
19024,9961.31
19025,9961.31
19026,9961.31
19027,9961.31
19028,9961.31
19029,9961.31
19030,9961.31
19031,9961.31
19032,9961.31
19033,9961.31
19034,9961.31
19035,9961.31
19036,9961.31
19037,9961.31
19038,9961.31
19039,9961.31
19040,9961.31
19041,9961.31
19042,9961.31
19043,9961.31
19044,9961.31
19045,9961.31
19046,9961.31
19047,9961.31
19048,9961.31
19049,9961.31
19050,9961.31
19051,9961.31
19052,9961.31
19053,9961.31
19054,9961.31
19055,9961.31
19056,9961.31
19057,9961.31
19058,9961.31
19059,9961.31
19060,9961.31
19061,9961.31
19062,9961.31
19063,9961.31
19064,9961.31
19065,9961.31
19066,9961.31
19067,9961.31
19068,9961.31
19069,9961.31
19070,9961.31
19071,9961.31
19072,9961.31
19073,9961.31
19074,9961.31
19075,9961.31
19076,9961.31
19077,9961.31
19078,9961.31
19079,9961.31
19080,9961.31
19081,9961.31
19082,9961.31
19083,9961.31
19084,9961.31
19085,9961.31
19086,9961.31
19087,9961.31
19088,9961.31
19089,9961.31
19090,9961.31
19091,9961.31
19092,9961.31
19093,9961.31
19094,9961.31
19095,9961.31
19096,9961.31
19097,9961.31
19098,9961.31
19099,9961.31
19100,9961.31
19101,9961.31
19102,9961.31
19103,9961.31
19104,9961.31
19105,9961.31
19106,9961.31
19107,9961.31
19108,9961.31
19109,9961.31
19110,9961.31
19111,9961.31
19112,9961.31
19113,9961.31
19114,9961.31
19115,9961.31
19116,9961.31
19117,9961.31
19118,9961.31
19119,9961.31
19120,9961.31
19121,9961.31
19122,9961.31
19123,9961.31
19124,9961.31
19125,9961.31
19126,9961.31
19127,9961.31
19128,9961.31
19129,9961.31
19130,9961.31
19131,9961.31
19132,9961.31
19133,9961.31
19134,9961.31
19135,9961.31
19136,9961.31
19137,9961.31
19138,9961.31
19139,9961.31
19140,9961.31
19141,9961.31
19142,9961.31
19143,9961.31
19144,9961.31
19145,9961.31
19146,9961.31
19147,9961.31
19148,9961.31
19149,9961.31
19150,9961.31
19151,9961.31
19152,9961.31
19153,9961.31
19154,9961.31
19155,9961.31
19156,9961.31
19157,9961.31
19158,9961.31
19159,9961.31
19160,9961.31
19161,9961.31
19162,9961.31
19163,9961.31
19164,9961.31
19165,9961.31
19166,9961.31
19167,9961.31
19168,9961.31
19169,9961.31
19170,9961.31
19171,9961.31
19172,9961.31
19173,9961.31
19174,9961.31
19175,9961.31
19176,9961.31
19177,9961.31
19178,9961.31
19179,9961.31
19180,9961.31
19181,9961.31
19182,9961.31
19183,9961.31
19184,9961.31
19185,9961.31
19186,9961.31
19187,9961.31
19188,9961.31
19189,9961.31
19190,9961.31
19191,9961.31
19192,9961.31
19193,9961.31
19194,9961.31
19195,9961.31
19196,9961.31
19197,9961.31
19198,9961.31
19199,9961.31
19200,9961.31
19201,9961.31
19202,9961.31
19203,9961.31
19204,9961.31
19205,9961.31
19206,9961.31
19207,9961.31
19208,9961.31
19209,9961.31
19210,9961.31
19211,9961.31
19212,9961.31
19213,9961.31
19214,9961.31
19215,9961.31
19216,9961.31
19217,9961.31
19218,9961.31
19219,9961.31
19220,9961.31
19221,9961.31
19222,9961.31
19223,9961.31
19224,9961.31
19225,9961.31
19226,9961.31
19227,9961.31
19228,9961.31
19229,9961.31
19230,9961.31
19231,9961.31
19232,9961.31
19233,9961.31
19234,9961.31
19235,9961.31
19236,9961.31
19237,9961.31
19238,9961.31
19239,9961.31
19240,9961.31
19241,9961.31
19242,9961.31
19243,9961.31
19244,9961.31
19245,9961.31
19246,9961.31
19247,9961.31
19248,9961.31
19249,9961.31
19250,9961.31
19251,9961.31
19252,9961.31
19253,9961.31
19254,9961.31
19255,9961.31
19256,9961.31
19257,9961.31
19258,9961.31
19259,9961.31
19260,9961.31
19261,9961.31
19262,9961.31
19263,9961.31
19263.8,9961.31
19264,9961.11
19264.5,9960.64
19265,9960.64
19265.5,9960.64
19265.7,9960.64
19266,9960.64
19266.5,9960.64
19266.8,9960.64
19267,9960.64
19268,9960.64
19269,9960.64
19270,9960.64
19271,9960.64
19272,9960.64
19273,9960.64
19274,9960.64
19275,9960.64
19276,9960.64
19277,9960.64
19278,9960.64
19279,9960.64
19280,9960.64
19281,9960.64
19282,9960.64
19283,9960.64
19284,9960.64
19285,9960.64
19286,9960.64
19287,9960.64
19288,9960.64
19289,9960.64
19290,9960.64
19291,9960.64
19292,9960.64
19293,9960.64
19294,9960.64
19295,9960.64
19296,9960.64
19297,9960.64
19298,9960.64
19299,9960.64
19300,9960.64
19301,9960.64
19302,9960.64
19303,9960.64
19304,9960.64
19305,9960.64
19306,9960.64
19307,9960.64
19308,9960.64
19309,9960.64
19310,9960.64
19311,9960.64
19312,9960.64
19313,9960.64
19314,9960.64
19315,9960.64
19316,9960.64
19317,9960.64
19318,9960.64
19319,9960.64
19320,9960.64
19321,9960.64
19322,9960.64
19323,9960.64
19324,9960.64
19325,9960.64
19326,9960.64
19327,9960.64
19328,9960.64
19329,9960.64
19330,9960.64
19331,9960.64
19332,9960.64
19333,9960.64
19334,9960.64
19335,9960.64
19336,9960.64
19337,9960.64
19337.2,9960.64
19338,9959.9
19338.5,9959.45
19339,9959.45
19339.5,9959.45
19339.8,9959.45
19340,9959.45
19340.5,9959.45
19340.5,9959.45
19341,9959.43
19341.5,9959.41
19342,9959.41
19343,9959.41
19344,9959.41
19345,9959.41
19346,9959.41
19347,9959.41
19348,9959.41
19349,9959.41
19350,9959.41
19351,9959.41
19352,9959.41
19353,9959.41
19354,9959.41
19355,9959.41
19356,9959.41
19357,9959.41
19358,9959.41
19359,9959.41
19360,9959.41
19361,9959.41
19362,9959.41
19363,9959.41
19364,9959.41
19365,9959.41
19366,9959.41
19367,9959.41
19368,9959.41
19369,9959.41
19370,9959.41
19371,9959.41
19372,9959.41
19373,9959.41
19374,9959.41
19375,9959.41
19376,9959.41
19377,9959.41
19378,9959.41
19379,9959.41
19380,9959.41
19381,9959.41
19382,9959.41
19383,9959.41
19384,9959.41
19385,9959.41
19386,9959.41
19387,9959.41
19388,9959.41
19389,9959.41
19390,9959.41
19391,9959.41
19392,9959.41
19393,9959.41
19394,9959.41
19395,9959.41
19396,9959.41
19397,9959.41
19398,9959.41
19399,9959.41
19400,9959.41
19401,9959.41
19402,9959.41
19403,9959.41
19404,9959.41
19405,9959.41
19406,9959.41
19407,9959.41
19408,9959.41
19409,9959.41
19410,9959.41
19411,9959.41
19412,9959.41
19413,9959.41
19414,9959.41
19415,9959.41
19416,9959.41
19417,9959.41
19418,9959.41
19419,9959.41
19420,9959.41
19421,9959.41
19422,9959.41
19423,9959.41
19424,9959.41
19425,9959.41
19426,9959.41
19427,9959.41
19428,9959.41
19429,9959.41
19430,9959.41
19431,9959.41
19432,9959.41
19433,9959.41
19434,9959.41
19435,9959.41
19436,9959.41
19437,9959.41
19438,9959.41
19439,9959.41
19440,9959.41
19441,9959.41
19442,9959.41
19443,9959.41
19444,9959.41
19445,9959.41
19446,9959.41
19447,9959.41
19448,9959.41
19449,9959.41
19450,9959.41
19451,9959.41
19452,9959.41
19453,9959.41
19454,9959.41
19455,9959.41
19456,9959.41
19457,9959.41
19458,9959.41
19459,9959.41
19460,9959.41
19461,9959.41
19462,9959.41
19463,9959.41
19464,9959.41
19465,9959.41
19466,9959.41
19467,9959.41
19468,9959.41
19469,9959.41
19470,9959.41
19471,9959.41
19472,9959.41
19473,9959.41
19474,9959.41
19475,9959.41
19476,9959.41
19477,9959.41
19478,9959.41
19479,9959.41
19480,9959.41
19481,9959.41
19482,9959.41
19483,9959.41
19484,9959.41
19485,9959.41
19486,9959.41
19487,9959.41
19488,9959.41
19489,9959.41
19490,9959.41
19491,9959.41
19492,9959.41
19493,9959.41
19494,9959.41
19495,9959.41
19496,9959.41
19497,9959.41
19498,9959.41
19499,9959.41
19500,9959.41
19501,9959.41
19502,9959.41
19503,9959.41
19504,9959.41
19505,9959.41
19506,9959.41
19507,9959.41
19508,9959.41
19509,9959.41
19510,9959.41
19511,9959.41
19512,9959.41
19513,9959.41
19514,9959.41
19515,9959.41
19516,9959.41
19517,9959.41
19518,9959.41
19519,9959.41
19520,9959.41
19521,9959.41
19522,9959.41
19523,9959.41
19524,9959.41
19525,9959.41
19526,9959.41
19527,9959.41
19528,9959.41
19529,9959.41
19530,9959.41
19531,9959.41
19532,9959.41
19533,9959.41
19534,9959.41
19535,9959.41
19536,9959.41
19537,9959.41
19538,9959.41
19539,9959.41
19540,9959.41
19541,9959.41
19542,9959.41
19543,9959.41
19544,9959.41
19545,9959.41
19546,9959.41
19547,9959.41
19548,9959.41
19549,9959.41
19550,9959.41
19551,9959.41
19552,9959.41
19553,9959.41
19554,9959.41
19555,9959.41
19556,9959.41
19557,9959.41
19558,9959.41
19559,9959.41
19560,9959.41
19561,9959.41
19562,9959.41
19563,9959.41
19564,9959.41
19565,9959.41
19566,9959.41
19567,9959.41
19568,9959.41
19569,9959.41
19570,9959.41
19571,9959.41
19572,9959.41
19573,9959.41
19574,9959.41
19575,9959.41
19576,9959.41
19577,9959.41
19578,9959.41
19579,9959.41
19580,9959.41
19581,9959.41
19582,9959.41
19583,9959.41
19584,9959.41
19585,9959.41
19586,9959.41
19587,9959.41
19588,9959.41
19589,9959.41
19590,9959.41
19591,9959.41
19592,9959.41
19593,9959.41
19594,9959.41
19595,9959.41
19596,9959.41
19597,9959.41
19598,9959.41
19599,9959.41
19600,9959.41
19601,9959.41
19602,9959.41
19603,9959.41
19604,9959.41
19605,9959.41
19606,9959.41
19607,9959.41
19608,9959.41
19609,9959.41
19610,9959.41
19611,9959.41
19612,9959.41
19613,9959.41
19614,9959.41
19615,9959.41
19616,9959.41
19617,9959.41
19618,9959.41
19619,9959.41
19620,9959.41
19621,9959.41
19622,9959.41
19623,9959.41
19624,9959.41
19625,9959.41
19626,9959.41
19627,9959.41
19628,9959.41
19629,9959.41
19630,9959.41
19631,9959.41
19632,9959.41
19633,9959.41
19634,9959.41
19635,9959.41
19636,9959.41
19637,9959.41
19638,9959.41
19639,9959.41
19640,9959.41
19641,9959.41
19642,9959.41
19643,9959.41
19644,9959.41
19645,9959.41
19646,9959.41
19647,9959.41
19648,9959.41
19649,9959.41
19650,9959.41
19651,9959.41
19652,9959.41
19653,9959.41
19654,9959.41
19655,9959.41
19656,9959.41
19657,9959.41
19658,9959.41
19659,9959.41
19660,9959.41
19661,9959.41
19662,9959.41
19663,9959.41
19664,9959.41
19665,9959.41
19666,9959.41
19667,9959.41
19668,9959.41
19669,9959.41
19670,9959.41
19671,9959.41
19672,9959.41
19673,9959.41
19674,9959.41
19675,9959.41
19676,9959.41
19677,9959.41
19678,9959.41
19679,9959.41
19680,9959.41
19681,9959.41
19682,9959.41
19683,9959.41
19684,9959.41
19685,9959.41
19686,9959.41
19687,9959.41
19688,9959.41
19689,9959.41
19690,9959.41
19691,9959.41
19692,9959.41
19693,9959.41
19694,9959.41
19695,9959.41
19696,9959.41
19697,9959.41
19698,9959.41
19699,9959.41
19700,9959.41
19701,9959.41
19702,9959.41
19703,9959.41
19704,9959.41
19705,9959.41
19706,9959.41
19707,9959.41
19708,9959.41
19709,9959.41
19710,9959.41
19711,9959.41
19712,9959.41
19713,9959.41
19714,9959.41
19715,9959.41
19716,9959.41
19717,9959.41
19718,9959.41
19719,9959.41
19720,9959.41
19721,9959.41
19722,9959.41
19723,9959.41
19724,9959.41
19725,9959.41
19726,9959.41
19727,9959.41
19728,9959.41
19729,9959.41
19730,9959.41
19731,9959.41
19732,9959.41
19733,9959.41
19734,9959.41
19735,9959.41
19736,9959.41
19737,9959.41
19738,9959.41
19739,9959.41
19740,9959.41
19741,9959.41
19742,9959.41
19743,9959.41
19744,9959.41
19745,9959.41
19746,9959.41
19747,9959.41
19748,9959.41
19749,9959.41
19750,9959.41
19751,9959.41
19752,9959.41
19753,9959.41
19754,9959.41
19755,9959.41
19756,9959.41
19757,9959.41
19758,9959.41
19759,9959.41
19760,9959.41
19761,9959.41
19762,9959.41
19763,9959.41
19764,9959.41
19765,9959.41
19766,9959.41
19767,9959.41
19768,9959.41
19769,9959.41
19770,9959.41
19771,9959.41
19772,9959.41
19773,9959.41
19774,9959.41
19775,9959.41
19776,9959.41
19777,9959.41
19778,9959.41
19779,9959.41
19780,9959.41
19781,9959.41
19782,9959.41
19783,9959.41
19784,9959.41
19785,9959.41
19786,9959.41
19787,9959.41
19788,9959.41
19789,9959.41
19790,9959.41
19791,9959.41
19792,9959.41
19793,9959.41
19794,9959.41
19795,9959.41
19796,9959.41
19797,9959.41
19798,9959.41
19799,9959.41
19800,9959.41
19801,9959.41
19802,9959.41
19803,9959.41
19804,9959.41
19805,9959.41
19806,9959.41
19807,9959.41
19808,9959.41
19809,9959.41
19810,9959.41
19811,9959.41
19812,9959.41
19813,9959.41
19814,9959.41
19815,9959.41
19816,9959.41
19817,9959.41
19818,9959.41
19819,9959.41
19820,9959.41
19821,9959.41
19822,9959.41
19823,9959.41
19824,9959.41
19825,9959.41
19826,9959.41
19827,9959.41
19828,9959.41
19829,9959.41
19830,9959.41
19831,9959.41
19832,9959.41
19833,9959.41
19834,9959.41
19835,9959.41
19836,9959.41
19837,9959.41
19838,9959.41
19839,9959.41
19840,9959.41
19841,9959.41
19842,9959.41
19843,9959.41
19844,9959.41
19845,9959.41
19846,9959.41
19847,9959.41
19848,9959.41
19849,9959.41
19850,9959.41
19851,9959.41
19852,9959.41
19853,9959.41
19854,9959.41
19855,9959.41
19856,9959.41
19857,9959.41
19858,9959.41
19859,9959.41
19860,9959.41
19861,9959.41
19862,9959.41
19863,9959.41
19864,9959.41
19865,9959.41
19866,9959.41
19867,9959.41
19868,9959.41
19869,9959.41
19870,9959.41
19871,9959.41
19872,9959.41
19873,9959.41
19874,9959.41
19875,9959.41
19876,9959.41
19877,9959.41
19878,9959.41
19879,9959.41
19880,9959.41
19881,9959.41
19882,9959.41
19883,9959.41
19884,9959.41
19885,9959.41
19886,9959.41
19887,9959.41
19888,9959.41
19889,9959.41
19890,9959.41
19891,9959.41
19892,9959.41
19893,9959.41
19894,9959.41
19895,9959.41
19896,9959.41
19897,9959.41
19898,9959.41
19899,9959.41
19900,9959.41
19901,9959.41
19902,9959.41
19903,9959.41
19904,9959.41
19905,9959.41
19906,9959.41
19907,9959.41
19908,9959.41
19909,9959.41
19910,9959.41
19911,9959.41
19912,9959.41
19913,9959.41
19914,9959.41
19915,9959.41
19916,9959.41
19917,9959.41
19918,9959.41
19919,9959.41
19920,9959.41
19921,9959.41
19922,9959.41
19923,9959.41
19924,9959.41
19925,9959.41
19926,9959.41
19927,9959.41
19928,9959.41
19929,9959.41
19930,9959.41
19931,9959.41
19932,9959.41
19933,9959.41
19934,9959.41
19935,9959.41
19936,9959.41
19937,9959.41
19938,9959.41
19939,9959.41
19940,9959.41
19941,9959.41
19942,9959.41
19943,9959.41
19944,9959.41
19945,9959.41
19946,9959.41
19947,9959.41
19948,9959.41
19949,9959.41
19950,9959.41
19951,9959.41
19952,9959.41
19953,9959.41
19954,9959.41
19955,9959.41
19956,9959.41
19957,9959.41
19958,9959.41
19959,9959.41
19960,9959.41
19961,9959.41
19962,9959.41
19963,9959.41
19964,9959.41
19965,9959.41
19966,9959.41
19967,9959.41
19968,9959.41
19969,9959.41
19970,9959.41
19971,9959.41
19972,9959.41
19973,9959.41
19974,9959.41
19975,9959.41
19976,9959.41
19977,9959.41
19978,9959.41
19979,9959.41
19980,9959.41
19981,9959.41
19982,9959.41
19983,9959.41
19984,9959.41
19985,9959.41
19986,9959.41
19987,9959.41
19988,9959.41
19989,9959.41
19990,9959.41
19991,9959.41
19992,9959.41
19993,9959.41
19994,9959.41
19995,9959.41
19996,9959.41
19997,9959.41
19998,9959.41
19999,9959.41
20000,9959.41
20001,9959.41
20002,9959.41
20003,9959.41
20004,9959.41
20005,9959.41
20006,9959.41
20007,9959.41
20008,9959.41
20009,9959.41
20010,9959.41
20011,9959.41
20012,9959.41
20013,9959.41
20014,9959.41
20015,9959.41
20016,9959.41
20017,9959.41
20018,9959.41
20019,9959.41
20020,9959.41
20021,9959.41
20022,9959.41
20023,9959.41
20024,9959.41
20025,9959.41
20026,9959.41
20027,9959.41
20028,9959.41
20029,9959.41
20030,9959.41
20031,9959.41
20032,9959.41
20033,9959.41
20034,9959.41
20035,9959.41
20036,9959.41
20037,9959.41
20038,9959.41
20039,9959.41
20040,9959.41
20041,9959.41
20042,9959.41
20043,9959.41
20044,9959.41
20045,9959.41
20046,9959.41
20047,9959.41
20048,9959.41
20049,9959.41
20050,9959.41
20051,9959.41
20052,9959.41
20053,9959.41
20054,9959.41
20055,9959.41
20056,9959.41
20057,9959.41
20058,9959.41
20059,9959.41
20060,9959.41
20061,9959.41
20062,9959.41
20063,9959.41
20064,9959.41
20065,9959.41
20066,9959.41
20067,9959.41
20068,9959.41
20069,9959.41
20070,9959.41
20071,9959.41
20072,9959.41
20073,9959.41
20074,9959.41
20075,9959.41
20076,9959.41
20077,9959.41
20078,9959.41
20079,9959.41
20080,9959.41
20081,9959.41
20082,9959.41
20083,9959.41
20084,9959.41
20085,9959.41
20086,9959.41
20087,9959.41
20088,9959.41
20089,9959.41
20090,9959.41
20091,9959.41
20092,9959.41
20093,9959.41
20094,9959.41
20095,9959.41
20096,9959.41
20097,9959.41
20098,9959.41
20099,9959.41
20100,9959.41
20101,9959.41
20102,9959.41
20103,9959.41
20104,9959.41
20105,9959.41
20106,9959.41
20107,9959.41
20108,9959.41
20109,9959.41
20110,9959.41
20111,9959.41
20112,9959.41
20113,9959.41
20114,9959.41
20115,9959.41
20116,9959.41
20117,9959.41
20118,9959.41
20119,9959.41
20120,9959.41
20121,9959.41
20122,9959.41
20123,9959.41
20124,9959.41
20125,9959.41
20126,9959.41
20127,9959.41
20128,9959.41
20129,9959.41
20130,9959.41
20131,9959.41
20132,9959.41
20133,9959.41
20134,9959.41
20135,9959.41
20136,9959.41
20137,9959.41
20138,9959.41
20139,9959.41
20140,9959.41
20141,9959.41
20142,9959.41
20143,9959.41
20144,9959.41
20145,9959.41
20146,9959.41
20147,9959.41
20148,9959.41
20149,9959.41
20150,9959.41
20151,9959.41
20152,9959.41
20153,9959.41
20154,9959.41
20155,9959.41
20156,9959.41
20157,9959.41
20158,9959.41
20159,9959.41
20160,9959.41
20161,9959.41
20162,9959.41
20163,9959.41
20164,9959.41
20165,9959.41
20166,9959.41
20167,9959.41
20168,9959.41
20169,9959.41
20170,9959.41
20171,9959.41
20172,9959.41
20173,9959.41
20174,9959.41
20175,9959.41
20176,9959.41
20177,9959.41
20178,9959.41
20179,9959.41
20180,9959.41
20181,9959.41
20182,9959.41
20183,9959.41
20184,9959.41
20185,9959.41
20186,9959.41
20187,9959.41
20188,9959.41
20189,9959.41
20190,9959.41
20191,9959.41
20192,9959.41
20193,9959.41
20194,9959.41
20195,9959.41
20196,9959.41
20197,9959.41
20198,9959.41
20199,9959.41
20200,9959.41
20201,9959.41
20202,9959.41
20203,9959.41
20204,9959.41
20205,9959.41
20206,9959.41
20207,9959.41
20208,9959.41
20209,9959.41
20210,9959.41
20211,9959.41
20212,9959.41
20213,9959.41
20214,9959.41
20215,9959.41
20216,9959.41
20217,9959.41
20218,9959.41
20219,9959.41
20220,9959.41
20221,9959.41
20222,9959.41
20223,9959.41
20224,9959.41
20225,9959.41
20226,9959.41
20227,9959.41
20228,9959.41
20229,9959.41
20230,9959.41
20231,9959.41
20232,9959.41
20233,9959.41
20234,9959.41
20235,9959.41
20236,9959.41
20237,9959.41
20238,9959.41
20239,9959.41
20240,9959.41
20241,9959.41
20242,9959.41
20243,9959.41
20244,9959.41
20245,9959.41
20246,9959.41
20247,9959.41
20248,9959.41
20249,9959.41
20250,9959.41
20251,9959.41
20252,9959.41
20253,9959.41
20254,9959.41
20255,9959.41
20256,9959.41
20257,9959.41
20258,9959.41
20259,9959.41
20260,9959.41
20261,9959.41
20262,9959.41
20263,9959.41
20264,9959.41
20265,9959.41
20266,9959.41
20267,9959.41
20268,9959.41
20269,9959.41
20270,9959.41
20271,9959.41
20272,9959.41
20273,9959.41
20274,9959.41
20275,9959.41
20276,9959.41
20277,9959.41
20278,9959.41
20279,9959.41
20280,9959.41
20281,9959.41
20282,9959.41
20283,9959.41
20284,9959.41
20285,9959.41
20286,9959.41
20287,9959.41
20288,9959.41
20289,9959.41
20290,9959.41
20291,9959.41
20292,9959.41
20293,9959.41
20294,9959.41
20295,9959.41
20296,9959.41
20297,9959.41
20298,9959.41
20299,9959.41
20300,9959.41
20301,9959.41
20302,9959.41
20303,9959.41
20304,9959.41
20305,9959.41
20306,9959.41
20307,9959.41
20308,9959.41
20309,9959.41
20310,9959.41
20311,9959.41
20312,9959.41
20313,9959.41
20314,9959.41
20315,9959.41
20316,9959.41
20317,9959.41
20318,9959.41
20319,9959.41
20320,9959.41
20321,9959.41
20322,9959.41
20323,9959.41
20324,9959.41
20325,9959.41
20326,9959.41
20327,9959.41
20328,9959.41
20329,9959.41
20330,9959.41
20331,9959.41
20332,9959.41
20333,9959.41
20334,9959.41
20335,9959.41
20336,9959.41
20337,9959.41
20338,9959.41
20339,9959.41
20340,9959.41
20341,9959.41
20342,9959.41
20343,9959.41
20344,9959.41
20345,9959.41
20346,9959.41
20347,9959.41
20348,9959.41
20349,9959.41
20350,9959.41
20351,9959.41
20352,9959.41
20353,9959.41
20354,9959.41
20355,9959.41
20356,9959.41
20357,9959.41
20358,9959.41
20359,9959.41
20360,9959.41
20361,9959.41
20362,9959.41
20363,9959.41
20364,9959.41
20365,9959.41
20366,9959.41
20367,9959.41
20368,9959.41
20369,9959.41
20370,9959.41
20371,9959.41
20372,9959.41
20373,9959.41
20374,9959.41
20375,9959.41
20376,9959.41
20377,9959.41
20378,9959.41
20379,9959.41
20380,9959.41
20381,9959.41
20382,9959.41
20383,9959.41
20384,9959.41
20385,9959.41
20386,9959.41
20387,9959.41
20388,9959.41
20389,9959.41
20390,9959.41
20391,9959.41
20392,9959.41
20393,9959.41
20394,9959.41
20395,9959.41
20396,9959.41
20397,9959.41
20398,9959.41
20399,9959.41
20400,9959.41
20401,9959.41
20402,9959.41
20403,9959.41
20404,9959.41
20405,9959.41
20406,9959.41
20407,9959.41
20408,9959.41
20409,9959.41
20410,9959.41
20411,9959.41
20412,9959.41
20413,9959.41
20414,9959.41
20415,9959.41
20416,9959.41
20417,9959.41
20418,9959.41
20419,9959.41
20420,9959.41
20421,9959.41
20422,9959.41
20423,9959.41
20424,9959.41
20425,9959.41
20426,9959.41
20427,9959.41
20428,9959.41
20429,9959.41
20430,9959.41
20431,9959.41
20432,9959.41
20433,9959.41
20434,9959.41
20435,9959.41
20436,9959.41
20437,9959.41
20438,9959.41
20439,9959.41
20440,9959.41
20441,9959.41
20442,9959.41
20443,9959.41
20444,9959.41
20445,9959.41
20446,9959.41
20447,9959.41
20448,9959.41
20449,9959.41
20450,9959.41
20451,9959.41
20452,9959.41
20453,9959.41
20454,9959.41
20455,9959.41
20456,9959.41
20457,9959.41
20458,9959.41
20459,9959.41
20460,9959.41
20461,9959.41
20462,9959.41
20463,9959.41
20463.8,9959.41
20464,9959.21
20465,9958.31
20465.1,9958.22
20466,9958.22
20466.1,9958.22
20466.4,9958.22
20467,9958.22
20467.1,9958.22
20467.4,9958.21
20468,9958.21
20469,9958.21
20470,9958.21
20471,9958.21
20472,9958.21
20473,9958.21
20474,9958.21
20475,9958.21
20476,9958.21
20477,9958.21
20478,9958.21
20479,9958.21
20480,9958.21
20481,9958.21
20482,9958.21
20483,9958.21
20484,9958.21
20485,9958.21
20486,9958.21
20487,9958.21
20488,9958.21
20489,9958.21
20490,9958.21
20491,9958.21
20492,9958.21
20493,9958.21
20494,9958.21
20495,9958.21
20496,9958.21
20497,9958.21
20498,9958.21
20499,9958.21
20500,9958.21
20501,9958.21
20502,9958.21
20503,9958.21
20504,9958.21
20505,9958.21
20506,9958.21
20507,9958.21
20508,9958.21
20509,9958.21
20510,9958.21
20511,9958.21
20512,9958.21
20513,9958.21
20514,9958.21
20515,9958.21
20516,9958.21
20517,9958.21
20518,9958.21
20519,9958.21
20520,9958.21
20521,9958.21
20522,9958.21
20523,9958.21
20524,9958.21
20525,9958.21
20526,9958.21
20527,9958.21
20528,9958.21
20529,9958.21
20530,9958.21
20531,9958.21
20532,9958.21
20533,9958.21
20534,9958.21
20535,9958.21
20536,9958.21
20537,9958.21
20538,9958.21
20539,9958.21
20540,9958.21
20541,9958.21
20542,9958.21
20543,9958.21
20544,9958.21
20545,9958.21
20546,9958.21
20547,9958.21
20548,9958.21
20549,9958.21
20550,9958.21
20551,9958.21
20552,9958.21
20553,9958.21
20554,9958.21
20555,9958.21
20556,9958.21
20557,9958.21
20558,9958.21
20559,9958.21
20560,9958.21
20561,9958.21
20562,9958.21
20563,9958.21
20564,9958.21
20565,9958.21
20566,9958.21
20567,9958.21
20568,9958.21
20569,9958.21
20570,9958.21
20571,9958.21
20572,9958.21
20573,9958.21
20574,9958.21
20575,9958.21
20576,9958.21
20577,9958.21
20578,9958.21
20579,9958.21
20580,9958.21
20581,9958.21
20582,9958.21
20583,9958.21
20584,9958.21
20585,9958.21
20586,9958.21
20587,9958.21
20588,9958.21
20589,9958.21
20590,9958.21
20591,9958.21
20592,9958.21
20593,9958.21
20594,9958.21
20594.4,9958.21
20595,9957.63
20595.7,9957.02
20596,9957.02
20596.7,9957.02
20596.9,9957.02
20597,9957.02
20597.7,9957.02
20597.9,9957.02
20598,9957.02
20599,9957.02
20600,9957.02
20601,9957.02
20602,9957.02
20603,9957.02
20604,9957.02
20605,9957.02
20606,9957.02
20607,9957.02
20608,9957.02
20609,9957.02
20610,9957.02
20611,9957.02
20612,9957.02
20613,9957.02
20614,9957.02
20615,9957.02
20616,9957.02
20617,9957.02
20618,9957.02
20619,9957.02
20620,9957.02
20621,9957.02
20622,9957.02
20623,9957.02
20624,9957.02
20625,9957.02
20626,9957.02
20627,9957.02
20628,9957.02
20629,9957.02
20630,9957.02
20631,9957.02
20632,9957.02
20633,9957.02
20634,9957.02
20635,9957.02
20636,9957.02
20637,9957.02
20638,9957.02
20639,9957.02
20640,9957.02
20641,9957.02
20642,9957.02
20643,9957.02
20644,9957.02
20645,9957.02
20646,9957.02
20647,9957.02
20648,9957.02
20649,9957.02
20650,9957.02
20651,9957.02
20652,9957.02
20653,9957.02
20654,9957.02
20655,9957.02
20656,9957.02
20657,9957.02
20658,9957.02
20659,9957.02
20660,9957.02
20661,9957.02
20662,9957.02
20663,9957.02
20664,9957.02
20665,9957.02
20666,9957.02
20667,9957.02
20668,9957.02
20669,9957.02
20670,9957.02
20671,9957.02
20672,9957.02
20673,9957.02
20674,9957.02
20675,9957.02
20676,9957.02
20677,9957.02
20678,9957.02
20679,9957.02
20680,9957.02
20681,9957.02
20682,9957.02
20683,9957.02
20684,9957.02
20685,9957.02
20686,9957.02
20687,9957.02
20688,9957.02
20689,9957.02
20690,9957.02
20691,9957.02
20692,9957.02
20693,9957.02
20694,9957.02
20695,9957.02
20696,9957.02
20697,9957.02
20698,9957.02
20699,9957.02
20700,9957.02
20701,9957.02
20702,9957.02
20703,9957.02
20704,9957.02
20705,9957.02
20706,9957.02
20707,9957.02
20708,9957.02
20709,9957.02
20710,9957.02
20711,9957.02
20712,9957.02
20713,9957.02
20714,9957.02
20715,9957.02
20716,9957.02
20717,9957.02
20718,9957.02
20719,9957.02
20720,9957.02
20721,9957.02
20722,9957.02
20723,9957.02
20724,9957.02
20724.9,9957.02
20725,9956.95
20726,9956.05
20726.2,9955.83
20727,9955.83
20727.2,9955.83
20727.5,9955.83
20728,9955.83
20728.2,9955.83
20728.5,9955.83
20729,9955.83
20730,9955.83
20731,9955.83
20732,9955.83
20733,9955.83
20734,9955.83
20735,9955.83
20736,9955.83
20737,9955.83
20738,9955.83
20739,9955.83
20740,9955.83
20741,9955.83
20742,9955.83
20743,9955.83
20744,9955.83
20745,9955.83
20746,9955.83
20747,9955.83
20748,9955.83
20749,9955.83
20750,9955.83
20751,9955.83
20752,9955.83
20753,9955.83
20754,9955.83
20755,9955.83
20756,9955.83
20757,9955.83
20758,9955.83
20759,9955.83
20760,9955.83
20761,9955.83
20762,9955.83
20763,9955.83
20764,9955.83
20765,9955.83
20766,9955.83
20767,9955.83
20768,9955.83
20769,9955.83
20770,9955.83
20771,9955.83
20772,9955.83
20773,9955.83
20774,9955.83
20775,9955.83
20776,9955.83
20777,9955.83
20778,9955.83
20779,9955.83
20780,9955.83
20781,9955.83
20782,9955.83
20783,9955.83
20784,9955.83
20785,9955.83
20786,9955.83
20787,9955.83
20788,9955.83
20789,9955.83
20790,9955.83
20791,9955.83
20792,9955.83
20793,9955.83
20794,9955.83
20795,9955.83
20796,9955.83
20797,9955.83
20798,9955.83
20799,9955.83
20800,9955.83
20801,9955.83
20802,9955.83
20803,9955.83
20804,9955.83
20805,9955.83
20806,9955.83
20807,9955.83
20808,9955.83
20809,9955.83
20810,9955.83
20811,9955.83
20812,9955.83
20813,9955.83
20814,9955.83
20815,9955.83
20816,9955.83
20817,9955.83
20818,9955.83
20819,9955.83
20820,9955.83
20821,9955.83
20822,9955.83
20823,9955.83
20824,9955.83
20825,9955.83
20826,9955.83
20827,9955.83
20828,9955.83
20829,9955.83
20830,9955.83
20831,9955.83
20832,9955.83
20833,9955.83
20834,9955.83
20835,9955.83
20836,9955.83
20837,9955.83
20838,9955.83
20839,9955.83
20840,9955.83
20841,9955.83
20842,9955.83
20843,9955.83
20844,9955.83
20845,9955.83
20846,9955.83
20847,9955.83
20848,9955.83
20849,9955.83
20850,9955.83
20851,9955.83
20852,9955.83
20853,9955.83
20854,9955.83
20855,9955.83
20855.5,9955.83
20856,9955.37
20856.8,9954.64
20857,9954.64
20857.8,9954.64
20858,9954.64
20858.1,9954.64
20858.8,9954.64
20858.8,9954.64
20859,9954.63
20859.8,9954.6
20860,9954.6
20861,9954.6
20862,9954.6
20863,9954.6
20864,9954.6
20865,9954.6
20866,9954.6
20867,9954.6
20868,9954.6
20869,9954.6
20870,9954.6
20871,9954.6
20872,9954.6
20873,9954.6
20874,9954.6
20875,9954.6
20876,9954.6
20877,9954.6
20878,9954.6
20879,9954.6
20880,9954.6
20881,9954.6
20882,9954.6
20883,9954.6
20884,9954.6
20885,9954.6
20886,9954.6
20887,9954.6
20888,9954.6
20889,9954.6
20890,9954.6
20891,9954.6
20892,9954.6
20893,9954.6
20894,9954.6
20895,9954.6
20896,9954.6
20897,9954.6
20898,9954.6
20899,9954.6
20900,9954.6
20901,9954.6
20902,9954.6
20903,9954.6
20904,9954.6
20905,9954.6
20906,9954.6
20907,9954.6
20908,9954.6
20909,9954.6
20910,9954.6
20911,9954.6
20912,9954.6
20913,9954.6
20914,9954.6
20915,9954.6
20916,9954.6
20917,9954.6
20918,9954.6
20919,9954.6
20920,9954.6
20921,9954.6
20922,9954.6
20923,9954.6
20924,9954.6
20925,9954.6
20926,9954.6
20927,9954.6
20928,9954.6
20929,9954.6
20930,9954.6
20931,9954.6
20932,9954.6
20933,9954.6
20934,9954.6
20935,9954.6
20936,9954.6
20937,9954.6
20938,9954.6
20939,9954.6
20940,9954.6
20941,9954.6
20942,9954.6
20943,9954.6
20944,9954.6
20945,9954.6
20946,9954.6
20947,9954.6
20948,9954.6
20949,9954.6
20950,9954.6
20951,9954.6
20952,9954.6
20953,9954.6
20954,9954.6
20955,9954.6
20956,9954.6
20957,9954.6
20958,9954.6
20959,9954.6
20960,9954.6
20961,9954.6
20962,9954.6
20963,9954.6
20964,9954.6
20965,9954.6
20966,9954.6
20967,9954.6
20968,9954.6
20969,9954.6
20970,9954.6
20971,9954.6
20972,9954.6
20973,9954.6
20974,9954.6
20975,9954.6
20976,9954.6
20977,9954.6
20978,9954.6
20979,9954.6
20980,9954.6
20981,9954.6
20982,9954.6
20983,9954.6
20984,9954.6
20985,9954.6
20986,9954.6
20987,9954.6
20988,9954.6
20989,9954.6
20990,9954.6
20991,9954.6
20992,9954.6
20993,9954.6
20994,9954.6
20995,9954.6
20996,9954.6
20997,9954.6
20998,9954.6
20999,9954.6
21000,9954.6
21001,9954.6
21002,9954.6
21003,9954.6
21004,9954.6
21005,9954.6
21006,9954.6
21007,9954.6
21008,9954.6
21009,9954.6
21010,9954.6
21011,9954.6
21012,9954.6
21013,9954.6
21014,9954.6
21015,9954.6
21016,9954.6
21017,9954.6
21018,9954.6
21019,9954.6
21020,9954.6
21021,9954.6
21022,9954.6
21023,9954.6
21024,9954.6
21025,9954.6
21026,9954.6
21027,9954.6
21028,9954.6
21029,9954.6
21030,9954.6
21031,9954.6
21032,9954.6
21033,9954.6
21034,9954.6
21035,9954.6
21036,9954.6
21037,9954.6
21038,9954.6
21039,9954.6
21040,9954.6
21041,9954.6
21042,9954.6
21043,9954.6
21044,9954.6
21045,9954.6
21046,9954.6
21047,9954.6
21048,9954.6
21049,9954.6
21050,9954.6
21051,9954.6
21052,9954.6
21053,9954.6
21054,9954.6
21055,9954.6
21056,9954.6
21057,9954.6
21058,9954.6
21059,9954.6
21060,9954.6
21061,9954.6
21062,9954.6
21063,9954.6
21064,9954.6
21065,9954.6
21066,9954.6
21067,9954.6
21068,9954.6
21069,9954.6
21070,9954.6
21071,9954.6
21072,9954.6
21073,9954.6
21074,9954.6
21075,9954.6
21076,9954.6
21077,9954.6
21078,9954.6
21079,9954.6
21080,9954.6
21081,9954.6
21082,9954.6
21083,9954.6
21084,9954.6
21085,9954.6
21086,9954.6
21087,9954.6
21088,9954.6
21089,9954.6
21090,9954.6
21091,9954.6
21092,9954.6
21093,9954.6
21094,9954.6
21095,9954.6
21096,9954.6
21097,9954.6
21098,9954.6
21099,9954.6
21100,9954.6
21101,9954.6
21102,9954.6
21103,9954.6
21104,9954.6
21105,9954.6
21106,9954.6
21107,9954.6
21108,9954.6
21109,9954.6
21110,9954.6
21111,9954.6
21112,9954.6
21113,9954.6
21114,9954.6
21115,9954.6
21116,9954.6
21117,9954.6
21118,9954.6
21119,9954.6
21120,9954.6
21121,9954.6
21122,9954.6
21123,9954.6
21124,9954.6
21125,9954.6
21126,9954.6
21127,9954.6
21128,9954.6
21129,9954.6
21130,9954.6
21131,9954.6
21132,9954.6
21133,9954.6
21134,9954.6
21135,9954.6
21136,9954.6
21137,9954.6
21138,9954.6
21139,9954.6
21140,9954.6
21141,9954.6
21142,9954.6
21143,9954.6
21144,9954.6
21145,9954.6
21146,9954.6
21147,9954.6
21148,9954.6
21149,9954.6
21150,9954.6
21151,9954.6
21152,9954.6
21153,9954.6
21154,9954.6
21155,9954.6
21156,9954.6
21157,9954.6
21158,9954.6
21159,9954.6
21160,9954.6
21161,9954.6
21162,9954.6
21163,9954.6
21164,9954.6
21165,9954.6
21166,9954.6
21167,9954.6
21168,9954.6
21169,9954.6
21170,9954.6
21171,9954.6
21172,9954.6
21173,9954.6
21174,9954.6
21175,9954.6
21176,9954.6
21177,9954.6
21178,9954.6
21179,9954.6
21180,9954.6
21181,9954.6
21182,9954.6
21183,9954.6
21184,9954.6
21185,9954.6
21186,9954.6
21187,9954.6
21188,9954.6
21189,9954.6
21190,9954.6
21191,9954.6
21192,9954.6
21193,9954.6
21194,9954.6
21195,9954.6
21196,9954.6
21197,9954.6
21198,9954.6
21199,9954.6
21200,9954.6
21201,9954.6
21202,9954.6
21203,9954.6
21204,9954.6
21205,9954.6
21206,9954.6
21207,9954.6
21208,9954.6
21209,9954.6
21210,9954.6
21211,9954.6
21212,9954.6
21213,9954.6
21214,9954.6
21215,9954.6
21216,9954.6
21217,9954.6
21218,9954.6
21219,9954.6
21220,9954.6
21221,9954.6
21222,9954.6
21223,9954.6
21224,9954.6
21225,9954.6
21226,9954.6
21227,9954.6
21228,9954.6
21229,9954.6
21230,9954.6
21231,9954.6
21232,9954.6
21233,9954.6
21234,9954.6
21235,9954.6
21236,9954.6
21237,9954.6
21238,9954.6
21239,9954.6
21240,9954.6
21241,9954.6
21242,9954.6
21243,9954.6
21244,9954.6
21245,9954.6
21246,9954.6
21247,9954.6
21248,9954.6
21249,9954.6
21250,9954.6
21251,9954.6
21252,9954.6
21253,9954.6
21254,9954.6
21255,9954.6
21256,9954.6
21257,9954.6
21258,9954.6
21259,9954.6
21260,9954.6
21261,9954.6
21262,9954.6
21263,9954.6
21264,9954.6
21265,9954.6
21266,9954.6
21267,9954.6
21268,9954.6
21269,9954.6
21270,9954.6
21271,9954.6
21272,9954.6
21273,9954.6
21274,9954.6
21275,9954.6
21276,9954.6
21277,9954.6
21278,9954.6
21279,9954.6
21280,9954.6
21281,9954.6
21282,9954.6
21283,9954.6
21284,9954.6
21285,9954.6
21286,9954.6
21287,9954.6
21288,9954.6
21289,9954.6
21290,9954.6
21291,9954.6
21292,9954.6
21293,9954.6
21294,9954.6
21295,9954.6
21296,9954.6
21297,9954.6
21298,9954.6
21299,9954.6
21300,9954.6
21301,9954.6
21302,9954.6
21303,9954.6
21304,9954.6
21305,9954.6
21306,9954.6
21307,9954.6
21308,9954.6
21309,9954.6
21310,9954.6
21311,9954.6
21312,9954.6
21313,9954.6
21314,9954.6
21315,9954.6
21316,9954.6
21317,9954.6
21318,9954.6
21319,9954.6
21320,9954.6
21321,9954.6
21322,9954.6
21323,9954.6
21324,9954.6
21325,9954.6
21326,9954.6
21327,9954.6
21328,9954.6
21329,9954.6
21330,9954.6
21331,9954.6
21332,9954.6
21333,9954.6
21334,9954.6
21335,9954.6
21336,9954.6
21337,9954.6
21338,9954.6
21339,9954.6
21340,9954.6
21341,9954.6
21342,9954.6
21343,9954.6
21344,9954.6
21345,9954.6
21346,9954.6
21347,9954.6
21348,9954.6
21349,9954.6
21350,9954.6
21351,9954.6
21352,9954.6
21353,9954.6
21354,9954.6
21355,9954.6
21356,9954.6
21357,9954.6
21358,9954.6
21359,9954.6
21360,9954.6
21361,9954.6
21362,9954.6
21363,9954.6
21364,9954.6
21365,9954.6
21366,9954.6
21367,9954.6
21368,9954.6
21369,9954.6
21370,9954.6
21371,9954.6
21372,9954.6
21373,9954.6
21374,9954.6
21375,9954.6
21376,9954.6
21377,9954.6
21378,9954.6
21379,9954.6
21380,9954.6
21381,9954.6
21382,9954.6
21383,9954.6
21384,9954.6
21385,9954.6
21386,9954.6
21387,9954.6
21388,9954.6
21389,9954.6
21390,9954.6
21391,9954.6
21392,9954.6
21393,9954.6
21394,9954.6
21395,9954.6
21396,9954.6
21397,9954.6
21398,9954.6
21399,9954.6
21400,9954.6
21401,9954.6
21402,9954.6
21403,9954.6
21404,9954.6
21405,9954.6
21406,9954.6
21407,9954.6
21408,9954.6
21409,9954.6
21410,9954.6
21411,9954.6
21412,9954.6
21413,9954.6
21414,9954.6
21415,9954.6
21416,9954.6
21417,9954.6
21418,9954.6
21419,9954.6
21420,9954.6
21421,9954.6
21422,9954.6
21423,9954.6
21424,9954.6
21425,9954.6
21426,9954.6
21427,9954.6
21428,9954.6
21429,9954.6
21430,9954.6
21431,9954.6
21432,9954.6
21433,9954.6
21434,9954.6
21435,9954.6
21436,9954.6
21437,9954.6
21438,9954.6
21439,9954.6
21440,9954.6
21441,9954.6
21442,9954.6
21443,9954.6
21444,9954.6
21445,9954.6
21446,9954.6
21447,9954.6
21448,9954.6
21449,9954.6
21450,9954.6
21451,9954.6
21452,9954.6
21453,9954.6
21454,9954.6
21455,9954.6
21456,9954.6
21457,9954.6
21458,9954.6
21459,9954.6
21460,9954.6
21461,9954.6
21462,9954.6
21463,9954.6
21464,9954.6
21465,9954.6
21466,9954.6
21467,9954.6
21468,9954.6
21469,9954.6
21470,9954.6
21471,9954.6
21472,9954.6
21473,9954.6
21474,9954.6
21475,9954.6
21476,9954.6
21477,9954.6
21478,9954.6
21479,9954.6
21480,9954.6
21481,9954.6
21482,9954.6
21483,9954.6
21484,9954.6
21485,9954.6
21486,9954.6
21487,9954.6
21488,9954.6
21489,9954.6
21490,9954.6
21491,9954.6
21492,9954.6
21493,9954.6
21494,9954.6
21495,9954.6
21496,9954.6
21497,9954.6
21498,9954.6
21499,9954.6
21500,9954.6
21501,9954.6
21502,9954.6
21503,9954.6
21504,9954.6
21505,9954.6
21506,9954.6
21507,9954.6
21508,9954.6
21509,9954.6
21510,9954.6
21511,9954.6
21512,9954.6
21513,9954.6
21514,9954.6
21515,9954.6
21516,9954.6
21517,9954.6
21518,9954.6
21519,9954.6
21520,9954.6
21521,9954.6
21522,9954.6
21523,9954.6
21524,9954.6
21525,9954.6
21526,9954.6
21527,9954.6
21528,9954.6
21529,9954.6
21530,9954.6
21531,9954.6
21532,9954.6
21533,9954.6
21534,9954.6
21535,9954.6
21536,9954.6
21537,9954.6
21538,9954.6
21539,9954.6
21540,9954.6
21541,9954.6
21542,9954.6
21543,9954.6
21544,9954.6
21545,9954.6
21546,9954.6
21547,9954.6
21548,9954.6
21549,9954.6
21550,9954.6
21551,9954.6
21552,9954.6
21553,9954.6
21554,9954.6
21555,9954.6
21556,9954.6
21557,9954.6
21558,9954.6
21559,9954.6
21560,9954.6
21561,9954.6
21562,9954.6
21563,9954.6
21564,9954.6
21565,9954.6
21566,9954.6
21567,9954.6
21568,9954.6
21569,9954.6
21570,9954.6
21571,9954.6
21572,9954.6
21573,9954.6
21574,9954.6
21575,9954.6
21576,9954.6
21577,9954.6
21578,9954.6
21579,9954.6
21580,9954.6
21581,9954.6
21582,9954.6
21583,9954.6
21584,9954.6
21585,9954.6
21586,9954.6
21587,9954.6
21588,9954.6
21589,9954.6
21590,9954.6
21591,9954.6
21592,9954.6
21593,9954.6
21594,9954.6
21595,9954.6
21596,9954.6
21597,9954.6
21598,9954.6
21599,9954.6
21600,9954.6
21601,9954.6
21602,9954.6
21603,9954.6
21604,9954.6
21605,9954.6
21606,9954.6
21607,9954.6
21608,9954.6
21609,9954.6
21610,9954.6
21611,9954.6
21612,9954.6
21613,9954.6
21614,9954.6
21615,9954.6
21616,9954.6
21617,9954.6
21618,9954.6
21619,9954.6
21620,9954.6
21621,9954.6
21622,9954.6
21623,9954.6
21624,9954.6
21625,9954.6
21626,9954.6
21627,9954.6
21628,9954.6
21629,9954.6
21630,9954.6
21631,9954.6
21632,9954.6
21633,9954.6
21634,9954.6
21635,9954.6
21636,9954.6
21637,9954.6
21638,9954.6
21639,9954.6
21640,9954.6
21641,9954.6
21642,9954.6
21643,9954.6
21644,9954.6
21645,9954.6
21646,9954.6
21647,9954.6
21648,9954.6
21649,9954.6
21650,9954.6
21651,9954.6
21652,9954.6
21653,9954.6
21654,9954.6
21655,9954.6
21656,9954.6
21657,9954.6
21658,9954.6
21659,9954.6
21660,9954.6
21661,9954.6
21662,9954.6
21663,9954.6
21663.8,9954.6
21664,9954.4
21665,9953.5
21665.1,9953.41
21666,9953.41
21666.1,9953.41
21666.4,9953.41
21667,9953.41
21667.1,9953.41
21667.1,9953.41
21668,9953.37
21668.1,9953.37
21669,9953.37
21670,9953.37
21671,9953.37
21672,9953.37
21673,9953.37
21674,9953.37
21675,9953.37
21676,9953.37
21677,9953.37
21678,9953.37
21679,9953.37
21680,9953.37
21681,9953.37
21682,9953.37
21683,9953.37
21684,9953.37
21685,9953.37
21686,9953.37
21687,9953.37
21688,9953.37
21689,9953.37
21690,9953.37
21691,9953.37
21692,9953.37
21693,9953.37
21694,9953.37
21695,9953.37
21696,9953.37
21697,9953.37
21698,9953.37
21699,9953.37
21700,9953.37
21701,9953.37
21702,9953.37
21703,9953.37
21704,9953.37
21705,9953.37
21706,9953.37
21707,9953.37
21708,9953.37
21709,9953.37
21710,9953.37
21711,9953.37
21712,9953.37
21713,9953.37
21714,9953.37
21715,9953.37
21716,9953.37
21717,9953.37
21718,9953.37
21719,9953.37
21720,9953.37
21721,9953.37
21722,9953.37
21723,9953.37
21724,9953.37
21725,9953.37
21726,9953.37
21727,9953.37
21728,9953.37
21729,9953.37
21730,9953.37
21731,9953.37
21732,9953.37
21733,9953.37
21734,9953.37
21735,9953.37
21736,9953.37
21737,9953.37
21738,9953.37
21739,9953.37
21740,9953.37
21741,9953.37
21742,9953.37
21743,9953.37
21744,9953.37
21745,9953.37
21746,9953.37
21747,9953.37
21748,9953.37
21749,9953.37
21750,9953.37
21751,9953.37
21752,9953.37
21753,9953.37
21754,9953.37
21755,9953.37
21756,9953.37
21757,9953.37
21758,9953.37
21759,9953.37
21760,9953.37
21761,9953.37
21762,9953.37
21763,9953.37
21764,9953.37
21765,9953.37
21766,9953.37
21767,9953.37
21768,9953.37
21769,9953.37
21770,9953.37
21771,9953.37
21772,9953.37
21773,9953.37
21774,9953.37
21775,9953.37
21776,9953.37
21777,9953.37
21778,9953.37
21779,9953.37
21780,9953.37
21781,9953.37
21782,9953.37
21783,9953.37
21784,9953.37
21785,9953.37
21786,9953.37
21787,9953.37
21788,9953.37
21789,9953.37
21790,9953.37
21791,9953.37
21792,9953.37
21793,9953.37
21794,9953.37
21795,9953.37
21796,9953.37
21797,9953.37
21798,9953.37
21799,9953.37
21800,9953.37
21801,9953.37
21802,9953.37
21803,9953.37
21804,9953.37
21805,9953.37
21806,9953.37
21807,9953.37
21808,9953.37
21809,9953.37
21810,9953.37
21811,9953.37
21812,9953.37
21813,9953.37
21814,9953.37
21815,9953.37
21816,9953.37
21817,9953.37
21818,9953.37
21819,9953.37
21820,9953.37
21821,9953.37
21822,9953.37
21823,9953.37
21824,9953.37
21825,9953.37
21826,9953.37
21827,9953.37
21828,9953.37
21829,9953.37
21830,9953.37
21831,9953.37
21832,9953.37
21833,9953.37
21834,9953.37
21835,9953.37
21836,9953.37
21837,9953.37
21838,9953.37
21839,9953.37
21840,9953.37
21841,9953.37
21842,9953.37
21843,9953.37
21844,9953.37
21845,9953.37
21846,9953.37
21847,9953.37
21848,9953.37
21849,9953.37
21850,9953.37
21851,9953.37
21852,9953.37
21853,9953.37
21854,9953.37
21855,9953.37
21856,9953.37
21857,9953.37
21858,9953.37
21859,9953.37
21860,9953.37
21861,9953.37
21862,9953.37
21863,9953.37
21864,9953.37
21865,9953.37
21866,9953.37
21867,9953.37
21868,9953.37
21869,9953.37
21870,9953.37
21871,9953.37
21872,9953.37
21873,9953.37
21874,9953.37
21875,9953.37
21876,9953.37
21877,9953.37
21878,9953.37
21879,9953.37
21880,9953.37
21881,9953.37
21882,9953.37
21883,9953.37
21884,9953.37
21885,9953.37
21886,9953.37
21887,9953.37
21888,9953.37
21889,9953.37
21890,9953.37
21891,9953.37
21892,9953.37
21893,9953.37
21894,9953.37
21895,9953.37
21896,9953.37
21897,9953.37
21898,9953.37
21899,9953.37
21900,9953.37
21901,9953.37
21902,9953.37
21903,9953.37
21904,9953.37
21905,9953.37
21906,9953.37
21907,9953.37
21908,9953.37
21909,9953.37
21910,9953.37
21911,9953.37
21912,9953.37
21913,9953.37
21914,9953.37
21915,9953.37
21916,9953.37
21917,9953.37
21918,9953.37
21919,9953.37
21920,9953.37
21921,9953.37
21922,9953.37
21923,9953.37
21924,9953.37
21925,9953.37
21926,9953.37
21927,9953.37
21928,9953.37
21929,9953.37
21930,9953.37
21931,9953.37
21932,9953.37
21933,9953.37
21934,9953.37
21935,9953.37
21936,9953.37
21937,9953.37
21938,9953.37
21939,9953.37
21940,9953.37
21941,9953.37
21942,9953.37
21943,9953.37
21944,9953.37
21945,9953.37
21946,9953.37
21947,9953.37
21948,9953.37
21949,9953.37
21950,9953.37
21951,9953.37
21952,9953.37
21953,9953.37
21954,9953.37
21955,9953.37
21956,9953.37
21957,9953.37
21958,9953.37
21959,9953.37
21960,9953.37
21961,9953.37
21962,9953.37
21963,9953.37
21964,9953.37
21965,9953.37
21966,9953.37
21967,9953.37
21968,9953.37
21969,9953.37
21970,9953.37
21971,9953.37
21972,9953.37
21973,9953.37
21974,9953.37
21975,9953.37
21976,9953.37
21977,9953.37
21978,9953.37
21979,9953.37
21980,9953.37
21981,9953.37
21982,9953.37
21983,9953.37
21984,9953.37
21985,9953.37
21986,9953.37
21987,9953.37
21988,9953.37
21989,9953.37
21990,9953.37
21991,9953.37
21992,9953.37
21993,9953.37
21994,9953.37
21995,9953.37
21996,9953.37
21997,9953.37
21998,9953.37
21999,9953.37
22000,9953.37
22001,9953.37
22002,9953.37
22003,9953.37
22004,9953.37
22005,9953.37
22006,9953.37
22007,9953.37
22008,9953.37
22009,9953.37
22010,9953.37
22011,9953.37
22012,9953.37
22013,9953.37
22014,9953.37
22015,9953.37
22016,9953.37
22017,9953.37
22018,9953.37
22019,9953.37
22020,9953.37
22021,9953.37
22022,9953.37
22023,9953.37
22024,9953.37
22025,9953.37
22026,9953.37
22027,9953.37
22028,9953.37
22029,9953.37
22030,9953.37
22031,9953.37
22032,9953.37
22033,9953.37
22034,9953.37
22035,9953.37
22036,9953.37
22037,9953.37
22038,9953.37
22039,9953.37
22040,9953.37
22041,9953.37
22042,9953.37
22043,9953.37
22044,9953.37
22045,9953.37
22046,9953.37
22047,9953.37
22048,9953.37
22049,9953.37
22050,9953.37
22051,9953.37
22052,9953.37
22053,9953.37
22054,9953.37
22055,9953.37
22056,9953.37
22057,9953.37
22058,9953.37
22059,9953.37
22060,9953.37
22061,9953.37
22062,9953.37
22063,9953.37
22064,9953.37
22065,9953.37
22066,9953.37
22067,9953.37
22068,9953.37
22069,9953.37
22070,9953.37
22071,9953.37
22072,9953.37
22073,9953.37
22074,9953.37
22075,9953.37
22076,9953.37
22077,9953.37
22078,9953.37
22079,9953.37
22080,9953.37
22081,9953.37
22082,9953.37
22083,9953.37
22084,9953.37
22085,9953.37
22086,9953.37
22087,9953.37
22088,9953.37
22089,9953.37
22090,9953.37
22091,9953.37
22092,9953.37
22093,9953.37
22094,9953.37
22095,9953.37
22096,9953.37
22097,9953.37
22098,9953.37
22099,9953.37
22100,9953.37
22101,9953.37
22102,9953.37
22103,9953.37
22104,9953.37
22105,9953.37
22106,9953.37
22107,9953.37
22108,9953.37
22109,9953.37
22110,9953.37
22111,9953.37
22112,9953.37
22113,9953.37
22114,9953.37
22115,9953.37
22116,9953.37
22117,9953.37
22118,9953.37
22119,9953.37
22120,9953.37
22121,9953.37
22122,9953.37
22123,9953.37
22124,9953.37
22125,9953.37
22126,9953.37
22127,9953.37
22128,9953.37
22129,9953.37
22130,9953.37
22131,9953.37
22132,9953.37
22133,9953.37
22134,9953.37
22135,9953.37
22136,9953.37
22137,9953.37
22138,9953.37
22139,9953.37
22140,9953.37
22141,9953.37
22142,9953.37
22143,9953.37
22144,9953.37
22145,9953.37
22146,9953.37
22147,9953.37
22148,9953.37
22149,9953.37
22150,9953.37
22151,9953.37
22152,9953.37
22153,9953.37
22154,9953.37
22155,9953.37
22156,9953.37
22157,9953.37
22158,9953.37
22159,9953.37
22160,9953.37
22161,9953.37
22162,9953.37
22163,9953.37
22164,9953.37
22165,9953.37
22166,9953.37
22167,9953.37
22168,9953.37
22169,9953.37
22170,9953.37
22171,9953.37
22172,9953.37
22173,9953.37
22174,9953.37
22175,9953.37
22176,9953.37
22177,9953.37
22178,9953.37
22179,9953.37
22180,9953.37
22181,9953.37
22182,9953.37
22183,9953.37
22184,9953.37
22185,9953.37
22186,9953.37
22187,9953.37
22188,9953.37
22189,9953.37
22190,9953.37
22191,9953.37
22192,9953.37
22193,9953.37
22194,9953.37
22195,9953.37
22196,9953.37
22197,9953.37
22198,9953.37
22199,9953.37
22200,9953.37
22201,9953.37
22202,9953.37
22203,9953.37
22204,9953.37
22205,9953.37
22206,9953.37
22207,9953.37
22208,9953.37
22209,9953.37
22210,9953.37
22211,9953.37
22212,9953.37
22213,9953.37
22214,9953.37
22215,9953.37
22216,9953.37
22217,9953.37
22218,9953.37
22219,9953.37
22220,9953.37
22221,9953.37
22222,9953.37
22223,9953.37
22224,9953.37
22225,9953.37
22226,9953.37
22227,9953.37
22228,9953.37
22229,9953.37
22230,9953.37
22231,9953.37
22232,9953.37
22233,9953.37
22234,9953.37
22235,9953.37
22236,9953.37
22237,9953.37
22238,9953.37
22239,9953.37
22240,9953.37
22241,9953.37
22242,9953.37
22243,9953.37
22244,9953.37
22245,9953.37
22246,9953.37
22247,9953.37
22248,9953.37
22249,9953.37
22250,9953.37
22251,9953.37
22252,9953.37
22253,9953.37
22254,9953.37
22255,9953.37
22256,9953.37
22257,9953.37
22258,9953.37
22259,9953.37
22260,9953.37
22261,9953.37
22262,9953.37
22263,9953.37
22264,9953.37
22265,9953.37
22266,9953.37
22267,9953.37
22268,9953.37
22269,9953.37
22270,9953.37
22271,9953.37
22272,9953.37
22273,9953.37
22274,9953.37
22275,9953.37
22276,9953.37
22277,9953.37
22278,9953.37
22279,9953.37
22280,9953.37
22281,9953.37
22282,9953.37
22283,9953.37
22284,9953.37
22285,9953.37
22286,9953.37
22287,9953.37
22288,9953.37
22289,9953.37
22290,9953.37
22291,9953.37
22292,9953.37
22293,9953.37
22294,9953.37
22295,9953.37
22296,9953.37
22297,9953.37
22298,9953.37
22299,9953.37
22300,9953.37
22301,9953.37
22302,9953.37
22303,9953.37
22304,9953.37
22305,9953.37
22306,9953.37
22307,9953.37
22308,9953.37
22309,9953.37
22310,9953.37
22311,9953.37
22312,9953.37
22313,9953.37
22314,9953.37
22315,9953.37
22316,9953.37
22317,9953.37
22318,9953.37
22319,9953.37
22320,9953.37
22321,9953.37
22322,9953.37
22323,9953.37
22324,9953.37
22325,9953.37
22326,9953.37
22327,9953.37
22328,9953.37
22329,9953.37
22330,9953.37
22331,9953.37
22332,9953.37
22333,9953.37
22334,9953.37
22335,9953.37
22336,9953.37
22337,9953.37
22338,9953.37
22339,9953.37
22340,9953.37
22341,9953.37
22342,9953.37
22343,9953.37
22344,9953.37
22345,9953.37
22346,9953.37
22347,9953.37
22348,9953.37
22349,9953.37
22350,9953.37
22351,9953.37
22352,9953.37
22353,9953.37
22354,9953.37
22355,9953.37
22356,9953.37
22357,9953.37
22358,9953.37
22359,9953.37
22360,9953.37
22361,9953.37
22362,9953.37
22363,9953.37
22364,9953.37
22365,9953.37
22366,9953.37
22367,9953.37
22368,9953.37
22369,9953.37
22370,9953.37
22371,9953.37
22372,9953.37
22373,9953.37
22374,9953.37
22375,9953.37
22376,9953.37
22377,9953.37
22378,9953.37
22379,9953.37
22380,9953.37
22381,9953.37
22382,9953.37
22383,9953.37
22384,9953.37
22385,9953.37
22386,9953.37
22387,9953.37
22388,9953.37
22389,9953.37
22390,9953.37
22391,9953.37
22392,9953.37
22393,9953.37
22394,9953.37
22395,9953.37
22396,9953.37
22397,9953.37
22398,9953.37
22399,9953.37
22400,9953.37
22401,9953.37
22402,9953.37
22403,9953.37
22404,9953.37
22405,9953.37
22406,9953.37
22407,9953.37
22408,9953.37
22409,9953.37
22410,9953.37
22411,9953.37
22412,9953.37
22413,9953.37
22414,9953.37
22415,9953.37
22416,9953.37
22417,9953.37
22418,9953.37
22419,9953.37
22420,9953.37
22421,9953.37
22422,9953.37
22423,9953.37
22424,9953.37
22425,9953.37
22426,9953.37
22427,9953.37
22428,9953.37
22429,9953.37
22430,9953.37
22431,9953.37
22432,9953.37
22433,9953.37
22434,9953.37
22435,9953.37
22436,9953.37
22437,9953.37
22438,9953.37
22439,9953.37
22440,9953.37
22441,9953.37
22442,9953.37
22443,9953.37
22444,9953.37
22445,9953.37
22446,9953.37
22447,9953.37
22448,9953.37
22449,9953.37
22450,9953.37
22451,9953.37
22452,9953.37
22453,9953.37
22454,9953.37
22455,9953.37
22456,9953.37
22457,9953.37
22458,9953.37
22459,9953.37
22460,9953.37
22461,9953.37
22462,9953.37
22463,9953.37
22464,9953.37
22465,9953.37
22466,9953.37
22467,9953.37
22468,9953.37
22469,9953.37
22470,9953.37
22471,9953.37
22472,9953.37
22473,9953.37
22474,9953.37
22475,9953.37
22476,9953.37
22477,9953.37
22478,9953.37
22479,9953.37
22480,9953.37
22481,9953.37
22482,9953.37
22483,9953.37
22484,9953.37
22485,9953.37
22486,9953.37
22487,9953.37
22488,9953.37
22489,9953.37
22490,9953.37
22491,9953.37
22492,9953.37
22493,9953.37
22494,9953.37
22495,9953.37
22496,9953.37
22497,9953.37
22498,9953.37
22499,9953.37
22500,9953.37
22501,9953.37
22502,9953.37
22503,9953.37
22504,9953.37
22505,9953.37
22506,9953.37
22507,9953.37
22508,9953.37
22509,9953.37
22510,9953.37
22511,9953.37
22512,9953.37
22513,9953.37
22514,9953.37
22515,9953.37
22516,9953.37
22517,9953.37
22518,9953.37
22519,9953.37
22520,9953.37
22521,9953.37
22522,9953.37
22523,9953.37
22524,9953.37
22525,9953.37
22526,9953.37
22527,9953.37
22528,9953.37
22529,9953.37
22530,9953.37
22531,9953.37
22532,9953.37
22533,9953.37
22534,9953.37
22535,9953.37
22536,9953.37
22537,9953.37
22538,9953.37
22539,9953.37
22540,9953.37
22541,9953.37
22542,9953.37
22543,9953.37
22544,9953.37
22545,9953.37
22546,9953.37
22547,9953.37
22548,9953.37
22549,9953.37
22550,9953.37
22551,9953.37
22552,9953.37
22553,9953.37
22554,9953.37
22555,9953.37
22556,9953.37
22557,9953.37
22558,9953.37
22559,9953.37
22560,9953.37
22561,9953.37
22562,9953.37
22563,9953.37
22564,9953.37
22565,9953.37
22566,9953.37
22567,9953.37
22568,9953.37
22569,9953.37
22570,9953.37
22571,9953.37
22572,9953.37
22573,9953.37
22574,9953.37
22575,9953.37
22576,9953.37
22577,9953.37
22578,9953.37
22579,9953.37
22580,9953.37
