0 37 5776.01 -3723.43 0 14
0 38 -6929.44 -4978.88 0 14
0 39 -7046.08 -6934.2 0 14
0 40 6356.41 -2459.33 0 14
0 41 5311.03 -7317.56 0 14
0 42 -5830 9360.31 0 14
0 43 -7163.82 5932.44 0 14
0 44 6917.07 1162.03 0 14
0 45 1970.24 -5092.32 0 14
0 46 -652.807 -4667.99 0 14
0 47 -1368.42 -1698.61 0 14
0 48 4657.25 -7452.53 0 14
0 49 3083.42 2843.65 0 14
0 50 5000.59 -6743 0 14
0 51 2490.71 -2117 0 14
0 52 -2304.27 -2794.26 0 14
0 53 -4254.74 -9136.61 0 14
0 54 -8547.34 -5159.25 0 14
0 55 1423.85 9552.13 0 14
0 56 -5715.2 -1759 0 14
0 57 -4359.61 -7592.59 0 14
0 58 3942.81 5097.39 0 14
0 59 9856.63 -6273.47 0 14
0 60 -7934.88 -5422.22 0 14
0 61 1493.58 -3459.75 0 14
0 62 4423.34 -8204.35 0 14
0 63 -8614.6 404.098 0 14
0 64 3357.04 2753.71 0 14
0 65 1576.5 589.58 0 14
0 66 3935.4 4759.45 0 14
0 67 -4274.89 -8191.27 0 14
0 68 268.593 6898.82 0 14
0 69 2159.15 -4129.83 0 14
0 70 -1576.72 9691.01 0 14
0 71 -2670.49 -4782.95 0 14
0 72 1478.89 6818.95 0 14
0 73 221.707 -3783.92 0 14
0 74 -3442.79 2843.55 0 14
0 75 -5106.95 6273.79 0 14
0 76 -8560.12 -4621.3 0 14
0 77 90.5277 9024.06 0 14
0 78 8249.13 272.889 0 14
0 79 8415.03 7391.53 0 14
0 80 -2566.63 3779.84 0 14
0 81 -3360.92 619.238 0 14
0 82 -9874.6 -5636.14 0 14
0 83 1473.31 -6980.73 0 14
0 84 6412.91 6626.17 0 14
0 85 -8121.37 6372.21 0 14
0 86 -3272.22 1628.08 0 14
0 87 -1806.55 4727.91 0 14
0 88 -2758.28 -1748.47 0 14
0 89 6548.16 6508.44 0 14
0 90 4498.81 -7135.85 0 14
0 91 8384.09 -2978.31 0 14
0 92 608.596 -5351.09 0 14
0 93 -975.063 6214.93 0 14
0 94 -5177.73 2123.11 0 14
0 95 -2535.9 -3648.31 0 14
0 96 9369.65 3348.67 0 14
0 97 9015.99 4511.64 0 14
0 98 -3233.7 6591.66 0 14
0 99 5804.48 -2131.28 0 14
0 100 -8891.35 -6976.28 0 14
0 101 -7688.6 -6703.19 0 14
0 102 -2226.03 468.449 0 14
0 103 712.66 -7757.68 0 14
0 104 630.228 1668.2 0 14
0 105 -5322.39 7430 0 14
0 106 -6202.5 7274.89 0 14
0 107 5594.74 2853.45 0 14
0 108 -164.963 -1006.77 0 14
0 109 8127.34 4040.02 0 14
0 110 937.534 666.934 0 14
0 111 -7242.88 5640.92 0 14
0 112 5383.96 -6426.54 0 14
0 113 -8642.24 4963.41 0 14
0 114 -6145.79 9541.79 0 14
0 115 -6432 6123.18 0 14
0 116 9736.01 5728.42 0 14
0 117 -5477.71 -3201.03 0 14
0 118 -3709.37 2132.2 0 14
0 119 -9798.74 1245.25 0 14
0 120 -1629.89 3033.87 0 14
0 121 -6227.16 9819.53 0 14
0 122 -6221.34 -6953 0 14
0 123 1586.98 -5484.02 0 14
0 124 -7838.01 7702.9 0 14
0 125 -9891.76 1695.74 0 14
0 126 -3129.32 4893.48 0 14
0 127 629.084 -577.515 0 14
0 128 -5099.99 -4951.87 0 14
0 129 -9166.4 -8394.07 0 14
0 130 9114.12 -7109.69 0 14
0 131 -7423.08 -2791.51 0 14
0 132 2616.55 -3345.54 0 14
0 133 679.83 6687.48 0 14
0 134 1707.64 -3456.64 0 14
0 135 1473.9 6125.85 0 14
0 136 -5112.69 7894 0 14
0 137 -9878.94 -7455.93 0 14
0 138 -3130.39 -4045.25 0 14
0 139 2492.38 2413.38 0 14
0 140 6187.27 8922.17 0 14
0 141 4560.64 4578.19 0 14
0 142 -141.208 8738.14 0 14
0 143 -2512.85 -3385.89 0 14
0 144 -8542.67 2677.88 0 14
0 145 -220.597 124.839 0 14
0 146 8523.25 -1991.77 0 14
0 147 7951.59 8970.69 0 14
0 148 743.668 8431.15 0 14
0 149 1337.55 9637.62 0 14
0 150 -7621.95 5846.53 0 14
0 151 -391.693 264.498 0 14
0 152 -7811.88 7728.28 0 14
0 153 4493.07 -5810.04 0 14
0 154 -5441.17 2621.85 0 14
0 155 7286.87 5034.11 0 14
0 156 -4025.64 1532.49 0 14
0 157 -8157.98 -8067.44 0 14
0 158 2520.89 -7609.18 0 14
0 159 -9040.74 -9279.93 0 14
0 160 9495.15 -4088.78 0 14
0 161 -7325.26 -2408.55 0 14
0 162 -8324.24 5669.9 0 14
0 163 6766.34 1857.43 0 14
0 164 -1332.16 6879.31 0 14
0 165 4500.37 9368.42 0 14
0 166 -8973.44 9215.94 0 14
0 167 9462.13 4055.34 0 14
0 168 -5345.52 -1451.61 0 14
0 169 -4536.55 -7398.25 0 14
0 170 -2681.16 -8680.54 0 14
0 171 -7596.94 -1049.21 0 14
0 172 -8978.54 -1269.9 0 14
0 173 7724.63 -8392.5 0 14
0 174 -5254.37 -6003.95 0 14
0 175 3212.36 -8674.55 0 14
0 176 -9504.18 3522.8 0 14
0 177 1604.9 5801.5 0 14
0 178 3860.81 -8444.6 0 14
0 179 -7193.85 -9268.68 0 14
0 180 -3139.05 8089.6 0 14
0 181 6336.75 -4714.23 0 14
0 182 8316.66 5105.97 0 14
0 183 6785 -7389.51 0 14
0 184 9396.57 -5648.92 0 14
0 185 -7082.5 5437.48 0 14
0 186 4636.22 7250.3 0 14
0 187 5372.68 -6401.72 0 14
0 188 -2153.68 -8559.11 0 14
0 189 5049.07 3267.16 0 14
0 190 -7015.06 4388.7 0 14
0 191 9607.62 -3572.32 0 14
0 192 -8391.95 8636.12 0 14
0 193 3971.08 -3545.83 0 14
0 194 -3648.44 -9465.4 0 14
0 195 5255.76 -8547 0 14
0 196 4526.43 1736.86 0 14
0 197 9613.5 -10.6149 0 14
0 198 4653.56 -5374.19 0 14
0 199 3033.7 6573.43 0 14
0 200 -7730.63 -1244.2 0 14
0 201 -5183.45 5294.2 0 14
0 202 -7284.32 -4023.87 0 14
0 203 -2597.62 -5352.4 0 14
0 204 -9567.34 377.916 0 14
0 205 6529.42 -4171.72 0 14
0 206 -3048.36 -9278.28 0 14
0 207 9495.53 -3783.9 0 14
0 208 -1371.85 7520.64 0 14
0 209 6580.8 9052.89 0 14
0 210 -2259.89 -7156.19 0 14
0 211 -7097.17 9609.69 0 14
0 212 7357 -1136.32 0 14
0 213 6003.11 2688.74 0 14
0 214 -4023.03 -5095.98 0 14
0 215 -749.396 5933.76 0 14
0 216 -3032.77 -9493.31 0 14
0 217 4812.66 -2380.45 0 14
0 218 -4235.63 -8863.31 0 14
0 219 7402.13 -3434.13 0 14
0 220 2929.61 2261.97 0 14
0 221 -8313.31 551.917 0 14
0 222 1425.33 -5877.29 0 14
0 223 1929.3 -5994.57 0 14
0 224 1669.04 2208.12 0 14
0 225 -2985.18 4295.69 0 14
0 226 4534.59 9671.09 0 14
0 227 -1635.22 -1788.72 0 14
0 228 -8936.31 7419.55 0 14
0 229 -8578.94 4113.49 0 14
0 230 -3188.6 -4482.63 0 14
0 231 -5183.99 -3706.59 0 14
0 232 -8076 1651.19 0 14
0 233 -1015.9 9917.97 0 14
0 234 -9384.34 3103.6 0 14
0 235 3326.89 3678.99 0 14
0 236 3811.11 -7153.8 0 14
0 237 2276.18 5534.53 0 14
0 238 4003.47 8762.59 0 14
0 239 7510.47 -6141.55 0 14
0 240 1481.83 -4945.26 0 14
0 241 -183.251 5738.75 0 14
0 242 7758.8 4115.76 0 14
0 243 9840.16 -3761.96 0 14
0 244 9673.31 -701.293 0 14
0 245 3965.99 965.082 0 14
0 246 5972.21 6556.25 0 14
0 247 2369.96 3330.86 0 14
0 248 -9834.48 760.389 0 14
0 249 -6370.49 4663.41 0 14
0 250 1938.25 4678.8 0 14
0 251 1715.29 -6377 0 14
0 252 1292.23 355.139 0 14
0 253 -7729.81 -2958.45 0 14
0 254 1744.41 3311.63 0 14
0 255 -1628.98 5482.6 0 14
0 256 -564.069 1692.57 0 14
0 257 -1937.15 104.681 0 14
0 258 6460.02 8813.79 0 14
0 259 -4827.84 7504.56 0 14
0 260 -171.492 -2868.39 0 14
0 261 5229.98 6713.81 0 14
0 262 -199.871 -502.766 0 14
0 263 3614.5 -6667.27 0 14
0 264 -7280.17 5387 0 14
0 265 -5363.09 -6840.89 0 14
0 266 -3240.25 8760.2 0 14
0 267 4389.68 7041.86 0 14
0 268 -9803.59 -8425.96 0 14
0 269 -823.137 -9062.4 0 14
0 270 6700.26 8820.97 0 14
0 271 8372.46 -2470.17 0 14
0 272 3215.59 1089.35 0 14
0 273 -5687.52 9574.84 0 14
0 274 9082.39 -8680.79 0 14
0 275 -6593.7 -9164.65 0 14
0 276 -755.596 2496.71 0 14
0 277 2616.84 -7773.38 0 14
0 278 -8781.88 -2026.72 0 14
0 279 -1105.03 6804.67 0 14
0 280 -6374.64 7179.55 0 14
0 281 8997.93 -9311.58 0 14
0 282 -4404.35 566.947 0 14
0 283 -5332.41 710.133 0 14
0 284 -4938.89 -4789.2 0 14
0 285 -9146.13 8480.57 0 14
0 286 7013.94 2417.95 0 14
0 287 1847.04 -4823.84 0 14
0 288 -5199.63 -1978.56 0 14
0 289 6392.62 -9248.51 0 14
0 290 -6580.01 7895.57 0 14
0 291 6598.74 -8267.39 0 14
0 292 4748.72 5757.53 0 14
0 293 1437.48 9450.49 0 14
0 294 -9827.98 -9365.42 0 14
0 295 -57.2011 8137.98 0 14
0 296 -9123.49 -1606.82 0 14
0 297 4330.75 -3244.26 0 14
0 298 9718.97 1144.83 0 14
0 299 4993.17 5494.27 0 14
0 300 3872.99 8635.55 0 14
0 301 7651.87 9793.58 0 14
0 302 6497.94 -5513.57 0 14
0 303 -4642.96 -1939.2 0 14
0 304 5228.08 -7972.29 0 14
0 305 7828.36 4590.34 0 14
0 306 9952.84 1876.51 0 14
0 307 7717.12 -1053.11 0 14
0 308 1556.55 349.238 0 14
0 309 -603.178 6167.08 0 14
0 310 -6802.95 -8692.99 0 14
0 311 2686.64 -6523 0 14
0 312 9521.94 -385.484 0 14
0 313 5627.5 -1045.91 0 14
0 314 -2933.61 -6245.38 0 14
0 315 -8631.05 -3016.65 0 14
0 316 -7874.67 -1123.68 0 14
0 317 -8381.75 3698.88 0 14
0 318 3386.58 2991.66 0 14
0 319 -7873.87 -5335.08 0 14
0 320 3147.84 2632.88 0 14
0 321 -140.099 1350.51 0 14
0 322 -3775.01 -733.247 0 14
0 323 3781.52 -1323.66 0 14
0 324 7664.24 5234.81 0 14
0 325 -9164.35 -4495.07 0 14
0 326 271.01 995.434 0 14
0 327 2284.53 2667.69 0 14
0 328 -5781.92 7423.59 0 14
0 329 -590.597 -7705.69 0 14
0 330 -5491.04 -2852.09 0 14
0 331 -7375.25 8473.68 0 14
0 332 -3247.96 8117.58 0 14
0 333 8599.4 1384.32 0 14
0 334 9643.05 -1396.5 0 14
0 335 -4750.24 9400.73 0 14
0 336 2299.44 -1830.5 0 14
0 337 89.5591 -7315.44 0 14
0 338 1233.69 -4241.32 0 14
0 339 327.284 282.951 0 14
0 340 5716.67 -5149.34 0 14
0 341 5326.36 -812.226 0 14
0 342 -4273.9 7688.82 0 14
0 343 8675.59 5293.34 0 14
0 344 -3829.74 7514.49 0 14
0 345 -8027.18 -2570.33 0 14
0 346 7743.81 8411.56 0 14
0 347 2306.56 7468.9 0 14
0 348 5430.89 2293.63 0 14
0 349 5661.55 4792.71 0 14
0 350 -4682.58 -5725.36 0 14
0 351 4589.25 8234.66 0 14
0 352 -893.472 8964.07 0 14
0 353 -4396.9 6456.96 0 14
0 354 -3977.76 2644.82 0 14
0 355 6152.38 -2072.96 0 14
0 356 1471.65 5772.74 0 14
0 357 6353.78 -7366.65 0 14
0 358 -9502.55 -4108.17 0 14
0 359 -1933.1 3607.28 0 14
0 360 8691.06 -3412.04 0 14
0 361 8517.87 9882.04 0 14
0 362 -8206.91 -942.289 0 14
0 363 7614.45 1793.42 0 14
0 364 -1140.93 -1420 0 14
0 365 4270.9 5526.18 0 14
0 366 -3802.64 -2365.36 0 14
0 367 -2777.14 -464.718 0 14
0 368 4011.73 -9735.32 0 14
0 369 9237.66 -6023.57 0 14
0 370 -114.672 9211.1 0 14
0 371 7543.36 -2950.8 0 14
0 372 4827.07 4030.46 0 14
0 373 7481.28 7927.84 0 14
0 374 -8052.04 -4977.83 0 14
0 375 -734.599 -6061.93 0 14
0 376 -4564.67 7807.92 0 14
0 377 6858.65 -1138.86 0 14
0 378 -652.142 -106.815 0 14
0 379 2683.34 7793.34 0 14
0 380 -4474.02 -4436.74 0 14
0 381 -1508.18 9426.87 0 14
0 382 9250.1 -708.251 0 14
0 383 6827.2 9525.41 0 14
0 384 4894.91 5773.75 0 14
0 385 -8463.65 -7225.74 0 14
0 386 -4143.05 -1262.92 0 14
0 387 -1423.85 -2118.31 0 14
0 388 8001.78 -6052.28 0 14
0 389 6730.61 -4453.56 0 14
0 390 7745.21 2437.69 0 14
0 391 5314.33 -569.779 0 14
0 392 -8709.71 -2180.14 0 14
0 393 955.386 -5707.82 0 14
0 394 -6886.89 -7848.18 0 14
0 395 6852.51 -7841.63 0 14
0 396 -9081.94 -2101.86 0 14
0 397 9217.88 3703.76 0 14
0 398 3763.53 -7129.6 0 14
0 399 -7982.74 -8141.51 0 14
0 400 535.675 5782.04 0 14
0 401 -5670.27 6865.94 0 14
0 402 -7150.4 -1136.26 0 14
0 403 -9454.76 6810.99 0 14
0 404 -3450.77 -194.574 0 14
0 405 -500.047 -3521.47 0 14
0 406 -8035.16 -3693.9 0 14
0 407 -6023.31 8629.8 0 14
0 408 90.5797 1774.97 0 14
0 409 -7150.83 -1026 0 14
0 410 9481.61 -8799.49 0 14
0 411 5194.91 -6936.74 0 14
0 412 -1699.11 6359.21 0 14
0 413 -2401.54 2290.5 0 14
0 414 -6894.91 -4744.06 0 14
0 415 -1278.95 927.431 0 14
0 416 8521.6 742.958 0 14
0 417 1387.81 9284.94 0 14
0 418 -2078.74 718.415 0 14
0 419 -4617.94 7873.11 0 14
0 420 -9258.95 6959.93 0 14
0 421 -1378.72 -1306.03 0 14
0 422 -6297.44 -6271.09 0 14
0 423 1282.91 -9010.06 0 14
0 424 5320.32 1788.66 0 14
0 425 881.932 2865.92 0 14
0 426 2309.43 6535 0 14
0 427 7647.95 -9520.73 0 14
0 428 9006.75 -7325.65 0 14
0 429 7399.16 -106.866 0 14
0 430 2455.87 -3014.17 0 14
0 431 4719.98 -9163.1 0 14
0 432 1565.08 -5496.85 0 14
0 433 -9307.37 9124.98 0 14
0 434 -7235.37 9643.55 0 14
0 435 2922.96 -3111.25 0 14
0 436 8120.24 -2199.14 0 14
0 437 919.548 -7635.52 0 14
0 438 -799.529 6102.64 0 14
0 439 2106.37 -5846.37 0 14
0 440 5947.15 3121.12 0 14
0 441 9253.49 268.763 0 14
0 442 6457.19 -3134.39 0 14
0 443 -8230.07 5575.64 0 14
0 444 -760.469 3935.09 0 14
0 445 -4977.41 -5970.61 0 14
0 446 -7828.45 -5852.47 0 14
0 447 4150.4 7941.22 0 14
0 448 5395 9065.31 0 14
0 449 -5210.86 -4491 0 14
0 450 5279.78 -5948.17 0 14
0 451 -3205.8 -3948.14 0 14
0 452 -6125.39 9821.07 0 14
0 453 7113.35 4295.14 0 14
0 454 -604.928 -300.61 0 14
0 455 8791.13 -1299.11 0 14
0 456 -7265.77 -3897.54 0 14
0 457 4203.05 -5396.76 0 14
0 458 -8520.91 9804.58 0 14
0 459 -8467.3 -3629 0 14
0 460 -7200.87 -1061.58 0 14
0 461 -456.227 -424.896 0 14
0 462 4215.77 -799.6 0 14
0 463 1041.13 3053.59 0 14
0 464 -8273.75 -7940.05 0 14
0 465 9887.47 -759.571 0 14
0 466 -1219.64 -2604.54 0 14
0 467 -2097.32 4756.66 0 14
0 468 -1098.12 2167.7 0 14
0 469 -7377.97 6689.5 0 14
0 470 4327.78 -9360.22 0 14
0 471 -8774.65 -2382.88 0 14
0 472 -1033.39 -9917.84 0 14
0 473 2449.74 7746.16 0 14
0 474 -3415.96 -6843.75 0 14
0 475 -9836.62 -8395.76 0 14
0 476 -8061.44 4826.13 0 14
0 477 8825.25 -8877.14 0 14
0 478 6045.71 141.526 0 14
0 479 7983.67 1268.16 0 14
0 480 -9738.88 1066.34 0 14
0 481 -8473.55 5334.32 0 14
0 482 765.557 -3110.8 0 14
0 483 -507.809 -4666.13 0 14
0 484 -5853.02 -4702.19 0 14
0 485 215.068 3251.86 0 14
0 486 -1500.14 32.1996 0 14
0 487 6750.09 -8452.15 0 14
0 488 -3921.33 546.156 0 14
0 489 1926.34 -4266.59 0 14
0 490 -3361.69 7677.51 0 14
0 491 7060.27 4569.7 0 14
0 492 1478.1 5839.43 0 14
0 493 2015.81 -4724.16 0 14
0 494 -458.488 5845.3 0 14
0 495 9109.57 9582.68 0 14
0 496 -5923.34 12.7619 0 14
0 497 -5585.25 444.196 0 14
0 498 -8186.01 4096.17 0 14
0 499 3977.57 2448.98 0 14
0 500 -8421.99 -5864.66 0 14
0 501 7162.35 3491.88 0 14
0 502 5122.34 771.236 0 14
0 503 8416.91 5338 0 14
0 504 2379.22 -4251.45 0 14
0 505 395.565 -8005.72 0 14
0 506 -5335.68 -2264.18 0 14
0 507 -215.472 8859.35 0 14
0 508 -3552.73 -2621.11 0 14
0 509 2337.67 6705.59 0 14
0 510 -3867.89 2846.06 0 14
0 511 -703.907 -9250.9 0 14
0 512 2355.96 -3926.64 0 14
0 513 7419.68 -2523.28 0 14
0 514 3564.82 -346.956 0 14
0 515 7566.35 -2207.53 0 14
0 516 3994.9 1857.41 0 14
0 517 723.542 233.067 0 14
0 518 9454.42 -7311.92 0 14
0 519 3872.77 5711.71 0 14
0 520 -8655.6 -1696.3 0 14
0 521 -8638.63 4476.06 0 14
0 522 -9961.33 9081.83 0 14
0 523 506.34 -4508.5 0 14
0 524 7458.41 5026.2 0 14
0 525 7397.57 5404.21 0 14
0 526 2300.46 -5273.43 0 14
0 527 -4539.05 9542.9 0 14
0 528 6717.95 6345.67 0 14
0 529 -5463.19 -9287.51 0 14
0 530 1219.24 -3045.27 0 14
0 531 -4159.18 672.131 0 14
0 532 5016.17 -70.5433 0 14
0 533 2713.82 -9579.64 0 14
0 534 7560.69 -5398.96 0 14
0 535 -980.497 -9542.27 0 14
0 536 -4475.69 9034.95 0 14
0 537 6383.51 8598.67 0 14
0 538 -5896.43 -5320.15 0 14
0 539 1640.27 9319.73 0 14
0 540 -7092.66 11.0771 0 14
0 541 5114.45 -3763.63 0 14
0 542 -2987.86 -5594.43 0 14
0 543 7060.19 -9913.54 0 14
0 544 -2383.54 -9524.06 0 14
0 545 -9403.28 7395.59 0 14
0 546 615.821 -9070.57 0 14
0 547 -7789.94 -2126.57 0 14
0 548 3161.69 -1625.26 0 14
0 549 1351.35 -1700.58 0 14
0 550 7812.97 -3018.84 0 14
0 551 7136.54 -4272.38 0 14
0 552 5208.06 4642.69 0 14
0 553 -5398.28 3210.22 0 14
0 554 822.282 9784.05 0 14
0 555 1079.56 6688.94 0 14
0 556 -6643.74 -8722.38 0 14
0 557 3560.49 -9299.51 0 14
0 558 8547.6 -5335.86 0 14
0 559 7687.16 -747.135 0 14
0 560 -9275.99 -9492.26 0 14
0 561 -6113.06 8422 0 14
0 562 -2549.4 -1561.39 0 14
0 563 4776.31 1688.04 0 14
0 564 5922.42 9843.97 0 14
0 565 -5836.23 -1969.42 0 14
0 566 5497.08 864.736 0 14
0 567 7983.46 4349.79 0 14
0 568 3053.37 -8444.17 0 14
0 569 -3100.44 -3543.35 0 14
0 570 2508.54 6520.81 0 14
0 571 5801.94 7393.52 0 14
0 572 -1884.73 1397.57 0 14
0 573 -8637.59 -4206.35 0 14
0 574 3944.1 -8044.95 0 14
0 575 -583.789 -1611.73 0 14
0 576 -2180.3 8175.14 0 14
0 577 882.471 5849.89 0 14
0 578 -3978.72 -5601.59 0 14
0 579 1158.05 2928.76 0 14
0 580 -4272.2 -1650.44 0 14
0 581 2181.07 -9034.59 0 14
0 582 -8017.23 9934.99 0 14
0 583 1403.32 -9566.8 0 14
0 584 -2458.77 9098.79 0 14
0 585 7049.61 -2672.83 0 14
0 586 2911.23 5251.17 0 14
0 587 5622.55 -1861.79 0 14
0 588 -1651.4 9502.35 0 14
0 589 6195.55 2984.43 0 14
0 590 7900.84 2387.46 0 14
0 591 -2605.29 -4063.08 0 14
0 592 9765.45 4694.04 0 14
0 593 -2848.98 6520.12 0 14
0 594 6878.94 446.276 0 14
0 595 -7668.99 4288.14 0 14
0 596 1647.52 -2187.69 0 14
0 597 7028.86 -3411.68 0 14
0 598 5212.8 4924.93 0 14
0 599 2576.45 -1453.48 0 14
0 600 4448.85 -9524.84 0 14
0 601 -3876.56 -7109.94 0 14
0 602 1259.14 254.485 0 14
0 603 7289.91 617.765 0 14
0 604 -5566.18 5920.23 0 14
0 605 -7367.48 -9308.46 0 14
0 606 3701.91 -6041.5 0 14
0 607 3840.4 -6776.02 0 14
0 608 3032.4 -5986.32 0 14
0 609 -6089.69 4394.49 0 14
0 610 3673.18 4213.6 0 14
0 611 9730.63 -3059.61 0 14
0 612 9817.46 9857.54 0 14
0 613 -8964.05 -2772.15 0 14
0 614 255.775 -723.396 0 14
0 615 3776.07 1744.57 0 14
0 616 5258.18 -5470.44 0 14
0 617 4481.95 -6777.09 0 14
0 618 -8698.12 -676.162 0 14
0 619 -8645.33 1046.46 0 14
0 620 -1900.7 -8573.91 0 14
0 621 1271.74 -3740.46 0 14
0 622 7966.35 5295.01 0 14
0 623 -2090.75 2091.27 0 14
0 624 -8815.6 7218.19 0 14
0 625 6587.37 -5843.75 0 14
0 626 2038.45 -3470.79 0 14
0 627 7115.64 4240.66 0 14
0 628 -3411 -5031.03 0 14
0 629 -8733.17 -3818.47 0 14
0 630 -6471.5 6324.13 0 14
0 631 7223.12 -274.819 0 14
0 632 9985.74 6058.51 0 14
0 633 4583.31 -1113.91 0 14
0 634 8317.81 -4216.15 0 14
0 635 3703.39 -4969.34 0 14
0 636 867.817 -3404.11 0 14
0 637 3457.54 -9393.97 0 14
0 638 3274.12 9591.21 0 14
0 639 -4040.57 7660.96 0 14
0 640 27.4003 732.76 0 14
0 641 8203.58 7249.51 0 14
0 642 1279.72 -536.684 0 14
0 643 -3285.2 630.561 0 14
0 644 -4226.65 9110.85 0 14
0 645 5641.04 9890.23 0 14
0 646 2295.49 -6758.14 0 14
0 647 -1750.92 9980.06 0 14
0 648 -3618.29 -1950.98 0 14
0 649 2988.1 -9812.43 0 14
0 650 538.259 -1389.18 0 14
0 651 -4307.38 -7120.53 0 14
0 652 -9578.36 -1309.93 0 14
0 653 9876.01 1046.82 0 14
0 654 -4539.01 -3619.4 0 14
0 655 212.808 -5528.83 0 14
0 656 -4093.55 -9762.84 0 14
0 657 -3913.1 -3632.81 0 14
0 658 9011.39 2503.51 0 14
0 659 4927.32 8092.05 0 14
0 660 9621.22 -6803.37 0 14
0 661 4792.42 -9346.42 0 14
0 662 2905.09 -2430.89 0 14
0 663 9057.74 -7853.69 0 14
0 664 -2594.09 8232.79 0 14
0 665 4626.82 1596.09 0 14
0 666 163.202 2793.96 0 14
0 667 -2355.62 -5056.13 0 14
0 668 9547.75 -6970.09 0 14
0 669 -7827.87 -911.417 0 14
0 670 -2162.45 6496.04 0 14
0 671 -4558.26 6271.39 0 14
0 672 -7865.86 9661.62 0 14
0 673 -9224.57 -3000.89 0 14
0 674 6198.98 -178.341 0 14
0 675 -2196.04 -2019.76 0 14
0 676 8642.06 5396.18 0 14
0 677 -8340.28 4201.44 0 14
0 678 5024.23 5034.85 0 14
0 679 5253.9 -5807.18 0 14
0 680 -1686.2 7262.16 0 14
0 681 -5720.97 2889.31 0 14
0 682 -6288.8 -9467.02 0 14
0 683 6513.25 9412.19 0 14
0 684 3216.66 -1174.68 0 14
0 685 -2925.24 653.118 0 14
0 686 1472.6 2878.66 0 14
0 687 -1890.03 -2634.03 0 14
0 688 9624.33 6250.45 0 14
0 689 3315.74 -5576.94 0 14
0 690 6125.33 -5561.25 0 14
0 691 -1727.88 -1463.01 0 14
0 692 -1408.91 4066.46 0 14
0 693 -5303.66 6323.66 0 14
0 694 -9596.26 -1922.94 0 14
0 695 -4621.7 -896.623 0 14
0 696 -1952 5375.86 0 14
0 697 -8403.41 9803.75 0 14
0 698 -3627.71 523.369 0 14
0 699 -8828.95 4556.33 0 14
0 700 -6113.89 4861 0 14
0 701 -4350.39 9983 0 14
0 702 3858.21 2518.28 0 14
0 703 -3993.35 -4512.2 0 14
0 704 -5991.37 -4440.78 0 14
0 705 5192.21 3271.95 0 14
0 706 -318.473 6655.77 0 14
0 707 5607.77 -6220.21 0 14
0 708 -2239.07 -5565.77 0 14
0 709 -769.487 3269.48 0 14
0 710 4831.13 -8956.13 0 14
0 711 -1524.09 9590.51 0 14
0 712 8264.48 5226.57 0 14
0 713 4729.65 7318.23 0 14
0 714 1045.56 6184.23 0 14
0 715 4530.72 -5914.34 0 14
0 716 -47.7859 -6019.05 0 14
0 717 2249.02 4102.54 0 14
0 718 6473.19 9717.02 0 14
0 719 -8780.15 -9547.91 0 14
0 720 4761.16 4649.1 0 14
0 721 -3308.17 1942.07 0 14
0 722 719.356 1154.53 0 14
0 723 -7232.28 9998.71 0 14
0 724 749.852 -2688.4 0 14
0 725 -1048.74 -6159.6 0 14
0 726 3267.1 7651.47 0 14
0 727 -4293.17 8292 0 14
0 728 1271.49 -4488.55 0 14
0 729 -9191.84 -7400.22 0 14
0 730 4478.42 8200.9 0 14
0 731 -7319.09 -7248.74 0 14
0 732 8540.27 -2025.49 0 14
0 733 -4140.65 -5752.38 0 14
0 734 -2045.03 9094.05 0 14
0 735 -7191.33 -7183.41 0 14
0 736 -6335.71 -5904.5 0 14
0 737 7264.84 7469.21 0 14
0 738 2598.61 7974.88 0 14
0 739 4930.98 -7222 0 14
0 740 8513.39 -9799.92 0 14
0 741 -7293.73 -8318.77 0 14
0 742 -9519.38 -1485.17 0 14
0 743 -2237.55 1571.67 0 14
0 744 -7932.53 2529.41 0 14
0 745 6021.62 7857.7 0 14
0 746 -1506.02 9082.41 0 14
0 747 -5104.14 -4056.06 0 14
0 748 1844.36 4276.18 0 14
0 749 366.675 -3103.39 0 14
0 750 -2467.12 1668.8 0 14
0 751 -8.93484 3924.15 0 14
0 752 593.813 -6531.91 0 14
0 753 -8323.21 7259.17 0 14
0 754 -3741.63 -6717.61 0 14
0 755 2140.46 -7625.65 0 14
0 756 4168.44 6393.43 0 14
0 757 1682.56 -495.516 0 14
0 758 -5008.06 -5261.22 0 14
0 759 2444.69 -8444.69 0 14
0 760 -2355.69 5385.86 0 14
0 761 -9195.44 3252.5 0 14
0 762 -2219.58 -9103.15 0 14
0 763 -374.357 166.844 0 14
0 764 6999.54 3263.23 0 14
0 765 9002.38 5325.31 0 14
0 766 -4469.16 303.426 0 14
0 767 -1522.86 -3195.84 0 14
0 768 5451.99 7865.58 0 14
0 769 1967.53 8176.78 0 14
0 770 4969.86 6638.56 0 14
0 771 -2406.75 939.351 0 14
0 772 -7882.49 -6671.12 0 14
0 773 -6525.04 1761.55 0 14
0 774 -1721.99 7801.14 0 14
0 775 -754.13 426.514 0 14
0 776 1063.84 3736 0 14
0 777 5072.98 -6622.1 0 14
0 778 -6493.61 3073.21 0 14
0 779 -2528.27 -2087.02 0 14
0 780 -3387.24 -9904.77 0 14
0 781 3560.66 4592.33 0 14
0 782 7814.06 6094.17 0 14
0 783 2407.19 2399.69 0 14
0 784 -3099.82 1118.58 0 14
0 785 4498.37 -2016.48 0 14
0 786 -4643.03 -3177.07 0 14
0 787 3052.89 -7360.36 0 14
0 788 8717.72 -3031.3 0 14
0 789 188.929 7369.66 0 14
0 790 -1658.62 5749.48 0 14
0 791 -3074.86 2161.47 0 14
0 792 -7344.25 4514.61 0 14
0 793 -3491.38 6704.24 0 14
0 794 3044.6 -1082.52 0 14
0 795 -7713.04 -4632.77 0 14
0 796 8435.81 -1965.3 0 14
0 797 -8893.71 2901.06 0 14
0 798 4043.84 -2564.28 0 14
0 799 3168.6 -8400.09 0 14
0 800 7304.97 -6377.54 0 14
0 801 -1519.14 9599.92 0 14
0 802 -1395.12 -6199.84 0 14
0 803 442.388 -4978.51 0 14
0 804 2432.74 -3831.19 0 14
0 805 -5180.9 -9222.73 0 14
0 806 -2021.5 4171.02 0 14
0 807 6155.75 2418.14 0 14
0 808 7473.38 8922.43 0 14
0 809 -7858.24 3245.25 0 14
0 810 1088.9 -2804.82 0 14
0 811 -6284.88 -3716.36 0 14
0 812 9453.34 -5471.99 0 14
0 813 -1604.08 -6177.62 0 14
0 814 -2527.13 -280.623 0 14
0 815 1949.36 8434.49 0 14
0 816 9686.46 -5695.29 0 14
0 817 3472.37 -9425.89 0 14
0 818 5232.91 -8158.59 0 14
0 819 2693.13 2733.63 0 14
0 820 -8306.13 482.96 0 14
0 821 -4297.62 -637.383 0 14
0 822 -840.732 -3736.47 0 14
0 823 -3597.19 -9465.56 0 14
0 824 -5257.93 3485.63 0 14
0 825 5496.66 -8101.35 0 14
0 826 -5654.75 -8514.33 0 14
0 827 7228.66 -9937.18 0 14
0 828 2660.79 5217.27 0 14
0 829 9776.45 -3557.97 0 14
0 830 8549.12 3730.04 0 14
0 831 -5997.35 833.022 0 14
0 832 -3913.96 -9881.03 0 14
0 833 9592.44 3671.62 0 14
0 834 5144.44 -7186.35 0 14
0 835 -3084.32 -1376.38 0 14
0 836 -5440.95 -4484.96 0 14
0 837 -7439.69 6154.31 0 14
0 838 -9417.91 -9521.93 0 14
0 839 -5434.9 4712.36 0 14
0 840 5311.49 -6529.39 0 14
0 841 -9730.39 -9849.85 0 14
0 842 3578.98 7984.11 0 14
0 843 -7993.69 -3362.53 0 14
0 844 9063.56 2477.54 0 14
0 845 -9945.85 -7423.97 0 14
0 846 3305.69 -9310.34 0 14
0 847 -2204.45 -7990.82 0 14
0 848 -484.692 -8023.65 0 14
0 849 5249.77 8951.58 0 14
0 850 1364.8 -1227.88 0 14
0 851 552.932 -9843.71 0 14
0 852 4373.87 5134.35 0 14
0 853 -2046.62 8256.12 0 14
0 854 2903.09 3318.54 0 14
0 855 -4310.87 1539.12 0 14
0 856 6986.52 7099.32 0 14
0 857 936.788 5455.58 0 14
0 858 5680.4 -6107.99 0 14
0 859 2806.28 6560.41 0 14
0 860 -1168.14 -310.506 0 14
0 861 39.6185 9611.14 0 14
0 862 -5535.39 1016.99 0 14
0 863 7218.2 -3599.31 0 14
0 864 9028.79 620.996 0 14
0 865 -2242.3 4040.96 0 14
0 866 -4388.83 -9314.6 0 14
0 867 1846.69 9573.56 0 14
0 868 6928.94 -7649.88 0 14
0 869 -4011.62 5347.87 0 14
0 870 977.008 -2501.81 0 14
0 871 -1893.04 3576.43 0 14
0 872 -1299.96 -1227.8 0 14
0 873 -1308.34 -4565.04 0 14
0 874 2341.32 7264.39 0 14
0 875 4485.92 3307.38 0 14
0 876 693.791 -1387.9 0 14
0 877 -8709.7 -6553.34 0 14
0 878 -2094.39 45.4745 0 14
0 879 5361.27 -6178.36 0 14
0 880 7789.91 1018.04 0 14
0 881 5963.59 -7207.5 0 14
0 882 9784.47 -129.243 0 14
0 883 625.412 -2043.3 0 14
0 884 -2132.86 -6182.01 0 14
0 885 142.73 -5852.3 0 14
0 886 7397.77 -9787.22 0 14
0 887 -2473.81 -768.073 0 14
0 888 4998.71 -7056.6 0 14
0 889 5068.9 -8915.91 0 14
0 890 -7287.52 6379.58 0 14
0 891 -2011.08 4047.37 0 14
0 892 3115.09 8773.37 0 14
0 893 8826.24 -3456.31 0 14
0 894 3043.96 -4182.68 0 14
0 895 9865.71 6307.97 0 14
0 896 -6951.36 -9928.66 0 14
0 897 -5083.85 6099.97 0 14
0 898 -1372.82 855.564 0 14
0 899 9375.77 1293.18 0 14
0 900 -2937.45 8969.54 0 14
0 901 9110.61 -9038.52 0 14
0 902 509.064 -7522.46 0 14
0 903 7772.58 3710.35 0 14
0 904 8926.91 4350.6 0 14
0 905 -3329.78 3939 0 14
0 906 -432.122 2973.18 0 14
0 907 6009.62 -3187.27 0 14
0 908 -1771.49 -2409.6 0 14
0 909 5227.07 -6823.44 0 14
0 910 -7958.29 -4734.77 0 14
0 911 5245.25 -4669.65 0 14
0 912 9226.78 -6155.59 0 14
0 913 5936.21 729.139 0 14
0 914 6102.02 -7532.84 0 14
0 915 7265.87 1050.8 0 14
0 916 -9552.74 4001.23 0 14
0 917 -6443.25 -1849.98 0 14
0 918 5003.9 -5980.74 0 14
0 919 7785.2 1213.57 0 14
0 920 1038.6 -9130.71 0 14
0 921 -3798.65 -4594.89 0 14
0 922 -4074.46 -919.862 0 14
0 923 2695.11 1307.04 0 14
0 924 -3835.51 8466.67 0 14
0 925 9848.99 -8439.05 0 14
0 926 -6365.2 6971.36 0 14
0 927 9672.37 3727.39 0 14
0 928 9307.59 -7851.18 0 14
0 929 9575.27 5040.69 0 14
0 930 -7588.92 7276.98 0 14
0 931 7735.01 -5466.17 0 14
0 932 1081.74 6332.65 0 14
0 933 -6169.52 2880.07 0 14
0 934 -8362.48 -4671.4 0 14
0 935 -2017.5 9075.67 0 14
0 936 -998.927 2273.75 0 14
0 937 5223.52 5364.79 0 14
0 938 5401.9 2665.68 0 14
0 939 924.236 4763.47 0 14
0 940 -6522.64 75.194 0 14
0 941 5924.65 6987.48 0 14
0 942 2255.76 -2621.85 0 14
0 943 -4135.13 5774.45 0 14
0 944 -3139.73 9472.96 0 14
0 945 3428.21 7118.15 0 14
0 946 -4293.09 -6916.17 0 14
0 947 2934.57 3757.86 0 14
0 948 9144.23 -8047.83 0 14
0 949 -9840.34 5408.15 0 14
0 950 8975.51 799.628 0 14
0 951 6977.96 6375.95 0 14
0 952 4309.85 7353.19 0 14
0 953 9155.87 -7771.56 0 14
0 954 -1938.95 -9662.94 0 14
0 955 3553.08 -3269.63 0 14
0 956 5119.1 -8218.22 0 14
0 957 7336.96 6716.62 0 14
0 958 2471.39 -6574.07 0 14
0 959 1410.15 -5463.22 0 14
0 960 3056.95 5754.89 0 14
0 961 1171.47 -5225.85 0 14
0 962 -2343.98 6505.6 0 14
0 963 3895.67 9699.79 0 14
0 964 5612.85 3676.53 0 14
0 965 -2475.11 -7256.77 0 14
0 966 -184.581 5107.88 0 14
0 967 9528.27 -6782.69 0 14
0 968 8073.32 -4937.73 0 14
0 969 -9671.79 -9458.07 0 14
0 970 -93.5957 -1552.3 0 14
0 971 5234.41 -1525.22 0 14
0 972 -6791.22 -1406.6 0 14
0 973 1726.79 -881.06 0 14
0 974 1584.04 -2667.1 0 14
0 975 1038.49 9643.93 0 14
0 976 7070.26 4452.65 0 14
0 977 -2102.52 -6946.14 0 14
0 978 704.667 -1737.4 0 14
0 979 -7616.49 2169.39 0 14
0 980 1212.48 9069.78 0 14
0 981 2980.31 8494.01 0 14
0 982 -3699.79 -4318.14 0 14
0 983 -1947.17 -9144.93 0 14
0 984 4080.95 -6571.79 0 14
0 985 -8742.55 -8318.16 0 14
0 986 -4812.7 5670.31 0 14
0 987 2864.79 1635 0 14
0 988 -3662.18 4087.73 0 14
0 989 9154.31 3426.92 0 14
0 990 -4945.73 890.957 0 14
0 991 681.612 -4903.7 0 14
0 992 7365.84 -2125.8 0 14
0 993 8860.76 -271.873 0 14
0 994 818.946 4230.03 0 14
0 995 5515.69 -4954.6 0 14
0 996 -7169.11 -2915.2 0 14
0 997 -6113.07 -7665.64 0 14
0 998 1614.41 -2284.91 0 14
0 999 6063.29 -4988.05 0 14
0 1000 6710.56 4237.39 0 14
0 1001 -338.417 5764.44 0 14
0 1002 -1738.42 -5862.64 0 14
0 1003 1177.73 5780.69 0 14
0 1004 -7519.55 -7278.53 0 14
0 1005 -9378.43 -1072.04 0 14
0 1006 -6483.97 7887.22 0 14
0 1007 -7285.38 -293.611 0 14
0 1008 -5791.11 9175 0 14
0 1009 -2366.44 6617.17 0 14
0 1010 -2336.42 -7673.43 0 14
0 1011 6651.16 -8172.91 0 14
0 1012 -6470.82 1704.13 0 14
0 1013 -4608.7 6923.16 0 14
0 1014 -747.642 -8398.31 0 14
0 1015 -6343.29 9351.47 0 14
0 1016 8319.86 3068.47 0 14
0 1017 7419.95 -6616.28 0 14
0 1018 2741.34 6213.16 0 14
0 1019 -9550.88 -7414.48 0 14
0 1020 -118.017 -2110.33 0 14
0 1021 3581.46 -590.112 0 14
0 1022 6108.79 -6193.42 0 14
0 1023 -5482.89 703.324 0 14
0 1024 926.946 6642.13 0 14
0 1025 -5841.57 -4624.22 0 14
0 1026 -3100.91 7934.4 0 14
0 1027 8364.06 1142.71 0 14
0 1028 5572.47 -2338.97 0 14
0 1029 2884.95 -9850.69 0 14
0 1030 7426.94 -8553.16 0 14
0 1031 -9251.76 -9005.08 0 14
0 1032 900.585 107.534 0 14
0 1033 -8984.63 8474.91 0 14
0 1034 -3784.64 4907.96 0 14
0 1035 -8266.83 3747.2 0 14
0 1036 -6088.49 6498.04 0 14
1200 37 5776.01 -3723.43 0 14
1200 38 -6929.44 -4978.88 0 14
1200 39 -7046.08 -6934.2 0 14
1200 40 6356.41 -2459.33 0 14
1200 41 5311.03 -7317.56 0 14
1200 42 -5830 9360.31 0 14
1200 43 -7163.82 5932.44 0 14
1200 44 6917.07 1162.03 0 14
1200 45 1970.24 -5092.32 0 14
1200 46 -652.807 -4667.99 0 14
1200 47 -1368.42 -1698.61 0 14
1200 48 4657.25 -7452.53 0 14
1200 49 3083.42 2843.65 0 14
1200 50 5000.59 -6743 0 14
1200 51 2490.71 -2117 0 14
1200 52 -2304.27 -2794.26 0 14
1200 53 -4254.74 -9136.61 0 14
1200 54 -8547.34 -5159.25 0 14
1200 55 1423.85 9552.13 0 14
1200 56 -5715.2 -1759 0 14
1200 57 -4359.61 -7592.59 0 14
1200 58 3942.81 5097.39 0 14
1200 59 9856.63 -6273.47 0 14
1200 60 -7934.88 -5422.22 0 14
1200 61 1493.58 -3459.75 0 14
1200 62 4423.34 -8204.35 0 14
1200 63 -8614.6 404.098 0 14
1200 64 3357.04 2753.71 0 14
1200 65 1576.5 589.58 0 14
1200 66 3935.4 4759.45 0 14
1200 67 -4274.89 -8191.27 0 14
1200 68 268.593 6898.82 0 14
1200 69 2159.15 -4129.83 0 14
1200 70 -1576.72 9691.01 0 14
1200 71 -2670.49 -4782.95 0 14
1200 72 1478.89 6818.95 0 14
1200 73 221.707 -3783.92 0 14
1200 74 -3442.79 2843.55 0 14
1200 75 -5106.95 6273.79 0 14
1200 76 -8560.12 -4621.3 0 14
1200 77 90.5277 9024.06 0 14
1200 78 8249.13 272.889 0 14
1200 79 8415.03 7391.53 0 14
1200 80 -2566.63 3779.84 0 14
1200 81 -3360.92 619.238 0 14
1200 82 -9874.6 -5636.14 0 14
1200 83 1473.31 -6980.73 0 14
1200 84 6412.91 6626.17 0 14
1200 85 -8121.37 6372.21 0 14
1200 86 -3272.22 1628.08 0 14
1200 87 -1806.55 4727.91 0 14
1200 88 -2758.28 -1748.47 0 14
1200 89 6548.16 6508.44 0 14
1200 90 4498.81 -7135.85 0 14
1200 91 8384.09 -2978.31 0 14
1200 92 608.596 -5351.09 0 14
1200 93 -975.063 6214.93 0 14
1200 94 -5177.73 2123.11 0 14
1200 95 -2535.9 -3648.31 0 14
1200 96 9369.65 3348.67 0 14
1200 97 9015.99 4511.64 0 14
1200 98 -3233.7 6591.66 0 14
1200 99 5804.48 -2131.28 0 14
1200 100 -8891.35 -6976.28 0 14
1200 101 -7688.6 -6703.19 0 14
1200 102 -2226.03 468.449 0 14
1200 103 712.66 -7757.68 0 14
1200 104 630.228 1668.2 0 14
1200 105 -5322.39 7430 0 14
1200 106 -6202.5 7274.89 0 14
1200 107 5594.74 2853.45 0 14
1200 108 -164.963 -1006.77 0 14
1200 109 8127.34 4040.02 0 14
1200 110 937.534 666.934 0 14
1200 111 -7242.88 5640.92 0 14
1200 112 5383.96 -6426.54 0 14
1200 113 -8642.24 4963.41 0 14
1200 114 -6145.79 9541.79 0 14
1200 115 -6432 6123.18 0 14
1200 116 9736.01 5728.42 0 14
1200 117 -5477.71 -3201.03 0 14
1200 118 -3709.37 2132.2 0 14
1200 119 -9798.74 1245.25 0 14
1200 120 -1629.89 3033.87 0 14
1200 121 -6227.16 9819.53 0 14
1200 122 -6221.34 -6953 0 14
1200 123 1586.98 -5484.02 0 14
1200 124 -7838.01 7702.9 0 14
1200 125 -9891.76 1695.74 0 14
1200 126 -3129.32 4893.48 0 14
1200 127 629.084 -577.515 0 14
1200 128 -5099.99 -4951.87 0 14
1200 129 -9166.4 -8394.07 0 14
1200 130 9114.12 -7109.69 0 14
1200 131 -7423.08 -2791.51 0 14
1200 132 2616.55 -3345.54 0 14
1200 133 679.83 6687.48 0 14
1200 134 1707.64 -3456.64 0 14
1200 135 1473.9 6125.85 0 14
1200 136 -5112.69 7894 0 14
1200 137 -9878.94 -7455.93 0 14
1200 138 -3130.39 -4045.25 0 14
1200 139 2492.38 2413.38 0 14
1200 140 6187.27 8922.17 0 14
1200 141 4560.64 4578.19 0 14
1200 142 -141.208 8738.14 0 14
1200 143 -2512.85 -3385.89 0 14
1200 144 -8542.67 2677.88 0 14
1200 145 -220.597 124.839 0 14
1200 146 8523.25 -1991.77 0 14
1200 147 7951.59 8970.69 0 14
1200 148 743.668 8431.15 0 14
1200 149 1337.55 9637.62 0 14
1200 150 -7621.95 5846.53 0 14
1200 151 -391.693 264.498 0 14
1200 152 -7811.88 7728.28 0 14
1200 153 4493.07 -5810.04 0 14
1200 154 -5441.17 2621.85 0 14
1200 155 7286.87 5034.11 0 14
1200 156 -4025.64 1532.49 0 14
1200 157 -8157.98 -8067.44 0 14
1200 158 2520.89 -7609.18 0 14
1200 159 -9040.74 -9279.93 0 14
1200 160 9495.15 -4088.78 0 14
1200 161 -7325.26 -2408.55 0 14
1200 162 -8324.24 5669.9 0 14
1200 163 6766.34 1857.43 0 14
1200 164 -1332.16 6879.31 0 14
1200 165 4500.37 9368.42 0 14
1200 166 -8973.44 9215.94 0 14
1200 167 9462.13 4055.34 0 14
1200 168 -5345.52 -1451.61 0 14
1200 169 -4536.55 -7398.25 0 14
1200 170 -2681.16 -8680.54 0 14
1200 171 -7596.94 -1049.21 0 14
1200 172 -8978.54 -1269.9 0 14
1200 173 7724.63 -8392.5 0 14
1200 174 -5254.37 -6003.95 0 14
1200 175 3212.36 -8674.55 0 14
1200 176 -9504.18 3522.8 0 14
1200 177 1604.9 5801.5 0 14
1200 178 3860.81 -8444.6 0 14
1200 179 -7193.85 -9268.68 0 14
1200 180 -3139.05 8089.6 0 14
1200 181 6336.75 -4714.23 0 14
1200 182 8316.66 5105.97 0 14
1200 183 6785 -7389.51 0 14
1200 184 9396.57 -5648.92 0 14
1200 185 -7082.5 5437.48 0 14
1200 186 4636.22 7250.3 0 14
1200 187 5372.68 -6401.72 0 14
1200 188 -2153.68 -8559.11 0 14
1200 189 5049.07 3267.16 0 14
1200 190 -7015.06 4388.7 0 14
1200 191 9607.62 -3572.32 0 14
1200 192 -8391.95 8636.12 0 14
1200 193 3971.08 -3545.83 0 14
1200 194 -3648.44 -9465.4 0 14
1200 195 5255.76 -8547 0 14
1200 196 4526.43 1736.86 0 14
1200 197 9613.5 -10.6149 0 14
1200 198 4653.56 -5374.19 0 14
1200 199 3033.7 6573.43 0 14
1200 200 -7730.63 -1244.2 0 14
1200 201 -5183.45 5294.2 0 14
1200 202 -7284.32 -4023.87 0 14
1200 203 -2597.62 -5352.4 0 14
1200 204 -9567.34 377.916 0 14
1200 205 6529.42 -4171.72 0 14
1200 206 -3048.36 -9278.28 0 14
1200 207 9495.53 -3783.9 0 14
1200 208 -1371.85 7520.64 0 14
1200 209 6580.8 9052.89 0 14
1200 210 -2259.89 -7156.19 0 14
1200 211 -7097.17 9609.69 0 14
1200 212 7357 -1136.32 0 14
1200 213 6003.11 2688.74 0 14
1200 214 -4023.03 -5095.98 0 14
1200 215 -749.396 5933.76 0 14
1200 216 -3032.77 -9493.31 0 14
1200 217 4812.66 -2380.45 0 14
1200 218 -4235.63 -8863.31 0 14
1200 219 7402.13 -3434.13 0 14
1200 220 2929.61 2261.97 0 14
1200 221 -8313.31 551.917 0 14
1200 222 1425.33 -5877.29 0 14
1200 223 1929.3 -5994.57 0 14
1200 224 1669.04 2208.12 0 14
1200 225 -2985.18 4295.69 0 14
1200 226 4534.59 9671.09 0 14
1200 227 -1635.22 -1788.72 0 14
1200 228 -8936.31 7419.55 0 14
1200 229 -8578.94 4113.49 0 14
1200 230 -3188.6 -4482.63 0 14
1200 231 -5183.99 -3706.59 0 14
1200 232 -8076 1651.19 0 14
1200 233 -1015.9 9917.97 0 14
1200 234 -9384.34 3103.6 0 14
1200 235 3326.89 3678.99 0 14
1200 236 3811.11 -7153.8 0 14
1200 237 2276.18 5534.53 0 14
1200 238 4003.47 8762.59 0 14
1200 239 7510.47 -6141.55 0 14
1200 240 1481.83 -4945.26 0 14
1200 241 -183.251 5738.75 0 14
1200 242 7758.8 4115.76 0 14
1200 243 9840.16 -3761.96 0 14
1200 244 9673.31 -701.293 0 14
1200 245 3965.99 965.082 0 14
1200 246 5972.21 6556.25 0 14
1200 247 2369.96 3330.86 0 14
1200 248 -9834.48 760.389 0 14
1200 249 -6370.49 4663.41 0 14
1200 250 1938.25 4678.8 0 14
1200 251 1715.29 -6377 0 14
1200 252 1292.23 355.139 0 14
1200 253 -7729.81 -2958.45 0 14
1200 254 1744.41 3311.63 0 14
1200 255 -1628.98 5482.6 0 14
1200 256 -564.069 1692.57 0 14
1200 257 -1937.15 104.681 0 14
1200 258 6460.02 8813.79 0 14
1200 259 -4827.84 7504.56 0 14
1200 260 -171.492 -2868.39 0 14
1200 261 5229.98 6713.81 0 14
1200 262 -199.871 -502.766 0 14
1200 263 3614.5 -6667.27 0 14
1200 264 -7280.17 5387 0 14
1200 265 -5363.09 -6840.89 0 14
1200 266 -3240.25 8760.2 0 14
1200 267 4389.68 7041.86 0 14
1200 268 -9803.59 -8425.96 0 14
1200 269 -823.137 -9062.4 0 14
1200 270 6700.26 8820.97 0 14
1200 271 8372.46 -2470.17 0 14
1200 272 3215.59 1089.35 0 14
1200 273 -5687.52 9574.84 0 14
1200 274 9082.39 -8680.79 0 14
1200 275 -6593.7 -9164.65 0 14
1200 276 -755.596 2496.71 0 14
1200 277 2616.84 -7773.38 0 14
1200 278 -8781.88 -2026.72 0 14
1200 279 -1105.03 6804.67 0 14
1200 280 -6374.64 7179.55 0 14
1200 281 8997.93 -9311.58 0 14
1200 282 -4404.35 566.947 0 14
1200 283 -5332.41 710.133 0 14
1200 284 -4938.89 -4789.2 0 14
1200 285 -9146.13 8480.57 0 14
1200 286 7013.94 2417.95 0 14
1200 287 1847.04 -4823.84 0 14
1200 288 -5199.63 -1978.56 0 14
1200 289 6392.62 -9248.51 0 14
1200 290 -6580.01 7895.57 0 14
1200 291 6598.74 -8267.39 0 14
1200 292 4748.72 5757.53 0 14
1200 293 1437.48 9450.49 0 14
1200 294 -9827.98 -9365.42 0 14
1200 295 -57.2011 8137.98 0 14
1200 296 -9123.49 -1606.82 0 14
1200 297 4330.75 -3244.26 0 14
1200 298 9718.97 1144.83 0 14
1200 299 4993.17 5494.27 0 14
1200 300 3872.99 8635.55 0 14
1200 301 7651.87 9793.58 0 14
1200 302 6497.94 -5513.57 0 14
1200 303 -4642.96 -1939.2 0 14
1200 304 5228.08 -7972.29 0 14
1200 305 7828.36 4590.34 0 14
1200 306 9952.84 1876.51 0 14
1200 307 7717.12 -1053.11 0 14
1200 308 1556.55 349.238 0 14
1200 309 -603.178 6167.08 0 14
1200 310 -6802.95 -8692.99 0 14
1200 311 2686.64 -6523 0 14
1200 312 9521.94 -385.484 0 14
1200 313 5627.5 -1045.91 0 14
1200 314 -2933.61 -6245.38 0 14
1200 315 -8631.05 -3016.65 0 14
1200 316 -7874.67 -1123.68 0 14
1200 317 -8381.75 3698.88 0 14
1200 318 3386.58 2991.66 0 14
1200 319 -7873.87 -5335.08 0 14
1200 320 3147.84 2632.88 0 14
1200 321 -140.099 1350.51 0 14
1200 322 -3775.01 -733.247 0 14
1200 323 3781.52 -1323.66 0 14
1200 324 7664.24 5234.81 0 14
1200 325 -9164.35 -4495.07 0 14
1200 326 271.01 995.434 0 14
1200 327 2284.53 2667.69 0 14
1200 328 -5781.92 7423.59 0 14
1200 329 -590.597 -7705.69 0 14
1200 330 -5491.04 -2852.09 0 14
1200 331 -7375.25 8473.68 0 14
1200 332 -3247.96 8117.58 0 14
1200 333 8599.4 1384.32 0 14
1200 334 9643.05 -1396.5 0 14
1200 335 -4750.24 9400.73 0 14
1200 336 2299.44 -1830.5 0 14
1200 337 89.5591 -7315.44 0 14
1200 338 1233.69 -4241.32 0 14
1200 339 327.284 282.951 0 14
1200 340 5716.67 -5149.34 0 14
1200 341 5326.36 -812.226 0 14
1200 342 -4273.9 7688.82 0 14
1200 343 8675.59 5293.34 0 14
1200 344 -3829.74 7514.49 0 14
1200 345 -8027.18 -2570.33 0 14
1200 346 7743.81 8411.56 0 14
1200 347 2306.56 7468.9 0 14
1200 348 5430.89 2293.63 0 14
1200 349 5661.55 4792.71 0 14
1200 350 -4682.58 -5725.36 0 14
1200 351 4589.25 8234.66 0 14
1200 352 -893.472 8964.07 0 14
1200 353 -4396.9 6456.96 0 14
1200 354 -3977.76 2644.82 0 14
1200 355 6152.38 -2072.96 0 14
1200 356 1471.65 5772.74 0 14
1200 357 6353.78 -7366.65 0 14
1200 358 -9502.55 -4108.17 0 14
1200 359 -1933.1 3607.28 0 14
1200 360 8691.06 -3412.04 0 14
1200 361 8517.87 9882.04 0 14
1200 362 -8206.91 -942.289 0 14
1200 363 7614.45 1793.42 0 14
1200 364 -1140.93 -1420 0 14
1200 365 4270.9 5526.18 0 14
1200 366 -3802.64 -2365.36 0 14
1200 367 -2777.14 -464.718 0 14
1200 368 4011.73 -9735.32 0 14
1200 369 9237.66 -6023.57 0 14
1200 370 -114.672 9211.1 0 14
1200 371 7543.36 -2950.8 0 14
1200 372 4827.07 4030.46 0 14
1200 373 7481.28 7927.84 0 14
1200 374 -8052.04 -4977.83 0 14
1200 375 -734.599 -6061.93 0 14
1200 376 -4564.67 7807.92 0 14
1200 377 6858.65 -1138.86 0 14
1200 378 -652.142 -106.815 0 14
1200 379 2683.34 7793.34 0 14
1200 380 -4474.02 -4436.74 0 14
1200 381 -1508.18 9426.87 0 14
1200 382 9250.1 -708.251 0 14
1200 383 6827.2 9525.41 0 14
1200 384 4894.91 5773.75 0 14
1200 385 -8463.65 -7225.74 0 14
1200 386 -4143.05 -1262.92 0 14
1200 387 -1423.85 -2118.31 0 14
1200 388 8001.78 -6052.28 0 14
1200 389 6730.61 -4453.56 0 14
1200 390 7745.21 2437.69 0 14
1200 391 5314.33 -569.779 0 14
1200 392 -8709.71 -2180.14 0 14
1200 393 955.386 -5707.82 0 14
1200 394 -6886.89 -7848.18 0 14
1200 395 6852.51 -7841.63 0 14
1200 396 -9081.94 -2101.86 0 14
1200 397 9217.88 3703.76 0 14
1200 398 3763.53 -7129.6 0 14
1200 399 -7982.74 -8141.51 0 14
1200 400 535.675 5782.04 0 14
1200 401 -5670.27 6865.94 0 14
1200 402 -7150.4 -1136.26 0 14
1200 403 -9454.76 6810.99 0 14
1200 404 -3450.77 -194.574 0 14
1200 405 -500.047 -3521.47 0 14
1200 406 -8035.16 -3693.9 0 14
1200 407 -6023.31 8629.8 0 14
1200 408 90.5797 1774.97 0 14
1200 409 -7150.83 -1026 0 14
1200 410 9481.61 -8799.49 0 14
1200 411 5194.91 -6936.74 0 14
1200 412 -1699.11 6359.21 0 14
1200 413 -2401.54 2290.5 0 14
1200 414 -6894.91 -4744.06 0 14
1200 415 -1278.95 927.431 0 14
1200 416 8521.6 742.958 0 14
1200 417 1387.81 9284.94 0 14
1200 418 -2078.74 718.415 0 14
1200 419 -4617.94 7873.11 0 14
1200 420 -9258.95 6959.93 0 14
1200 421 -1378.72 -1306.03 0 14
1200 422 -6297.44 -6271.09 0 14
1200 423 1282.91 -9010.06 0 14
1200 424 5320.32 1788.66 0 14
1200 425 881.932 2865.92 0 14
1200 426 2309.43 6535 0 14
1200 427 7647.95 -9520.73 0 14
1200 428 9006.75 -7325.65 0 14
1200 429 7399.16 -106.866 0 14
1200 430 2455.87 -3014.17 0 14
1200 431 4719.98 -9163.1 0 14
1200 432 1565.08 -5496.85 0 14
1200 433 -9307.37 9124.98 0 14
1200 434 -7235.37 9643.55 0 14
1200 435 2922.96 -3111.25 0 14
1200 436 8120.24 -2199.14 0 14
1200 437 919.548 -7635.52 0 14
1200 438 -799.529 6102.64 0 14
1200 439 2106.37 -5846.37 0 14
1200 440 5947.15 3121.12 0 14
1200 441 9253.49 268.763 0 14
1200 442 6457.19 -3134.39 0 14
1200 443 -8230.07 5575.64 0 14
1200 444 -760.469 3935.09 0 14
1200 445 -4977.41 -5970.61 0 14
1200 446 -7828.45 -5852.47 0 14
1200 447 4150.4 7941.22 0 14
1200 448 5395 9065.31 0 14
1200 449 -5210.86 -4491 0 14
1200 450 5279.78 -5948.17 0 14
1200 451 -3205.8 -3948.14 0 14
1200 452 -6125.39 9821.07 0 14
1200 453 7113.35 4295.14 0 14
1200 454 -604.928 -300.61 0 14
1200 455 8791.13 -1299.11 0 14
1200 456 -7265.77 -3897.54 0 14
1200 457 4203.05 -5396.76 0 14
1200 458 -8520.91 9804.58 0 14
1200 459 -8467.3 -3629 0 14
1200 460 -7200.87 -1061.58 0 14
1200 461 -456.227 -424.896 0 14
1200 462 4215.77 -799.6 0 14
1200 463 1041.13 3053.59 0 14
1200 464 -8273.75 -7940.05 0 14
1200 465 9887.47 -759.571 0 14
1200 466 -1219.64 -2604.54 0 14
1200 467 -2097.32 4756.66 0 14
1200 468 -1098.12 2167.7 0 14
1200 469 -7377.97 6689.5 0 14
1200 470 4327.78 -9360.22 0 14
1200 471 -8774.65 -2382.88 0 14
1200 472 -1033.39 -9917.84 0 14
1200 473 2449.74 7746.16 0 14
1200 474 -3415.96 -6843.75 0 14
1200 475 -9836.62 -8395.76 0 14
1200 476 -8061.44 4826.13 0 14
1200 477 8825.25 -8877.14 0 14
1200 478 6045.71 141.526 0 14
1200 479 7983.67 1268.16 0 14
1200 480 -9738.88 1066.34 0 14
1200 481 -8473.55 5334.32 0 14
1200 482 765.557 -3110.8 0 14
1200 483 -507.809 -4666.13 0 14
1200 484 -5853.02 -4702.19 0 14
1200 485 215.068 3251.86 0 14
1200 486 -1500.14 32.1996 0 14
1200 487 6750.09 -8452.15 0 14
1200 488 -3921.33 546.156 0 14
1200 489 1926.34 -4266.59 0 14
1200 490 -3361.69 7677.51 0 14
1200 491 7060.27 4569.7 0 14
1200 492 1478.1 5839.43 0 14
1200 493 2015.81 -4724.16 0 14
1200 494 -458.488 5845.3 0 14
1200 495 9109.57 9582.68 0 14
1200 496 -5923.34 12.7619 0 14
1200 497 -5585.25 444.196 0 14
1200 498 -8186.01 4096.17 0 14
1200 499 3977.57 2448.98 0 14
1200 500 -8421.99 -5864.66 0 14
1200 501 7162.35 3491.88 0 14
1200 502 5122.34 771.236 0 14
1200 503 8416.91 5338 0 14
1200 504 2379.22 -4251.45 0 14
1200 505 395.565 -8005.72 0 14
1200 506 -5335.68 -2264.18 0 14
1200 507 -215.472 8859.35 0 14
1200 508 -3552.73 -2621.11 0 14
1200 509 2337.67 6705.59 0 14
1200 510 -3867.89 2846.06 0 14
1200 511 -703.907 -9250.9 0 14
1200 512 2355.96 -3926.64 0 14
1200 513 7419.68 -2523.28 0 14
1200 514 3564.82 -346.956 0 14
1200 515 7566.35 -2207.53 0 14
1200 516 3994.9 1857.41 0 14
1200 517 723.542 233.067 0 14
1200 518 9454.42 -7311.92 0 14
1200 519 3872.77 5711.71 0 14
1200 520 -8655.6 -1696.3 0 14
1200 521 -8638.63 4476.06 0 14
1200 522 -9961.33 9081.83 0 14
1200 523 506.34 -4508.5 0 14
1200 524 7458.41 5026.2 0 14
1200 525 7397.57 5404.21 0 14
1200 526 2300.46 -5273.43 0 14
1200 527 -4539.05 9542.9 0 14
1200 528 6717.95 6345.67 0 14
1200 529 -5463.19 -9287.51 0 14
1200 530 1219.24 -3045.27 0 14
1200 531 -4159.18 672.131 0 14
1200 532 5016.17 -70.5433 0 14
1200 533 2713.82 -9579.64 0 14
1200 534 7560.69 -5398.96 0 14
1200 535 -980.497 -9542.27 0 14
1200 536 -4475.69 9034.95 0 14
1200 537 6383.51 8598.67 0 14
1200 538 -5896.43 -5320.15 0 14
1200 539 1640.27 9319.73 0 14
1200 540 -7092.66 11.0771 0 14
1200 541 5114.45 -3763.63 0 14
1200 542 -2987.86 -5594.43 0 14
1200 543 7060.19 -9913.54 0 14
1200 544 -2383.54 -9524.06 0 14
1200 545 -9403.28 7395.59 0 14
1200 546 615.821 -9070.57 0 14
1200 547 -7789.94 -2126.57 0 14
1200 548 3161.69 -1625.26 0 14
1200 549 1351.35 -1700.58 0 14
1200 550 7812.97 -3018.84 0 14
1200 551 7136.54 -4272.38 0 14
1200 552 5208.06 4642.69 0 14
1200 553 -5398.28 3210.22 0 14
1200 554 822.282 9784.05 0 14
1200 555 1079.56 6688.94 0 14
1200 556 -6643.74 -8722.38 0 14
1200 557 3560.49 -9299.51 0 14
1200 558 8547.6 -5335.86 0 14
1200 559 7687.16 -747.135 0 14
1200 560 -9275.99 -9492.26 0 14
1200 561 -6113.06 8422 0 14
1200 562 -2549.4 -1561.39 0 14
1200 563 4776.31 1688.04 0 14
1200 564 5922.42 9843.97 0 14
1200 565 -5836.23 -1969.42 0 14
1200 566 5497.08 864.736 0 14
1200 567 7983.46 4349.79 0 14
1200 568 3053.37 -8444.17 0 14
1200 569 -3100.44 -3543.35 0 14
1200 570 2508.54 6520.81 0 14
1200 571 5801.94 7393.52 0 14
1200 572 -1884.73 1397.57 0 14
1200 573 -8637.59 -4206.35 0 14
1200 574 3944.1 -8044.95 0 14
1200 575 -583.789 -1611.73 0 14
1200 576 -2180.3 8175.14 0 14
1200 577 882.471 5849.89 0 14
1200 578 -3978.72 -5601.59 0 14
1200 579 1158.05 2928.76 0 14
1200 580 -4272.2 -1650.44 0 14
1200 581 2181.07 -9034.59 0 14
1200 582 -8017.23 9934.99 0 14
1200 583 1403.32 -9566.8 0 14
1200 584 -2458.77 9098.79 0 14
1200 585 7049.61 -2672.83 0 14
1200 586 2911.23 5251.17 0 14
1200 587 5622.55 -1861.79 0 14
1200 588 -1651.4 9502.35 0 14
1200 589 6195.55 2984.43 0 14
1200 590 7900.84 2387.46 0 14
1200 591 -2605.29 -4063.08 0 14
1200 592 9765.45 4694.04 0 14
1200 593 -2848.98 6520.12 0 14
1200 594 6878.94 446.276 0 14
1200 595 -7668.99 4288.14 0 14
1200 596 1647.52 -2187.69 0 14
1200 597 7028.86 -3411.68 0 14
1200 598 5212.8 4924.93 0 14
1200 599 2576.45 -1453.48 0 14
1200 600 4448.85 -9524.84 0 14
1200 601 -3876.56 -7109.94 0 14
1200 602 1259.14 254.485 0 14
1200 603 7289.91 617.765 0 14
1200 604 -5566.18 5920.23 0 14
1200 605 -7367.48 -9308.46 0 14
1200 606 3701.91 -6041.5 0 14
1200 607 3840.4 -6776.02 0 14
1200 608 3032.4 -5986.32 0 14
1200 609 -6089.69 4394.49 0 14
1200 610 3673.18 4213.6 0 14
1200 611 9730.63 -3059.61 0 14
1200 612 9817.46 9857.54 0 14
1200 613 -8964.05 -2772.15 0 14
1200 614 255.775 -723.396 0 14
1200 615 3776.07 1744.57 0 14
1200 616 5258.18 -5470.44 0 14
1200 617 4481.95 -6777.09 0 14
1200 618 -8698.12 -676.162 0 14
1200 619 -8645.33 1046.46 0 14
1200 620 -1900.7 -8573.91 0 14
1200 621 1271.74 -3740.46 0 14
1200 622 7966.35 5295.01 0 14
1200 623 -2090.75 2091.27 0 14
1200 624 -8815.6 7218.19 0 14
1200 625 6587.37 -5843.75 0 14
1200 626 2038.45 -3470.79 0 14
1200 627 7115.64 4240.66 0 14
1200 628 -3411 -5031.03 0 14
1200 629 -8733.17 -3818.47 0 14
1200 630 -6471.5 6324.13 0 14
1200 631 7223.12 -274.819 0 14
1200 632 9985.74 6058.51 0 14
1200 633 4583.31 -1113.91 0 14
1200 634 8317.81 -4216.15 0 14
1200 635 3703.39 -4969.34 0 14
1200 636 867.817 -3404.11 0 14
1200 637 3457.54 -9393.97 0 14
1200 638 3274.12 9591.21 0 14
1200 639 -4040.57 7660.96 0 14
1200 640 27.4003 732.76 0 14
1200 641 8203.58 7249.51 0 14
1200 642 1279.72 -536.684 0 14
1200 643 -3285.2 630.561 0 14
1200 644 -4226.65 9110.85 0 14
1200 645 5641.04 9890.23 0 14
1200 646 2295.49 -6758.14 0 14
1200 647 -1750.92 9980.06 0 14
1200 648 -3618.29 -1950.98 0 14
1200 649 2988.1 -9812.43 0 14
1200 650 538.259 -1389.18 0 14
1200 651 -4307.38 -7120.53 0 14
1200 652 -9578.36 -1309.93 0 14
1200 653 9876.01 1046.82 0 14
1200 654 -4539.01 -3619.4 0 14
1200 655 212.808 -5528.83 0 14
1200 656 -4093.55 -9762.84 0 14
1200 657 -3913.1 -3632.81 0 14
1200 658 9011.39 2503.51 0 14
1200 659 4927.32 8092.05 0 14
1200 660 9621.22 -6803.37 0 14
1200 661 4792.42 -9346.42 0 14
1200 662 2905.09 -2430.89 0 14
1200 663 9057.74 -7853.69 0 14
1200 664 -2594.09 8232.79 0 14
1200 665 4626.82 1596.09 0 14
1200 666 163.202 2793.96 0 14
1200 667 -2355.62 -5056.13 0 14
1200 668 9547.75 -6970.09 0 14
1200 669 -7827.87 -911.417 0 14
1200 670 -2162.45 6496.04 0 14
1200 671 -4558.26 6271.39 0 14
1200 672 -7865.86 9661.62 0 14
1200 673 -9224.57 -3000.89 0 14
1200 674 6198.98 -178.341 0 14
1200 675 -2196.04 -2019.76 0 14
1200 676 8642.06 5396.18 0 14
1200 677 -8340.28 4201.44 0 14
1200 678 5024.23 5034.85 0 14
1200 679 5253.9 -5807.18 0 14
1200 680 -1686.2 7262.16 0 14
1200 681 -5720.97 2889.31 0 14
1200 682 -6288.8 -9467.02 0 14
1200 683 6513.25 9412.19 0 14
1200 684 3216.66 -1174.68 0 14
1200 685 -2925.24 653.118 0 14
1200 686 1472.6 2878.66 0 14
1200 687 -1890.03 -2634.03 0 14
1200 688 9624.33 6250.45 0 14
1200 689 3315.74 -5576.94 0 14
1200 690 6125.33 -5561.25 0 14
1200 691 -1727.88 -1463.01 0 14
1200 692 -1408.91 4066.46 0 14
1200 693 -5303.66 6323.66 0 14
1200 694 -9596.26 -1922.94 0 14
1200 695 -4621.7 -896.623 0 14
1200 696 -1952 5375.86 0 14
1200 697 -8403.41 9803.75 0 14
1200 698 -3627.71 523.369 0 14
1200 699 -8828.95 4556.33 0 14
1200 700 -6113.89 4861 0 14
1200 701 -4350.39 9983 0 14
1200 702 3858.21 2518.28 0 14
1200 703 -3993.35 -4512.2 0 14
1200 704 -5991.37 -4440.78 0 14
1200 705 5192.21 3271.95 0 14
1200 706 -318.473 6655.77 0 14
1200 707 5607.77 -6220.21 0 14
1200 708 -2239.07 -5565.77 0 14
1200 709 -769.487 3269.48 0 14
1200 710 4831.13 -8956.13 0 14
1200 711 -1524.09 9590.51 0 14
1200 712 8264.48 5226.57 0 14
1200 713 4729.65 7318.23 0 14
1200 714 1045.56 6184.23 0 14
1200 715 4530.72 -5914.34 0 14
1200 716 -47.7859 -6019.05 0 14
1200 717 2249.02 4102.54 0 14
1200 718 6473.19 9717.02 0 14
1200 719 -8780.15 -9547.91 0 14
1200 720 4761.16 4649.1 0 14
1200 721 -3308.17 1942.07 0 14
1200 722 719.356 1154.53 0 14
1200 723 -7232.28 9998.71 0 14
1200 724 749.852 -2688.4 0 14
1200 725 -1048.74 -6159.6 0 14
1200 726 3267.1 7651.47 0 14
1200 727 -4293.17 8292 0 14
1200 728 1271.49 -4488.55 0 14
1200 729 -9191.84 -7400.22 0 14
1200 730 4478.42 8200.9 0 14
1200 731 -7319.09 -7248.74 0 14
1200 732 8540.27 -2025.49 0 14
1200 733 -4140.65 -5752.38 0 14
1200 734 -2045.03 9094.05 0 14
1200 735 -7191.33 -7183.41 0 14
1200 736 -6335.71 -5904.5 0 14
1200 737 7264.84 7469.21 0 14
1200 738 2598.61 7974.88 0 14
1200 739 4930.98 -7222 0 14
1200 740 8513.39 -9799.92 0 14
1200 741 -7293.73 -8318.77 0 14
1200 742 -9519.38 -1485.17 0 14
1200 743 -2237.55 1571.67 0 14
1200 744 -7932.53 2529.41 0 14
1200 745 6021.62 7857.7 0 14
1200 746 -1506.02 9082.41 0 14
1200 747 -5104.14 -4056.06 0 14
1200 748 1844.36 4276.18 0 14
1200 749 366.675 -3103.39 0 14
1200 750 -2467.12 1668.8 0 14
1200 751 -8.93484 3924.15 0 14
1200 752 593.813 -6531.91 0 14
1200 753 -8323.21 7259.17 0 14
1200 754 -3741.63 -6717.61 0 14
1200 755 2140.46 -7625.65 0 14
1200 756 4168.44 6393.43 0 14
1200 757 1682.56 -495.516 0 14
1200 758 -5008.06 -5261.22 0 14
1200 759 2444.69 -8444.69 0 14
1200 760 -2355.69 5385.86 0 14
1200 761 -9195.44 3252.5 0 14
1200 762 -2219.58 -9103.15 0 14
1200 763 -374.357 166.844 0 14
1200 764 6999.54 3263.23 0 14
1200 765 9002.38 5325.31 0 14
1200 766 -4469.16 303.426 0 14
1200 767 -1522.86 -3195.84 0 14
1200 768 5451.99 7865.58 0 14
1200 769 1967.53 8176.78 0 14
1200 770 4969.86 6638.56 0 14
1200 771 -2406.75 939.351 0 14
1200 772 -7882.49 -6671.12 0 14
1200 773 -6525.04 1761.55 0 14
1200 774 -1721.99 7801.14 0 14
1200 775 -754.13 426.514 0 14
1200 776 1063.84 3736 0 14
1200 777 5072.98 -6622.1 0 14
1200 778 -6493.61 3073.21 0 14
1200 779 -2528.27 -2087.02 0 14
1200 780 -3387.24 -9904.77 0 14
1200 781 3560.66 4592.33 0 14
1200 782 7814.06 6094.17 0 14
1200 783 2407.19 2399.69 0 14
1200 784 -3099.82 1118.58 0 14
1200 785 4498.37 -2016.48 0 14
1200 786 -4643.03 -3177.07 0 14
1200 787 3052.89 -7360.36 0 14
1200 788 8717.72 -3031.3 0 14
1200 789 188.929 7369.66 0 14
1200 790 -1658.62 5749.48 0 14
1200 791 -3074.86 2161.47 0 14
1200 792 -7344.25 4514.61 0 14
1200 793 -3491.38 6704.24 0 14
1200 794 3044.6 -1082.52 0 14
1200 795 -7713.04 -4632.77 0 14
1200 796 8435.81 -1965.3 0 14
1200 797 -8893.71 2901.06 0 14
1200 798 4043.84 -2564.28 0 14
1200 799 3168.6 -8400.09 0 14
1200 800 7304.97 -6377.54 0 14
1200 801 -1519.14 9599.92 0 14
1200 802 -1395.12 -6199.84 0 14
1200 803 442.388 -4978.51 0 14
1200 804 2432.74 -3831.19 0 14
1200 805 -5180.9 -9222.73 0 14
1200 806 -2021.5 4171.02 0 14
1200 807 6155.75 2418.14 0 14
1200 808 7473.38 8922.43 0 14
1200 809 -7858.24 3245.25 0 14
1200 810 1088.9 -2804.82 0 14
1200 811 -6284.88 -3716.36 0 14
1200 812 9453.34 -5471.99 0 14
1200 813 -1604.08 -6177.62 0 14
1200 814 -2527.13 -280.623 0 14
1200 815 1949.36 8434.49 0 14
1200 816 9686.46 -5695.29 0 14
1200 817 3472.37 -9425.89 0 14
1200 818 5232.91 -8158.59 0 14
1200 819 2693.13 2733.63 0 14
1200 820 -8306.13 482.96 0 14
1200 821 -4297.62 -637.383 0 14
1200 822 -840.732 -3736.47 0 14
1200 823 -3597.19 -9465.56 0 14
1200 824 -5257.93 3485.63 0 14
1200 825 5496.66 -8101.35 0 14
1200 826 -5654.75 -8514.33 0 14
1200 827 7228.66 -9937.18 0 14
1200 828 2660.79 5217.27 0 14
1200 829 9776.45 -3557.97 0 14
1200 830 8549.12 3730.04 0 14
1200 831 -5997.35 833.022 0 14
1200 832 -3913.96 -9881.03 0 14
1200 833 9592.44 3671.62 0 14
1200 834 5144.44 -7186.35 0 14
1200 835 -3084.32 -1376.38 0 14
1200 836 -5440.95 -4484.96 0 14
1200 837 -7439.69 6154.31 0 14
1200 838 -9417.91 -9521.93 0 14
1200 839 -5434.9 4712.36 0 14
1200 840 5311.49 -6529.39 0 14
1200 841 -9730.39 -9849.85 0 14
1200 842 3578.98 7984.11 0 14
1200 843 -7993.69 -3362.53 0 14
1200 844 9063.56 2477.54 0 14
1200 845 -9945.85 -7423.97 0 14
1200 846 3305.69 -9310.34 0 14
1200 847 -2204.45 -7990.82 0 14
1200 848 -484.692 -8023.65 0 14
1200 849 5249.77 8951.58 0 14
1200 850 1364.8 -1227.88 0 14
1200 851 552.932 -9843.71 0 14
1200 852 4373.87 5134.35 0 14
1200 853 -2046.62 8256.12 0 14
1200 854 2903.09 3318.54 0 14
1200 855 -4310.87 1539.12 0 14
1200 856 6986.52 7099.32 0 14
1200 857 936.788 5455.58 0 14
1200 858 5680.4 -6107.99 0 14
1200 859 2806.28 6560.41 0 14
1200 860 -1168.14 -310.506 0 14
1200 861 39.6185 9611.14 0 14
1200 862 -5535.39 1016.99 0 14
1200 863 7218.2 -3599.31 0 14
1200 864 9028.79 620.996 0 14
1200 865 -2242.3 4040.96 0 14
1200 866 -4388.83 -9314.6 0 14
1200 867 1846.69 9573.56 0 14
1200 868 6928.94 -7649.88 0 14
1200 869 -4011.62 5347.87 0 14
1200 870 977.008 -2501.81 0 14
1200 871 -1893.04 3576.43 0 14
1200 872 -1299.96 -1227.8 0 14
1200 873 -1308.34 -4565.04 0 14
1200 874 2341.32 7264.39 0 14
1200 875 4485.92 3307.38 0 14
1200 876 693.791 -1387.9 0 14
1200 877 -8709.7 -6553.34 0 14
1200 878 -2094.39 45.4745 0 14
1200 879 5361.27 -6178.36 0 14
1200 880 7789.91 1018.04 0 14
1200 881 5963.59 -7207.5 0 14
1200 882 9784.47 -129.243 0 14
1200 883 625.412 -2043.3 0 14
1200 884 -2132.86 -6182.01 0 14
1200 885 142.73 -5852.3 0 14
1200 886 7397.77 -9787.22 0 14
1200 887 -2473.81 -768.073 0 14
1200 888 4998.71 -7056.6 0 14
1200 889 5068.9 -8915.91 0 14
1200 890 -7287.52 6379.58 0 14
1200 891 -2011.08 4047.37 0 14
1200 892 3115.09 8773.37 0 14
1200 893 8826.24 -3456.31 0 14
1200 894 3043.96 -4182.68 0 14
1200 895 9865.71 6307.97 0 14
1200 896 -6951.36 -9928.66 0 14
1200 897 -5083.85 6099.97 0 14
1200 898 -1372.82 855.564 0 14
1200 899 9375.77 1293.18 0 14
1200 900 -2937.45 8969.54 0 14
1200 901 9110.61 -9038.52 0 14
1200 902 509.064 -7522.46 0 14
1200 903 7772.58 3710.35 0 14
1200 904 8926.91 4350.6 0 14
1200 905 -3329.78 3939 0 14
1200 906 -432.122 2973.18 0 14
1200 907 6009.62 -3187.27 0 14
1200 908 -1771.49 -2409.6 0 14
1200 909 5227.07 -6823.44 0 14
1200 910 -7958.29 -4734.77 0 14
1200 911 5245.25 -4669.65 0 14
1200 912 9226.78 -6155.59 0 14
1200 913 5936.21 729.139 0 14
1200 914 6102.02 -7532.84 0 14
1200 915 7265.87 1050.8 0 14
1200 916 -9552.74 4001.23 0 14
1200 917 -6443.25 -1849.98 0 14
1200 918 5003.9 -5980.74 0 14
1200 919 7785.2 1213.57 0 14
1200 920 1038.6 -9130.71 0 14
1200 921 -3798.65 -4594.89 0 14
1200 922 -4074.46 -919.862 0 14
1200 923 2695.11 1307.04 0 14
1200 924 -3835.51 8466.67 0 14
1200 925 9848.99 -8439.05 0 14
1200 926 -6365.2 6971.36 0 14
1200 927 9672.37 3727.39 0 14
1200 928 9307.59 -7851.18 0 14
1200 929 9575.27 5040.69 0 14
1200 930 -7588.92 7276.98 0 14
1200 931 7735.01 -5466.17 0 14
1200 932 1081.74 6332.65 0 14
1200 933 -6169.52 2880.07 0 14
1200 934 -8362.48 -4671.4 0 14
1200 935 -2017.5 9075.67 0 14
1200 936 -998.927 2273.75 0 14
1200 937 5223.52 5364.79 0 14
1200 938 5401.9 2665.68 0 14
1200 939 924.236 4763.47 0 14
1200 940 -6522.64 75.194 0 14
1200 941 5924.65 6987.48 0 14
1200 942 2255.76 -2621.85 0 14
1200 943 -4135.13 5774.45 0 14
1200 944 -3139.73 9472.96 0 14
1200 945 3428.21 7118.15 0 14
1200 946 -4293.09 -6916.17 0 14
1200 947 2934.57 3757.86 0 14
1200 948 9144.23 -8047.83 0 14
1200 949 -9840.34 5408.15 0 14
1200 950 8975.51 799.628 0 14
1200 951 6977.96 6375.95 0 14
1200 952 4309.85 7353.19 0 14
1200 953 9155.87 -7771.56 0 14
1200 954 -1938.95 -9662.94 0 14
1200 955 3553.08 -3269.63 0 14
1200 956 5119.1 -8218.22 0 14
1200 957 7336.96 6716.62 0 14
1200 958 2471.39 -6574.07 0 14
1200 959 1410.15 -5463.22 0 14
1200 960 3056.95 5754.89 0 14
1200 961 1171.47 -5225.85 0 14
1200 962 -2343.98 6505.6 0 14
1200 963 3895.67 9699.79 0 14
1200 964 5612.85 3676.53 0 14
1200 965 -2475.11 -7256.77 0 14
1200 966 -184.581 5107.88 0 14
1200 967 9528.27 -6782.69 0 14
1200 968 8073.32 -4937.73 0 14
1200 969 -9671.79 -9458.07 0 14
1200 970 -93.5957 -1552.3 0 14
1200 971 5234.41 -1525.22 0 14
1200 972 -6791.22 -1406.6 0 14
1200 973 1726.79 -881.06 0 14
1200 974 1584.04 -2667.1 0 14
1200 975 1038.49 9643.93 0 14
1200 976 7070.26 4452.65 0 14
1200 977 -2102.52 -6946.14 0 14
1200 978 704.667 -1737.4 0 14
1200 979 -7616.49 2169.39 0 14
1200 980 1212.48 9069.78 0 14
1200 981 2980.31 8494.01 0 14
1200 982 -3699.79 -4318.14 0 14
1200 983 -1947.17 -9144.93 0 14
1200 984 4080.95 -6571.79 0 14
1200 985 -8742.55 -8318.16 0 14
1200 986 -4812.7 5670.31 0 14
1200 987 2864.79 1635 0 14
1200 988 -3662.18 4087.73 0 14
1200 989 9154.31 3426.92 0 14
1200 990 -4945.73 890.957 0 14
1200 991 681.612 -4903.7 0 14
1200 992 7365.84 -2125.8 0 14
1200 993 8860.76 -271.873 0 14
1200 994 818.946 4230.03 0 14
1200 995 5515.69 -4954.6 0 14
1200 996 -7169.11 -2915.2 0 14
1200 997 -6113.07 -7665.64 0 14
1200 998 1614.41 -2284.91 0 14
1200 999 6063.29 -4988.05 0 14
1200 1000 6710.56 4237.39 0 14
1200 1001 -338.417 5764.44 0 14
1200 1002 -1738.42 -5862.64 0 14
1200 1003 1177.73 5780.69 0 14
1200 1004 -7519.55 -7278.53 0 14
1200 1005 -9378.43 -1072.04 0 14
1200 1006 -6483.97 7887.22 0 14
1200 1007 -7285.38 -293.611 0 14
1200 1008 -5791.11 9175 0 14
1200 1009 -2366.44 6617.17 0 14
1200 1010 -2336.42 -7673.43 0 14
1200 1011 6651.16 -8172.91 0 14
1200 1012 -6470.82 1704.13 0 14
1200 1013 -4608.7 6923.16 0 14
1200 1014 -747.642 -8398.31 0 14
1200 1015 -6343.29 9351.47 0 14
1200 1016 8319.86 3068.47 0 14
1200 1017 7419.95 -6616.28 0 14
1200 1018 2741.34 6213.16 0 14
1200 1019 -9550.88 -7414.48 0 14
1200 1020 -118.017 -2110.33 0 14
1200 1021 3581.46 -590.112 0 14
1200 1022 6108.79 -6193.42 0 14
1200 1023 -5482.89 703.324 0 14
1200 1024 926.946 6642.13 0 14
1200 1025 -5841.57 -4624.22 0 14
1200 1026 -3100.91 7934.4 0 14
1200 1027 8364.06 1142.71 0 14
1200 1028 5572.47 -2338.97 0 14
1200 1029 2884.95 -9850.69 0 14
1200 1030 7426.94 -8553.16 0 14
1200 1031 -9251.76 -9005.08 0 14
1200 1032 900.585 107.534 0 14
1200 1033 -8984.63 8474.91 0 14
1200 1034 -3784.64 4907.96 0 14
1200 1035 -8266.83 3747.2 0 14
1200 1036 -6088.49 6498.04 0 14
2400 37 5776.01 -3723.43 0 14
2400 38 -6929.44 -4978.88 0 14
2400 39 -7046.08 -6934.2 0 14
2400 40 6356.41 -2459.33 0 14
2400 41 5311.03 -7317.56 0 14
2400 42 -5830 9360.31 0 14
2400 43 -7163.82 5932.44 0 14
2400 44 6917.07 1162.03 0 14
2400 45 1970.24 -5092.32 0 14
2400 46 -652.807 -4667.99 0 14
2400 47 -1368.42 -1698.61 0 14
2400 48 4657.25 -7452.53 0 14
2400 49 3083.42 2843.65 0 14
2400 50 5000.59 -6743 0 14
2400 51 2490.71 -2117 0 14
2400 52 -2304.27 -2794.26 0 14
2400 53 -4254.74 -9136.61 0 14
2400 54 -8547.34 -5159.25 0 14
2400 55 1423.85 9552.13 0 14
2400 56 -5715.2 -1759 0 14
2400 57 -4359.61 -7592.59 0 14
2400 58 3942.81 5097.39 0 14
2400 59 9856.63 -6273.47 0 14
2400 60 -7934.88 -5422.22 0 14
2400 61 1493.58 -3459.75 0 14
2400 62 4423.34 -8204.35 0 14
2400 63 -8614.6 404.098 0 14
2400 64 3357.04 2753.71 0 14
2400 65 1576.5 589.58 0 14
2400 66 3935.4 4759.45 0 14
2400 67 -4274.89 -8191.27 0 14
2400 68 268.593 6898.82 0 14
2400 69 2159.15 -4129.83 0 14
2400 70 -1576.72 9691.01 0 14
2400 71 -2670.49 -4782.95 0 14
2400 72 1478.89 6818.95 0 14
2400 73 221.707 -3783.92 0 14
2400 74 -3442.79 2843.55 0 14
2400 75 -5106.95 6273.79 0 14
2400 76 -8560.12 -4621.3 0 14
2400 77 90.5277 9024.06 0 14
2400 78 8249.13 272.889 0 14
2400 79 8415.03 7391.53 0 14
2400 80 -2566.63 3779.84 0 14
2400 81 -3360.92 619.238 0 14
2400 82 -9874.6 -5636.14 0 14
2400 83 1473.31 -6980.73 0 14
2400 84 6412.91 6626.17 0 14
2400 85 -8121.37 6372.21 0 14
2400 86 -3272.22 1628.08 0 14
2400 87 -1806.55 4727.91 0 14
2400 88 -2758.28 -1748.47 0 14
2400 89 6548.16 6508.44 0 14
2400 90 4498.81 -7135.85 0 14
2400 91 8384.09 -2978.31 0 14
2400 92 608.596 -5351.09 0 14
2400 93 -975.063 6214.93 0 14
2400 94 -5177.73 2123.11 0 14
2400 95 -2535.9 -3648.31 0 14
2400 96 9369.65 3348.67 0 14
2400 97 9015.99 4511.64 0 14
2400 98 -3233.7 6591.66 0 14
2400 99 5804.48 -2131.28 0 14
2400 100 -8891.35 -6976.28 0 14
2400 101 -7688.6 -6703.19 0 14
2400 102 -2226.03 468.449 0 14
2400 103 712.66 -7757.68 0 14
2400 104 630.228 1668.2 0 14
2400 105 -5322.39 7430 0 14
2400 106 -6202.5 7274.89 0 14
2400 107 5594.74 2853.45 0 14
2400 108 -164.963 -1006.77 0 14
2400 109 8127.34 4040.02 0 14
2400 110 937.534 666.934 0 14
2400 111 -7242.88 5640.92 0 14
2400 112 5383.96 -6426.54 0 14
2400 113 -8642.24 4963.41 0 14
2400 114 -6145.79 9541.79 0 14
2400 115 -6432 6123.18 0 14
2400 116 9736.01 5728.42 0 14
2400 117 -5477.71 -3201.03 0 14
2400 118 -3709.37 2132.2 0 14
2400 119 -9798.74 1245.25 0 14
2400 120 -1629.89 3033.87 0 14
2400 121 -6227.16 9819.53 0 14
2400 122 -6221.34 -6953 0 14
2400 123 1586.98 -5484.02 0 14
2400 124 -7838.01 7702.9 0 14
2400 125 -9891.76 1695.74 0 14
2400 126 -3129.32 4893.48 0 14
2400 127 629.084 -577.515 0 14
2400 128 -5099.99 -4951.87 0 14
2400 129 -9166.4 -8394.07 0 14
2400 130 9114.12 -7109.69 0 14
2400 131 -7423.08 -2791.51 0 14
2400 132 2616.55 -3345.54 0 14
2400 133 679.83 6687.48 0 14
2400 134 1707.64 -3456.64 0 14
2400 135 1473.9 6125.85 0 14
2400 136 -5112.69 7894 0 14
2400 137 -9878.94 -7455.93 0 14
2400 138 -3130.39 -4045.25 0 14
2400 139 2492.38 2413.38 0 14
2400 140 6187.27 8922.17 0 14
2400 141 4560.64 4578.19 0 14
2400 142 -141.208 8738.14 0 14
2400 143 -2512.85 -3385.89 0 14
2400 144 -8542.67 2677.88 0 14
2400 145 -220.597 124.839 0 14
2400 146 8523.25 -1991.77 0 14
2400 147 7951.59 8970.69 0 14
2400 148 743.668 8431.15 0 14
2400 149 1337.55 9637.62 0 14
2400 150 -7621.95 5846.53 0 14
2400 151 -391.693 264.498 0 14
2400 152 -7811.88 7728.28 0 14
2400 153 4493.07 -5810.04 0 14
2400 154 -5441.17 2621.85 0 14
2400 155 7286.87 5034.11 0 14
2400 156 -4025.64 1532.49 0 14
2400 157 -8157.98 -8067.44 0 14
2400 158 2520.89 -7609.18 0 14
2400 159 -9040.74 -9279.93 0 14
2400 160 9495.15 -4088.78 0 14
2400 161 -7325.26 -2408.55 0 14
2400 162 -8324.24 5669.9 0 14
2400 163 6766.34 1857.43 0 14
2400 164 -1332.16 6879.31 0 14
2400 165 4500.37 9368.42 0 14
2400 166 -8973.44 9215.94 0 14
2400 167 9462.13 4055.34 0 14
2400 168 -5345.52 -1451.61 0 14
2400 169 -4536.55 -7398.25 0 14
2400 170 -2681.16 -8680.54 0 14
2400 171 -7596.94 -1049.21 0 14
2400 172 -8978.54 -1269.9 0 14
2400 173 7724.63 -8392.5 0 14
2400 174 -5254.37 -6003.95 0 14
2400 175 3212.36 -8674.55 0 14
2400 176 -9504.18 3522.8 0 14
2400 177 1604.9 5801.5 0 14
2400 178 3860.81 -8444.6 0 14
2400 179 -7193.85 -9268.68 0 14
2400 180 -3139.05 8089.6 0 14
2400 181 6336.75 -4714.23 0 14
2400 182 8316.66 5105.97 0 14
2400 183 6785 -7389.51 0 14
2400 184 9396.57 -5648.92 0 14
2400 185 -7082.5 5437.48 0 14
2400 186 4636.22 7250.3 0 14
2400 187 5372.68 -6401.72 0 14
2400 188 -2153.68 -8559.11 0 14
2400 189 5049.07 3267.16 0 14
2400 190 -7015.06 4388.7 0 14
2400 191 9607.62 -3572.32 0 14
2400 192 -8391.95 8636.12 0 14
2400 193 3971.08 -3545.83 0 14
2400 194 -3648.44 -9465.4 0 14
2400 195 5255.76 -8547 0 14
2400 196 4526.43 1736.86 0 14
2400 197 9613.5 -10.6149 0 14
2400 198 4653.56 -5374.19 0 14
2400 199 3033.7 6573.43 0 14
2400 200 -7730.63 -1244.2 0 14
2400 201 -5183.45 5294.2 0 14
2400 202 -7284.32 -4023.87 0 14
2400 203 -2597.62 -5352.4 0 14
2400 204 -9567.34 377.916 0 14
2400 205 6529.42 -4171.72 0 14
2400 206 -3048.36 -9278.28 0 14
2400 207 9495.53 -3783.9 0 14
2400 208 -1371.85 7520.64 0 14
2400 209 6580.8 9052.89 0 14
2400 210 -2259.89 -7156.19 0 14
2400 211 -7097.17 9609.69 0 14
2400 212 7357 -1136.32 0 14
2400 213 6003.11 2688.74 0 14
2400 214 -4023.03 -5095.98 0 14
2400 215 -749.396 5933.76 0 14
2400 216 -3032.77 -9493.31 0 14
2400 217 4812.66 -2380.45 0 14
2400 218 -4235.63 -8863.31 0 14
2400 219 7402.13 -3434.13 0 14
2400 220 2929.61 2261.97 0 14
2400 221 -8313.31 551.917 0 14
2400 222 1425.33 -5877.29 0 14
2400 223 1929.3 -5994.57 0 14
2400 224 1669.04 2208.12 0 14
2400 225 -2985.18 4295.69 0 14
2400 226 4534.59 9671.09 0 14
2400 227 -1635.22 -1788.72 0 14
2400 228 -8936.31 7419.55 0 14
2400 229 -8578.94 4113.49 0 14
2400 230 -3188.6 -4482.63 0 14
2400 231 -5183.99 -3706.59 0 14
2400 232 -8076 1651.19 0 14
2400 233 -1015.9 9917.97 0 14
2400 234 -9384.34 3103.6 0 14
2400 235 3326.89 3678.99 0 14
2400 236 3811.11 -7153.8 0 14
2400 237 2276.18 5534.53 0 14
2400 238 4003.47 8762.59 0 14
2400 239 7510.47 -6141.55 0 14
2400 240 1481.83 -4945.26 0 14
2400 241 -183.251 5738.75 0 14
2400 242 7758.8 4115.76 0 14
2400 243 9840.16 -3761.96 0 14
2400 244 9673.31 -701.293 0 14
2400 245 3965.99 965.082 0 14
2400 246 5972.21 6556.25 0 14
2400 247 2369.96 3330.86 0 14
2400 248 -9834.48 760.389 0 14
2400 249 -6370.49 4663.41 0 14
2400 250 1938.25 4678.8 0 14
2400 251 1715.29 -6377 0 14
2400 252 1292.23 355.139 0 14
2400 253 -7729.81 -2958.45 0 14
2400 254 1744.41 3311.63 0 14
2400 255 -1628.98 5482.6 0 14
2400 256 -564.069 1692.57 0 14
2400 257 -1937.15 104.681 0 14
2400 258 6460.02 8813.79 0 14
2400 259 -4827.84 7504.56 0 14
2400 260 -171.492 -2868.39 0 14
2400 261 5229.98 6713.81 0 14
2400 262 -199.871 -502.766 0 14
2400 263 3614.5 -6667.27 0 14
2400 264 -7280.17 5387 0 14
2400 265 -5363.09 -6840.89 0 14
2400 266 -3240.25 8760.2 0 14
2400 267 4389.68 7041.86 0 14
2400 268 -9803.59 -8425.96 0 14
2400 269 -823.137 -9062.4 0 14
2400 270 6700.26 8820.97 0 14
2400 271 8372.46 -2470.17 0 14
2400 272 3215.59 1089.35 0 14
2400 273 -5687.52 9574.84 0 14
2400 274 9082.39 -8680.79 0 14
2400 275 -6593.7 -9164.65 0 14
2400 276 -755.596 2496.71 0 14
2400 277 2616.84 -7773.38 0 14
2400 278 -8781.88 -2026.72 0 14
2400 279 -1105.03 6804.67 0 14
2400 280 -6374.64 7179.55 0 14
2400 281 8997.93 -9311.58 0 14
2400 282 -4404.35 566.947 0 14
2400 283 -5332.41 710.133 0 14
2400 284 -4938.89 -4789.2 0 14
2400 285 -9146.13 8480.57 0 14
2400 286 7013.94 2417.95 0 14
2400 287 1847.04 -4823.84 0 14
2400 288 -5199.63 -1978.56 0 14
2400 289 6392.62 -9248.51 0 14
2400 290 -6580.01 7895.57 0 14
2400 291 6598.74 -8267.39 0 14
2400 292 4748.72 5757.53 0 14
2400 293 1437.48 9450.49 0 14
2400 294 -9827.98 -9365.42 0 14
2400 295 -57.2011 8137.98 0 14
2400 296 -9123.49 -1606.82 0 14
2400 297 4330.75 -3244.26 0 14
2400 298 9718.97 1144.83 0 14
2400 299 4993.17 5494.27 0 14
2400 300 3872.99 8635.55 0 14
2400 301 7651.87 9793.58 0 14
2400 302 6497.94 -5513.57 0 14
2400 303 -4642.96 -1939.2 0 14
2400 304 5228.08 -7972.29 0 14
2400 305 7828.36 4590.34 0 14
2400 306 9952.84 1876.51 0 14
2400 307 7717.12 -1053.11 0 14
2400 308 1556.55 349.238 0 14
2400 309 -603.178 6167.08 0 14
2400 310 -6802.95 -8692.99 0 14
2400 311 2686.64 -6523 0 14
2400 312 9521.94 -385.484 0 14
2400 313 5627.5 -1045.91 0 14
2400 314 -2933.61 -6245.38 0 14
2400 315 -8631.05 -3016.65 0 14
2400 316 -7874.67 -1123.68 0 14
2400 317 -8381.75 3698.88 0 14
2400 318 3386.58 2991.66 0 14
2400 319 -7873.87 -5335.08 0 14
2400 320 3147.84 2632.88 0 14
2400 321 -140.099 1350.51 0 14
2400 322 -3775.01 -733.247 0 14
2400 323 3781.52 -1323.66 0 14
2400 324 7664.24 5234.81 0 14
2400 325 -9164.35 -4495.07 0 14
2400 326 271.01 995.434 0 14
2400 327 2284.53 2667.69 0 14
2400 328 -5781.92 7423.59 0 14
2400 329 -590.597 -7705.69 0 14
2400 330 -5491.04 -2852.09 0 14
2400 331 -7375.25 8473.68 0 14
2400 332 -3247.96 8117.58 0 14
2400 333 8599.4 1384.32 0 14
2400 334 9643.05 -1396.5 0 14
2400 335 -4750.24 9400.73 0 14
2400 336 2299.44 -1830.5 0 14
2400 337 89.5591 -7315.44 0 14
2400 338 1233.69 -4241.32 0 14
2400 339 327.284 282.951 0 14
2400 340 5716.67 -5149.34 0 14
2400 341 5326.36 -812.226 0 14
2400 342 -4273.9 7688.82 0 14
2400 343 8675.59 5293.34 0 14
2400 344 -3829.74 7514.49 0 14
2400 345 -8027.18 -2570.33 0 14
2400 346 7743.81 8411.56 0 14
2400 347 2306.56 7468.9 0 14
2400 348 5430.89 2293.63 0 14
2400 349 5661.55 4792.71 0 14
2400 350 -4682.58 -5725.36 0 14
2400 351 4589.25 8234.66 0 14
2400 352 -893.472 8964.07 0 14
2400 353 -4396.9 6456.96 0 14
2400 354 -3977.76 2644.82 0 14
2400 355 6152.38 -2072.96 0 14
2400 356 1471.65 5772.74 0 14
2400 357 6353.78 -7366.65 0 14
2400 358 -9502.55 -4108.17 0 14
2400 359 -1933.1 3607.28 0 14
2400 360 8691.06 -3412.04 0 14
2400 361 8517.87 9882.04 0 14
2400 362 -8206.91 -942.289 0 14
2400 363 7614.45 1793.42 0 14
2400 364 -1140.93 -1420 0 14
2400 365 4270.9 5526.18 0 14
2400 366 -3802.64 -2365.36 0 14
2400 367 -2777.14 -464.718 0 14
2400 368 4011.73 -9735.32 0 14
2400 369 9237.66 -6023.57 0 14
2400 370 -114.672 9211.1 0 14
2400 371 7543.36 -2950.8 0 14
2400 372 4827.07 4030.46 0 14
2400 373 7481.28 7927.84 0 14
2400 374 -8052.04 -4977.83 0 14
2400 375 -734.599 -6061.93 0 14
2400 376 -4564.67 7807.92 0 14
2400 377 6858.65 -1138.86 0 14
2400 378 -652.142 -106.815 0 14
2400 379 2683.34 7793.34 0 14
2400 380 -4474.02 -4436.74 0 14
2400 381 -1508.18 9426.87 0 14
2400 382 9250.1 -708.251 0 14
2400 383 6827.2 9525.41 0 14
2400 384 4894.91 5773.75 0 14
2400 385 -8463.65 -7225.74 0 14
2400 386 -4143.05 -1262.92 0 14
2400 387 -1423.85 -2118.31 0 14
2400 388 8001.78 -6052.28 0 14
2400 389 6730.61 -4453.56 0 14
2400 390 7745.21 2437.69 0 14
2400 391 5314.33 -569.779 0 14
2400 392 -8709.71 -2180.14 0 14
2400 393 955.386 -5707.82 0 14
2400 394 -6886.89 -7848.18 0 14
2400 395 6852.51 -7841.63 0 14
2400 396 -9081.94 -2101.86 0 14
2400 397 9217.88 3703.76 0 14
2400 398 3763.53 -7129.6 0 14
2400 399 -7982.74 -8141.51 0 14
2400 400 535.675 5782.04 0 14
2400 401 -5670.27 6865.94 0 14
2400 402 -7150.4 -1136.26 0 14
2400 403 -9454.76 6810.99 0 14
2400 404 -3450.77 -194.574 0 14
2400 405 -500.047 -3521.47 0 14
2400 406 -8035.16 -3693.9 0 14
2400 407 -6023.31 8629.8 0 14
2400 408 90.5797 1774.97 0 14
2400 409 -7150.83 -1026 0 14
2400 410 9481.61 -8799.49 0 14
2400 411 5194.91 -6936.74 0 14
2400 412 -1699.11 6359.21 0 14
2400 413 -2401.54 2290.5 0 14
2400 414 -6894.91 -4744.06 0 14
2400 415 -1278.95 927.431 0 14
2400 416 8521.6 742.958 0 14
2400 417 1387.81 9284.94 0 14
2400 418 -2078.74 718.415 0 14
2400 419 -4617.94 7873.11 0 14
2400 420 -9258.95 6959.93 0 14
2400 421 -1378.72 -1306.03 0 14
2400 422 -6297.44 -6271.09 0 14
2400 423 1282.91 -9010.06 0 14
2400 424 5320.32 1788.66 0 14
2400 425 881.932 2865.92 0 14
2400 426 2309.43 6535 0 14
2400 427 7647.95 -9520.73 0 14
2400 428 9006.75 -7325.65 0 14
2400 429 7399.16 -106.866 0 14
2400 430 2455.87 -3014.17 0 14
2400 431 4719.98 -9163.1 0 14
2400 432 1565.08 -5496.85 0 14
2400 433 -9307.37 9124.98 0 14
2400 434 -7235.37 9643.55 0 14
2400 435 2922.96 -3111.25 0 14
2400 436 8120.24 -2199.14 0 14
2400 437 919.548 -7635.52 0 14
2400 438 -799.529 6102.64 0 14
2400 439 2106.37 -5846.37 0 14
2400 440 5947.15 3121.12 0 14
2400 441 9253.49 268.763 0 14
2400 442 6457.19 -3134.39 0 14
2400 443 -8230.07 5575.64 0 14
2400 444 -760.469 3935.09 0 14
2400 445 -4977.41 -5970.61 0 14
2400 446 -7828.45 -5852.47 0 14
2400 447 4150.4 7941.22 0 14
2400 448 5395 9065.31 0 14
2400 449 -5210.86 -4491 0 14
2400 450 5279.78 -5948.17 0 14
2400 451 -3205.8 -3948.14 0 14
2400 452 -6125.39 9821.07 0 14
2400 453 7113.35 4295.14 0 14
2400 454 -604.928 -300.61 0 14
2400 455 8791.13 -1299.11 0 14
2400 456 -7265.77 -3897.54 0 14
2400 457 4203.05 -5396.76 0 14
2400 458 -8520.91 9804.58 0 14
2400 459 -8467.3 -3629 0 14
2400 460 -7200.87 -1061.58 0 14
2400 461 -456.227 -424.896 0 14
2400 462 4215.77 -799.6 0 14
2400 463 1041.13 3053.59 0 14
2400 464 -8273.75 -7940.05 0 14
2400 465 9887.47 -759.571 0 14
2400 466 -1219.64 -2604.54 0 14
2400 467 -2097.32 4756.66 0 14
2400 468 -1098.12 2167.7 0 14
2400 469 -7377.97 6689.5 0 14
2400 470 4327.78 -9360.22 0 14
2400 471 -8774.65 -2382.88 0 14
2400 472 -1033.39 -9917.84 0 14
2400 473 2449.74 7746.16 0 14
2400 474 -3415.96 -6843.75 0 14
2400 475 -9836.62 -8395.76 0 14
2400 476 -8061.44 4826.13 0 14
2400 477 8825.25 -8877.14 0 14
2400 478 6045.71 141.526 0 14
2400 479 7983.67 1268.16 0 14
2400 480 -9738.88 1066.34 0 14
2400 481 -8473.55 5334.32 0 14
2400 482 765.557 -3110.8 0 14
2400 483 -507.809 -4666.13 0 14
2400 484 -5853.02 -4702.19 0 14
2400 485 215.068 3251.86 0 14
2400 486 -1500.14 32.1996 0 14
2400 487 6750.09 -8452.15 0 14
2400 488 -3921.33 546.156 0 14
2400 489 1926.34 -4266.59 0 14
2400 490 -3361.69 7677.51 0 14
2400 491 7060.27 4569.7 0 14
2400 492 1478.1 5839.43 0 14
2400 493 2015.81 -4724.16 0 14
2400 494 -458.488 5845.3 0 14
2400 495 9109.57 9582.68 0 14
2400 496 -5923.34 12.7619 0 14
2400 497 -5585.25 444.196 0 14
2400 498 -8186.01 4096.17 0 14
2400 499 3977.57 2448.98 0 14
2400 500 -8421.99 -5864.66 0 14
2400 501 7162.35 3491.88 0 14
2400 502 5122.34 771.236 0 14
2400 503 8416.91 5338 0 14
2400 504 2379.22 -4251.45 0 14
2400 505 395.565 -8005.72 0 14
2400 506 -5335.68 -2264.18 0 14
2400 507 -215.472 8859.35 0 14
2400 508 -3552.73 -2621.11 0 14
2400 509 2337.67 6705.59 0 14
2400 510 -3867.89 2846.06 0 14
2400 511 -703.907 -9250.9 0 14
2400 512 2355.96 -3926.64 0 14
2400 513 7419.68 -2523.28 0 14
2400 514 3564.82 -346.956 0 14
2400 515 7566.35 -2207.53 0 14
2400 516 3994.9 1857.41 0 14
2400 517 723.542 233.067 0 14
2400 518 9454.42 -7311.92 0 14
2400 519 3872.77 5711.71 0 14
2400 520 -8655.6 -1696.3 0 14
2400 521 -8638.63 4476.06 0 14
2400 522 -9961.33 9081.83 0 14
2400 523 506.34 -4508.5 0 14
2400 524 7458.41 5026.2 0 14
2400 525 7397.57 5404.21 0 14
2400 526 2300.46 -5273.43 0 14
2400 527 -4539.05 9542.9 0 14
2400 528 6717.95 6345.67 0 14
2400 529 -5463.19 -9287.51 0 14
2400 530 1219.24 -3045.27 0 14
2400 531 -4159.18 672.131 0 14
2400 532 5016.17 -70.5433 0 14
2400 533 2713.82 -9579.64 0 14
2400 534 7560.69 -5398.96 0 14
2400 535 -980.497 -9542.27 0 14
2400 536 -4475.69 9034.95 0 14
2400 537 6383.51 8598.67 0 14
2400 538 -5896.43 -5320.15 0 14
2400 539 1640.27 9319.73 0 14
2400 540 -7092.66 11.0771 0 14
2400 541 5114.45 -3763.63 0 14
2400 542 -2987.86 -5594.43 0 14
2400 543 7060.19 -9913.54 0 14
2400 544 -2383.54 -9524.06 0 14
2400 545 -9403.28 7395.59 0 14
2400 546 615.821 -9070.57 0 14
2400 547 -7789.94 -2126.57 0 14
2400 548 3161.69 -1625.26 0 14
2400 549 1351.35 -1700.58 0 14
2400 550 7812.97 -3018.84 0 14
2400 551 7136.54 -4272.38 0 14
2400 552 5208.06 4642.69 0 14
2400 553 -5398.28 3210.22 0 14
2400 554 822.282 9784.05 0 14
2400 555 1079.56 6688.94 0 14
2400 556 -6643.74 -8722.38 0 14
2400 557 3560.49 -9299.51 0 14
2400 558 8547.6 -5335.86 0 14
2400 559 7687.16 -747.135 0 14
2400 560 -9275.99 -9492.26 0 14
2400 561 -6113.06 8422 0 14
2400 562 -2549.4 -1561.39 0 14
2400 563 4776.31 1688.04 0 14
2400 564 5922.42 9843.97 0 14
2400 565 -5836.23 -1969.42 0 14
2400 566 5497.08 864.736 0 14
2400 567 7983.46 4349.79 0 14
2400 568 3053.37 -8444.17 0 14
2400 569 -3100.44 -3543.35 0 14
2400 570 2508.54 6520.81 0 14
2400 571 5801.94 7393.52 0 14
2400 572 -1884.73 1397.57 0 14
2400 573 -8637.59 -4206.35 0 14
2400 574 3944.1 -8044.95 0 14
2400 575 -583.789 -1611.73 0 14
2400 576 -2180.3 8175.14 0 14
2400 577 882.471 5849.89 0 14
2400 578 -3978.72 -5601.59 0 14
2400 579 1158.05 2928.76 0 14
2400 580 -4272.2 -1650.44 0 14
2400 581 2181.07 -9034.59 0 14
2400 582 -8017.23 9934.99 0 14
2400 583 1403.32 -9566.8 0 14
2400 584 -2458.77 9098.79 0 14
2400 585 7049.61 -2672.83 0 14
2400 586 2911.23 5251.17 0 14
2400 587 5622.55 -1861.79 0 14
2400 588 -1651.4 9502.35 0 14
2400 589 6195.55 2984.43 0 14
2400 590 7900.84 2387.46 0 14
2400 591 -2605.29 -4063.08 0 14
2400 592 9765.45 4694.04 0 14
2400 593 -2848.98 6520.12 0 14
2400 594 6878.94 446.276 0 14
2400 595 -7668.99 4288.14 0 14
2400 596 1647.52 -2187.69 0 14
2400 597 7028.86 -3411.68 0 14
2400 598 5212.8 4924.93 0 14
2400 599 2576.45 -1453.48 0 14
2400 600 4448.85 -9524.84 0 14
2400 601 -3876.56 -7109.94 0 14
2400 602 1259.14 254.485 0 14
2400 603 7289.91 617.765 0 14
2400 604 -5566.18 5920.23 0 14
2400 605 -7367.48 -9308.46 0 14
2400 606 3701.91 -6041.5 0 14
2400 607 3840.4 -6776.02 0 14
2400 608 3032.4 -5986.32 0 14
2400 609 -6089.69 4394.49 0 14
2400 610 3673.18 4213.6 0 14
2400 611 9730.63 -3059.61 0 14
2400 612 9817.46 9857.54 0 14
2400 613 -8964.05 -2772.15 0 14
2400 614 255.775 -723.396 0 14
2400 615 3776.07 1744.57 0 14
2400 616 5258.18 -5470.44 0 14
2400 617 4481.95 -6777.09 0 14
2400 618 -8698.12 -676.162 0 14
2400 619 -8645.33 1046.46 0 14
2400 620 -1900.7 -8573.91 0 14
2400 621 1271.74 -3740.46 0 14
2400 622 7966.35 5295.01 0 14
2400 623 -2090.75 2091.27 0 14
2400 624 -8815.6 7218.19 0 14
2400 625 6587.37 -5843.75 0 14
2400 626 2038.45 -3470.79 0 14
2400 627 7115.64 4240.66 0 14
2400 628 -3411 -5031.03 0 14
2400 629 -8733.17 -3818.47 0 14
2400 630 -6471.5 6324.13 0 14
2400 631 7223.12 -274.819 0 14
2400 632 9985.74 6058.51 0 14
2400 633 4583.31 -1113.91 0 14
2400 634 8317.81 -4216.15 0 14
2400 635 3703.39 -4969.34 0 14
2400 636 867.817 -3404.11 0 14
2400 637 3457.54 -9393.97 0 14
2400 638 3274.12 9591.21 0 14
2400 639 -4040.57 7660.96 0 14
2400 640 27.4003 732.76 0 14
2400 641 8203.58 7249.51 0 14
2400 642 1279.72 -536.684 0 14
2400 643 -3285.2 630.561 0 14
2400 644 -4226.65 9110.85 0 14
2400 645 5641.04 9890.23 0 14
2400 646 2295.49 -6758.14 0 14
2400 647 -1750.92 9980.06 0 14
2400 648 -3618.29 -1950.98 0 14
2400 649 2988.1 -9812.43 0 14
2400 650 538.259 -1389.18 0 14
2400 651 -4307.38 -7120.53 0 14
2400 652 -9578.36 -1309.93 0 14
2400 653 9876.01 1046.82 0 14
2400 654 -4539.01 -3619.4 0 14
2400 655 212.808 -5528.83 0 14
2400 656 -4093.55 -9762.84 0 14
2400 657 -3913.1 -3632.81 0 14
2400 658 9011.39 2503.51 0 14
2400 659 4927.32 8092.05 0 14
2400 660 9621.22 -6803.37 0 14
2400 661 4792.42 -9346.42 0 14
2400 662 2905.09 -2430.89 0 14
2400 663 9057.74 -7853.69 0 14
2400 664 -2594.09 8232.79 0 14
2400 665 4626.82 1596.09 0 14
2400 666 163.202 2793.96 0 14
2400 667 -2355.62 -5056.13 0 14
2400 668 9547.75 -6970.09 0 14
2400 669 -7827.87 -911.417 0 14
2400 670 -2162.45 6496.04 0 14
2400 671 -4558.26 6271.39 0 14
2400 672 -7865.86 9661.62 0 14
2400 673 -9224.57 -3000.89 0 14
2400 674 6198.98 -178.341 0 14
2400 675 -2196.04 -2019.76 0 14
2400 676 8642.06 5396.18 0 14
2400 677 -8340.28 4201.44 0 14
2400 678 5024.23 5034.85 0 14
2400 679 5253.9 -5807.18 0 14
2400 680 -1686.2 7262.16 0 14
2400 681 -5720.97 2889.31 0 14
2400 682 -6288.8 -9467.02 0 14
2400 683 6513.25 9412.19 0 14
2400 684 3216.66 -1174.68 0 14
2400 685 -2925.24 653.118 0 14
2400 686 1472.6 2878.66 0 14
2400 687 -1890.03 -2634.03 0 14
2400 688 9624.33 6250.45 0 14
2400 689 3315.74 -5576.94 0 14
2400 690 6125.33 -5561.25 0 14
2400 691 -1727.88 -1463.01 0 14
2400 692 -1408.91 4066.46 0 14
2400 693 -5303.66 6323.66 0 14
2400 694 -9596.26 -1922.94 0 14
2400 695 -4621.7 -896.623 0 14
2400 696 -1952 5375.86 0 14
2400 697 -8403.41 9803.75 0 14
2400 698 -3627.71 523.369 0 14
2400 699 -8828.95 4556.33 0 14
2400 700 -6113.89 4861 0 14
2400 701 -4350.39 9983 0 14
2400 702 3858.21 2518.28 0 14
2400 703 -3993.35 -4512.2 0 14
2400 704 -5991.37 -4440.78 0 14
2400 705 5192.21 3271.95 0 14
2400 706 -318.473 6655.77 0 14
2400 707 5607.77 -6220.21 0 14
2400 708 -2239.07 -5565.77 0 14
2400 709 -769.487 3269.48 0 14
2400 710 4831.13 -8956.13 0 14
2400 711 -1524.09 9590.51 0 14
2400 712 8264.48 5226.57 0 14
2400 713 4729.65 7318.23 0 14
2400 714 1045.56 6184.23 0 14
2400 715 4530.72 -5914.34 0 14
2400 716 -47.7859 -6019.05 0 14
2400 717 2249.02 4102.54 0 14
2400 718 6473.19 9717.02 0 14
2400 719 -8780.15 -9547.91 0 14
2400 720 4761.16 4649.1 0 14
2400 721 -3308.17 1942.07 0 14
2400 722 719.356 1154.53 0 14
2400 723 -7232.28 9998.71 0 14
2400 724 749.852 -2688.4 0 14
2400 725 -1048.74 -6159.6 0 14
2400 726 3267.1 7651.47 0 14
2400 727 -4293.17 8292 0 14
2400 728 1271.49 -4488.55 0 14
2400 729 -9191.84 -7400.22 0 14
2400 730 4478.42 8200.9 0 14
2400 731 -7319.09 -7248.74 0 14
2400 732 8540.27 -2025.49 0 14
2400 733 -4140.65 -5752.38 0 14
2400 734 -2045.03 9094.05 0 14
2400 735 -7191.33 -7183.41 0 14
2400 736 -6335.71 -5904.5 0 14
2400 737 7264.84 7469.21 0 14
2400 738 2598.61 7974.88 0 14
2400 739 4930.98 -7222 0 14
2400 740 8513.39 -9799.92 0 14
2400 741 -7293.73 -8318.77 0 14
2400 742 -9519.38 -1485.17 0 14
2400 743 -2237.55 1571.67 0 14
2400 744 -7932.53 2529.41 0 14
2400 745 6021.62 7857.7 0 14
2400 746 -1506.02 9082.41 0 14
2400 747 -5104.14 -4056.06 0 14
2400 748 1844.36 4276.18 0 14
2400 749 366.675 -3103.39 0 14
2400 750 -2467.12 1668.8 0 14
2400 751 -8.93484 3924.15 0 14
2400 752 593.813 -6531.91 0 14
2400 753 -8323.21 7259.17 0 14
2400 754 -3741.63 -6717.61 0 14
2400 755 2140.46 -7625.65 0 14
2400 756 4168.44 6393.43 0 14
2400 757 1682.56 -495.516 0 14
2400 758 -5008.06 -5261.22 0 14
2400 759 2444.69 -8444.69 0 14
2400 760 -2355.69 5385.86 0 14
2400 761 -9195.44 3252.5 0 14
2400 762 -2219.58 -9103.15 0 14
2400 763 -374.357 166.844 0 14
2400 764 6999.54 3263.23 0 14
2400 765 9002.38 5325.31 0 14
2400 766 -4469.16 303.426 0 14
2400 767 -1522.86 -3195.84 0 14
2400 768 5451.99 7865.58 0 14
2400 769 1967.53 8176.78 0 14
2400 770 4969.86 6638.56 0 14
2400 771 -2406.75 939.351 0 14
2400 772 -7882.49 -6671.12 0 14
2400 773 -6525.04 1761.55 0 14
2400 774 -1721.99 7801.14 0 14
2400 775 -754.13 426.514 0 14
2400 776 1063.84 3736 0 14
2400 777 5072.98 -6622.1 0 14
2400 778 -6493.61 3073.21 0 14
2400 779 -2528.27 -2087.02 0 14
2400 780 -3387.24 -9904.77 0 14
2400 781 3560.66 4592.33 0 14
2400 782 7814.06 6094.17 0 14
2400 783 2407.19 2399.69 0 14
2400 784 -3099.82 1118.58 0 14
2400 785 4498.37 -2016.48 0 14
2400 786 -4643.03 -3177.07 0 14
2400 787 3052.89 -7360.36 0 14
2400 788 8717.72 -3031.3 0 14
2400 789 188.929 7369.66 0 14
2400 790 -1658.62 5749.48 0 14
2400 791 -3074.86 2161.47 0 14
2400 792 -7344.25 4514.61 0 14
2400 793 -3491.38 6704.24 0 14
2400 794 3044.6 -1082.52 0 14
2400 795 -7713.04 -4632.77 0 14
2400 796 8435.81 -1965.3 0 14
2400 797 -8893.71 2901.06 0 14
2400 798 4043.84 -2564.28 0 14
2400 799 3168.6 -8400.09 0 14
2400 800 7304.97 -6377.54 0 14
2400 801 -1519.14 9599.92 0 14
2400 802 -1395.12 -6199.84 0 14
2400 803 442.388 -4978.51 0 14
2400 804 2432.74 -3831.19 0 14
2400 805 -5180.9 -9222.73 0 14
2400 806 -2021.5 4171.02 0 14
2400 807 6155.75 2418.14 0 14
2400 808 7473.38 8922.43 0 14
2400 809 -7858.24 3245.25 0 14
2400 810 1088.9 -2804.82 0 14
2400 811 -6284.88 -3716.36 0 14
2400 812 9453.34 -5471.99 0 14
2400 813 -1604.08 -6177.62 0 14
2400 814 -2527.13 -280.623 0 14
2400 815 1949.36 8434.49 0 14
2400 816 9686.46 -5695.29 0 14
2400 817 3472.37 -9425.89 0 14
2400 818 5232.91 -8158.59 0 14
2400 819 2693.13 2733.63 0 14
2400 820 -8306.13 482.96 0 14
2400 821 -4297.62 -637.383 0 14
2400 822 -840.732 -3736.47 0 14
2400 823 -3597.19 -9465.56 0 14
2400 824 -5257.93 3485.63 0 14
2400 825 5496.66 -8101.35 0 14
2400 826 -5654.75 -8514.33 0 14
2400 827 7228.66 -9937.18 0 14
2400 828 2660.79 5217.27 0 14
2400 829 9776.45 -3557.97 0 14
2400 830 8549.12 3730.04 0 14
2400 831 -5997.35 833.022 0 14
2400 832 -3913.96 -9881.03 0 14
2400 833 9592.44 3671.62 0 14
2400 834 5144.44 -7186.35 0 14
2400 835 -3084.32 -1376.38 0 14
2400 836 -5440.95 -4484.96 0 14
2400 837 -7439.69 6154.31 0 14
2400 838 -9417.91 -9521.93 0 14
2400 839 -5434.9 4712.36 0 14
2400 840 5311.49 -6529.39 0 14
2400 841 -9730.39 -9849.85 0 14
2400 842 3578.98 7984.11 0 14
2400 843 -7993.69 -3362.53 0 14
2400 844 9063.56 2477.54 0 14
2400 845 -9945.85 -7423.97 0 14
2400 846 3305.69 -9310.34 0 14
2400 847 -2204.45 -7990.82 0 14
2400 848 -484.692 -8023.65 0 14
2400 849 5249.77 8951.58 0 14
2400 850 1364.8 -1227.88 0 14
2400 851 552.932 -9843.71 0 14
2400 852 4373.87 5134.35 0 14
2400 853 -2046.62 8256.12 0 14
2400 854 2903.09 3318.54 0 14
2400 855 -4310.87 1539.12 0 14
2400 856 6986.52 7099.32 0 14
2400 857 936.788 5455.58 0 14
2400 858 5680.4 -6107.99 0 14
2400 859 2806.28 6560.41 0 14
2400 860 -1168.14 -310.506 0 14
2400 861 39.6185 9611.14 0 14
2400 862 -5535.39 1016.99 0 14
2400 863 7218.2 -3599.31 0 14
2400 864 9028.79 620.996 0 14
2400 865 -2242.3 4040.96 0 14
2400 866 -4388.83 -9314.6 0 14
2400 867 1846.69 9573.56 0 14
2400 868 6928.94 -7649.88 0 14
2400 869 -4011.62 5347.87 0 14
2400 870 977.008 -2501.81 0 14
2400 871 -1893.04 3576.43 0 14
2400 872 -1299.96 -1227.8 0 14
2400 873 -1308.34 -4565.04 0 14
2400 874 2341.32 7264.39 0 14
2400 875 4485.92 3307.38 0 14
2400 876 693.791 -1387.9 0 14
2400 877 -8709.7 -6553.34 0 14
2400 878 -2094.39 45.4745 0 14
2400 879 5361.27 -6178.36 0 14
2400 880 7789.91 1018.04 0 14
2400 881 5963.59 -7207.5 0 14
2400 882 9784.47 -129.243 0 14
2400 883 625.412 -2043.3 0 14
2400 884 -2132.86 -6182.01 0 14
2400 885 142.73 -5852.3 0 14
2400 886 7397.77 -9787.22 0 14
2400 887 -2473.81 -768.073 0 14
2400 888 4998.71 -7056.6 0 14
2400 889 5068.9 -8915.91 0 14
2400 890 -7287.52 6379.58 0 14
2400 891 -2011.08 4047.37 0 14
2400 892 3115.09 8773.37 0 14
2400 893 8826.24 -3456.31 0 14
2400 894 3043.96 -4182.68 0 14
2400 895 9865.71 6307.97 0 14
2400 896 -6951.36 -9928.66 0 14
2400 897 -5083.85 6099.97 0 14
2400 898 -1372.82 855.564 0 14
2400 899 9375.77 1293.18 0 14
2400 900 -2937.45 8969.54 0 14
2400 901 9110.61 -9038.52 0 14
2400 902 509.064 -7522.46 0 14
2400 903 7772.58 3710.35 0 14
2400 904 8926.91 4350.6 0 14
2400 905 -3329.78 3939 0 14
2400 906 -432.122 2973.18 0 14
2400 907 6009.62 -3187.27 0 14
2400 908 -1771.49 -2409.6 0 14
2400 909 5227.07 -6823.44 0 14
2400 910 -7958.29 -4734.77 0 14
2400 911 5245.25 -4669.65 0 14
2400 912 9226.78 -6155.59 0 14
2400 913 5936.21 729.139 0 14
2400 914 6102.02 -7532.84 0 14
2400 915 7265.87 1050.8 0 14
2400 916 -9552.74 4001.23 0 14
2400 917 -6443.25 -1849.98 0 14
2400 918 5003.9 -5980.74 0 14
2400 919 7785.2 1213.57 0 14
2400 920 1038.6 -9130.71 0 14
2400 921 -3798.65 -4594.89 0 14
2400 922 -4074.46 -919.862 0 14
2400 923 2695.11 1307.04 0 14
2400 924 -3835.51 8466.67 0 14
2400 925 9848.99 -8439.05 0 14
2400 926 -6365.2 6971.36 0 14
2400 927 9672.37 3727.39 0 14
2400 928 9307.59 -7851.18 0 14
2400 929 9575.27 5040.69 0 14
2400 930 -7588.92 7276.98 0 14
2400 931 7735.01 -5466.17 0 14
2400 932 1081.74 6332.65 0 14
2400 933 -6169.52 2880.07 0 14
2400 934 -8362.48 -4671.4 0 14
2400 935 -2017.5 9075.67 0 14
2400 936 -998.927 2273.75 0 14
2400 937 5223.52 5364.79 0 14
2400 938 5401.9 2665.68 0 14
2400 939 924.236 4763.47 0 14
2400 940 -6522.64 75.194 0 14
2400 941 5924.65 6987.48 0 14
2400 942 2255.76 -2621.85 0 14
2400 943 -4135.13 5774.45 0 14
2400 944 -3139.73 9472.96 0 14
2400 945 3428.21 7118.15 0 14
2400 946 -4293.09 -6916.17 0 14
2400 947 2934.57 3757.86 0 14
2400 948 9144.23 -8047.83 0 14
2400 949 -9840.34 5408.15 0 14
2400 950 8975.51 799.628 0 14
2400 951 6977.96 6375.95 0 14
2400 952 4309.85 7353.19 0 14
2400 953 9155.87 -7771.56 0 14
2400 954 -1938.95 -9662.94 0 14
2400 955 3553.08 -3269.63 0 14
2400 956 5119.1 -8218.22 0 14
2400 957 7336.96 6716.62 0 14
2400 958 2471.39 -6574.07 0 14
2400 959 1410.15 -5463.22 0 14
2400 960 3056.95 5754.89 0 14
2400 961 1171.47 -5225.85 0 14
2400 962 -2343.98 6505.6 0 14
2400 963 3895.67 9699.79 0 14
2400 964 5612.85 3676.53 0 14
2400 965 -2475.11 -7256.77 0 14
2400 966 -184.581 5107.88 0 14
2400 967 9528.27 -6782.69 0 14
2400 968 8073.32 -4937.73 0 14
2400 969 -9671.79 -9458.07 0 14
2400 970 -93.5957 -1552.3 0 14
2400 971 5234.41 -1525.22 0 14
2400 972 -6791.22 -1406.6 0 14
2400 973 1726.79 -881.06 0 14
2400 974 1584.04 -2667.1 0 14
2400 975 1038.49 9643.93 0 14
2400 976 7070.26 4452.65 0 14
2400 977 -2102.52 -6946.14 0 14
2400 978 704.667 -1737.4 0 14
2400 979 -7616.49 2169.39 0 14
2400 980 1212.48 9069.78 0 14
2400 981 2980.31 8494.01 0 14
2400 982 -3699.79 -4318.14 0 14
2400 983 -1947.17 -9144.93 0 14
2400 984 4080.95 -6571.79 0 14
2400 985 -8742.55 -8318.16 0 14
2400 986 -4812.7 5670.31 0 14
2400 987 2864.79 1635 0 14
2400 988 -3662.18 4087.73 0 14
2400 989 9154.31 3426.92 0 14
2400 990 -4945.73 890.957 0 14
2400 991 681.612 -4903.7 0 14
2400 992 7365.84 -2125.8 0 14
2400 993 8860.76 -271.873 0 14
2400 994 818.946 4230.03 0 14
2400 995 5515.69 -4954.6 0 14
2400 996 -7169.11 -2915.2 0 14
2400 997 -6113.07 -7665.64 0 14
2400 998 1614.41 -2284.91 0 14
2400 999 6063.29 -4988.05 0 14
2400 1000 6710.56 4237.39 0 14
2400 1001 -338.417 5764.44 0 14
2400 1002 -1738.42 -5862.64 0 14
2400 1003 1177.73 5780.69 0 14
2400 1004 -7519.55 -7278.53 0 14
2400 1005 -9378.43 -1072.04 0 14
2400 1006 -6483.97 7887.22 0 14
2400 1007 -7285.38 -293.611 0 14
2400 1008 -5791.11 9175 0 14
2400 1009 -2366.44 6617.17 0 14
2400 1010 -2336.42 -7673.43 0 14
2400 1011 6651.16 -8172.91 0 14
2400 1012 -6470.82 1704.13 0 14
2400 1013 -4608.7 6923.16 0 14
2400 1014 -747.642 -8398.31 0 14
2400 1015 -6343.29 9351.47 0 14
2400 1016 8319.86 3068.47 0 14
2400 1017 7419.95 -6616.28 0 14
2400 1018 2741.34 6213.16 0 14
2400 1019 -9550.88 -7414.48 0 14
2400 1020 -118.017 -2110.33 0 14
2400 1021 3581.46 -590.112 0 14
2400 1022 6108.79 -6193.42 0 14
2400 1023 -5482.89 703.324 0 14
2400 1024 926.946 6642.13 0 14
2400 1025 -5841.57 -4624.22 0 14
2400 1026 -3100.91 7934.4 0 14
2400 1027 8364.06 1142.71 0 14
2400 1028 5572.47 -2338.97 0 14
2400 1029 2884.95 -9850.69 0 14
2400 1030 7426.94 -8553.16 0 14
2400 1031 -9251.76 -9005.08 0 14
2400 1032 900.585 107.534 0 14
2400 1033 -8984.63 8474.91 0 14
2400 1034 -3784.64 4907.96 0 14
2400 1035 -8266.83 3747.2 0 14
2400 1036 -6088.49 6498.04 0 14
3600 37 5776.01 -3723.43 0 14
3600 38 -6929.44 -4978.88 0 14
3600 39 -7046.08 -6934.2 0 14
3600 40 6356.41 -2459.33 0 14
3600 41 5311.03 -7317.56 0 14
3600 42 -5830 9360.31 0 14
3600 43 -7163.82 5932.44 0 14
3600 44 6917.07 1162.03 0 14
3600 45 1970.24 -5092.32 0 14
3600 46 -652.807 -4667.99 0 14
3600 47 -1368.42 -1698.61 0 14
3600 48 4657.25 -7452.53 0 14
3600 49 3083.42 2843.65 0 14
3600 50 5000.59 -6743 0 14
3600 51 2490.71 -2117 0 14
3600 52 -2304.27 -2794.26 0 14
3600 53 -4254.74 -9136.61 0 14
3600 54 -8547.34 -5159.25 0 14
3600 55 1423.85 9552.13 0 14
3600 56 -5715.2 -1759 0 14
3600 57 -4359.61 -7592.59 0 14
3600 58 3942.81 5097.39 0 14
3600 59 9856.63 -6273.47 0 14
3600 60 -7934.88 -5422.22 0 14
3600 61 1493.58 -3459.75 0 14
3600 62 4423.34 -8204.35 0 14
3600 63 -8614.6 404.098 0 14
3600 64 3357.04 2753.71 0 14
3600 65 1576.5 589.58 0 14
3600 66 3935.4 4759.45 0 14
3600 67 -4274.89 -8191.27 0 14
3600 68 268.593 6898.82 0 14
3600 69 2159.15 -4129.83 0 14
3600 70 -1576.72 9691.01 0 14
3600 71 -2670.49 -4782.95 0 14
3600 72 1478.89 6818.95 0 14
3600 73 221.707 -3783.92 0 14
3600 74 -3442.79 2843.55 0 14
3600 75 -5106.95 6273.79 0 14
3600 76 -8560.12 -4621.3 0 14
3600 77 90.5277 9024.06 0 14
3600 78 8249.13 272.889 0 14
3600 79 8415.03 7391.53 0 14
3600 80 -2566.63 3779.84 0 14
3600 81 -3360.92 619.238 0 14
3600 82 -9874.6 -5636.14 0 14
3600 83 1473.31 -6980.73 0 14
3600 84 6412.91 6626.17 0 14
3600 85 -8121.37 6372.21 0 14
3600 86 -3272.22 1628.08 0 14
3600 87 -1806.55 4727.91 0 14
3600 88 -2758.28 -1748.47 0 14
3600 89 6548.16 6508.44 0 14
3600 90 4498.81 -7135.85 0 14
3600 91 8384.09 -2978.31 0 14
3600 92 608.596 -5351.09 0 14
3600 93 -975.063 6214.93 0 14
3600 94 -5177.73 2123.11 0 14
3600 95 -2535.9 -3648.31 0 14
3600 96 9369.65 3348.67 0 14
3600 97 9015.99 4511.64 0 14
3600 98 -3233.7 6591.66 0 14
3600 99 5804.48 -2131.28 0 14
3600 100 -8891.35 -6976.28 0 14
3600 101 -7688.6 -6703.19 0 14
3600 102 -2226.03 468.449 0 14
3600 103 712.66 -7757.68 0 14
3600 104 630.228 1668.2 0 14
3600 105 -5322.39 7430 0 14
3600 106 -6202.5 7274.89 0 14
3600 107 5594.74 2853.45 0 14
3600 108 -164.963 -1006.77 0 14
3600 109 8127.34 4040.02 0 14
3600 110 937.534 666.934 0 14
3600 111 -7242.88 5640.92 0 14
3600 112 5383.96 -6426.54 0 14
3600 113 -8642.24 4963.41 0 14
3600 114 -6145.79 9541.79 0 14
3600 115 -6432 6123.18 0 14
3600 116 9736.01 5728.42 0 14
3600 117 -5477.71 -3201.03 0 14
3600 118 -3709.37 2132.2 0 14
3600 119 -9798.74 1245.25 0 14
3600 120 -1629.89 3033.87 0 14
3600 121 -6227.16 9819.53 0 14
3600 122 -6221.34 -6953 0 14
3600 123 1586.98 -5484.02 0 14
3600 124 -7838.01 7702.9 0 14
3600 125 -9891.76 1695.74 0 14
3600 126 -3129.32 4893.48 0 14
3600 127 629.084 -577.515 0 14
3600 128 -5099.99 -4951.87 0 14
3600 129 -9166.4 -8394.07 0 14
3600 130 9114.12 -7109.69 0 14
3600 131 -7423.08 -2791.51 0 14
3600 132 2616.55 -3345.54 0 14
3600 133 679.83 6687.48 0 14
3600 134 1707.64 -3456.64 0 14
3600 135 1473.9 6125.85 0 14
3600 136 -5112.69 7894 0 14
3600 137 -9878.94 -7455.93 0 14
3600 138 -3130.39 -4045.25 0 14
3600 139 2492.38 2413.38 0 14
3600 140 6187.27 8922.17 0 14
3600 141 4560.64 4578.19 0 14
3600 142 -141.208 8738.14 0 14
3600 143 -2512.85 -3385.89 0 14
3600 144 -8542.67 2677.88 0 14
3600 145 -220.597 124.839 0 14
3600 146 8523.25 -1991.77 0 14
3600 147 7951.59 8970.69 0 14
3600 148 743.668 8431.15 0 14
3600 149 1337.55 9637.62 0 14
3600 150 -7621.95 5846.53 0 14
3600 151 -391.693 264.498 0 14
3600 152 -7811.88 7728.28 0 14
3600 153 4493.07 -5810.04 0 14
3600 154 -5441.17 2621.85 0 14
3600 155 7286.87 5034.11 0 14
3600 156 -4025.64 1532.49 0 14
3600 157 -8157.98 -8067.44 0 14
3600 158 2520.89 -7609.18 0 14
3600 159 -9040.74 -9279.93 0 14
3600 160 9495.15 -4088.78 0 14
3600 161 -7325.26 -2408.55 0 14
3600 162 -8324.24 5669.9 0 14
3600 163 6766.34 1857.43 0 14
3600 164 -1332.16 6879.31 0 14
3600 165 4500.37 9368.42 0 14
3600 166 -8973.44 9215.94 0 14
3600 167 9462.13 4055.34 0 14
3600 168 -5345.52 -1451.61 0 14
3600 169 -4536.55 -7398.25 0 14
3600 170 -2681.16 -8680.54 0 14
3600 171 -7596.94 -1049.21 0 14
3600 172 -8978.54 -1269.9 0 14
3600 173 7724.63 -8392.5 0 14
3600 174 -5254.37 -6003.95 0 14
3600 175 3212.36 -8674.55 0 14
3600 176 -9504.18 3522.8 0 14
3600 177 1604.9 5801.5 0 14
3600 178 3860.81 -8444.6 0 14
3600 179 -7193.85 -9268.68 0 14
3600 180 -3139.05 8089.6 0 14
3600 181 6336.75 -4714.23 0 14
3600 182 8316.66 5105.97 0 14
3600 183 6785 -7389.51 0 14
3600 184 9396.57 -5648.92 0 14
3600 185 -7082.5 5437.48 0 14
3600 186 4636.22 7250.3 0 14
3600 187 5372.68 -6401.72 0 14
3600 188 -2153.68 -8559.11 0 14
3600 189 5049.07 3267.16 0 14
3600 190 -7015.06 4388.7 0 14
3600 191 9607.62 -3572.32 0 14
3600 192 -8391.95 8636.12 0 14
3600 193 3971.08 -3545.83 0 14
3600 194 -3648.44 -9465.4 0 14
3600 195 5255.76 -8547 0 14
3600 196 4526.43 1736.86 0 14
3600 197 9613.5 -10.6149 0 14
3600 198 4653.56 -5374.19 0 14
3600 199 3033.7 6573.43 0 14
3600 200 -7730.63 -1244.2 0 14
3600 201 -5183.45 5294.2 0 14
3600 202 -7284.32 -4023.87 0 14
3600 203 -2597.62 -5352.4 0 14
3600 204 -9567.34 377.916 0 14
3600 205 6529.42 -4171.72 0 14
3600 206 -3048.36 -9278.28 0 14
3600 207 9495.53 -3783.9 0 14
3600 208 -1371.85 7520.64 0 14
3600 209 6580.8 9052.89 0 14
3600 210 -2259.89 -7156.19 0 14
3600 211 -7097.17 9609.69 0 14
3600 212 7357 -1136.32 0 14
3600 213 6003.11 2688.74 0 14
3600 214 -4023.03 -5095.98 0 14
3600 215 -749.396 5933.76 0 14
3600 216 -3032.77 -9493.31 0 14
3600 217 4812.66 -2380.45 0 14
3600 218 -4235.63 -8863.31 0 14
3600 219 7402.13 -3434.13 0 14
3600 220 2929.61 2261.97 0 14
3600 221 -8313.31 551.917 0 14
3600 222 1425.33 -5877.29 0 14
3600 223 1929.3 -5994.57 0 14
3600 224 1669.04 2208.12 0 14
3600 225 -2985.18 4295.69 0 14
3600 226 4534.59 9671.09 0 14
3600 227 -1635.22 -1788.72 0 14
3600 228 -8936.31 7419.55 0 14
3600 229 -8578.94 4113.49 0 14
3600 230 -3188.6 -4482.63 0 14
3600 231 -5183.99 -3706.59 0 14
3600 232 -8076 1651.19 0 14
3600 233 -1015.9 9917.97 0 14
3600 234 -9384.34 3103.6 0 14
3600 235 3326.89 3678.99 0 14
3600 236 3811.11 -7153.8 0 14
3600 237 2276.18 5534.53 0 14
3600 238 4003.47 8762.59 0 14
3600 239 7510.47 -6141.55 0 14
3600 240 1481.83 -4945.26 0 14
3600 241 -183.251 5738.75 0 14
3600 242 7758.8 4115.76 0 14
3600 243 9840.16 -3761.96 0 14
3600 244 9673.31 -701.293 0 14
3600 245 3965.99 965.082 0 14
3600 246 5972.21 6556.25 0 14
3600 247 2369.96 3330.86 0 14
3600 248 -9834.48 760.389 0 14
3600 249 -6370.49 4663.41 0 14
3600 250 1938.25 4678.8 0 14
3600 251 1715.29 -6377 0 14
3600 252 1292.23 355.139 0 14
3600 253 -7729.81 -2958.45 0 14
3600 254 1744.41 3311.63 0 14
3600 255 -1628.98 5482.6 0 14
3600 256 -564.069 1692.57 0 14
3600 257 -1937.15 104.681 0 14
3600 258 6460.02 8813.79 0 14
3600 259 -4827.84 7504.56 0 14
3600 260 -171.492 -2868.39 0 14
3600 261 5229.98 6713.81 0 14
3600 262 -199.871 -502.766 0 14
3600 263 3614.5 -6667.27 0 14
3600 264 -7280.17 5387 0 14
3600 265 -5363.09 -6840.89 0 14
3600 266 -3240.25 8760.2 0 14
3600 267 4389.68 7041.86 0 14
3600 268 -9803.59 -8425.96 0 14
3600 269 -823.137 -9062.4 0 14
3600 270 6700.26 8820.97 0 14
3600 271 8372.46 -2470.17 0 14
3600 272 3215.59 1089.35 0 14
3600 273 -5687.52 9574.84 0 14
3600 274 9082.39 -8680.79 0 14
3600 275 -6593.7 -9164.65 0 14
3600 276 -755.596 2496.71 0 14
3600 277 2616.84 -7773.38 0 14
3600 278 -8781.88 -2026.72 0 14
3600 279 -1105.03 6804.67 0 14
3600 280 -6374.64 7179.55 0 14
3600 281 8997.93 -9311.58 0 14
3600 282 -4404.35 566.947 0 14
3600 283 -5332.41 710.133 0 14
3600 284 -4938.89 -4789.2 0 14
3600 285 -9146.13 8480.57 0 14
3600 286 7013.94 2417.95 0 14
3600 287 1847.04 -4823.84 0 14
3600 288 -5199.63 -1978.56 0 14
3600 289 6392.62 -9248.51 0 14
3600 290 -6580.01 7895.57 0 14
3600 291 6598.74 -8267.39 0 14
3600 292 4748.72 5757.53 0 14
3600 293 1437.48 9450.49 0 14
3600 294 -9827.98 -9365.42 0 14
3600 295 -57.2011 8137.98 0 14
3600 296 -9123.49 -1606.82 0 14
3600 297 4330.75 -3244.26 0 14
3600 298 9718.97 1144.83 0 14
3600 299 4993.17 5494.27 0 14
3600 300 3872.99 8635.55 0 14
3600 301 7651.87 9793.58 0 14
3600 302 6497.94 -5513.57 0 14
3600 303 -4642.96 -1939.2 0 14
3600 304 5228.08 -7972.29 0 14
3600 305 7828.36 4590.34 0 14
3600 306 9952.84 1876.51 0 14
3600 307 7717.12 -1053.11 0 14
3600 308 1556.55 349.238 0 14
3600 309 -603.178 6167.08 0 14
3600 310 -6802.95 -8692.99 0 14
3600 311 2686.64 -6523 0 14
3600 312 9521.94 -385.484 0 14
3600 313 5627.5 -1045.91 0 14
3600 314 -2933.61 -6245.38 0 14
3600 315 -8631.05 -3016.65 0 14
3600 316 -7874.67 -1123.68 0 14
3600 317 -8381.75 3698.88 0 14
3600 318 3386.58 2991.66 0 14
3600 319 -7873.87 -5335.08 0 14
3600 320 3147.84 2632.88 0 14
3600 321 -140.099 1350.51 0 14
3600 322 -3775.01 -733.247 0 14
3600 323 3781.52 -1323.66 0 14
3600 324 7664.24 5234.81 0 14
3600 325 -9164.35 -4495.07 0 14
3600 326 271.01 995.434 0 14
3600 327 2284.53 2667.69 0 14
3600 328 -5781.92 7423.59 0 14
3600 329 -590.597 -7705.69 0 14
3600 330 -5491.04 -2852.09 0 14
3600 331 -7375.25 8473.68 0 14
3600 332 -3247.96 8117.58 0 14
3600 333 8599.4 1384.32 0 14
3600 334 9643.05 -1396.5 0 14
3600 335 -4750.24 9400.73 0 14
3600 336 2299.44 -1830.5 0 14
3600 337 89.5591 -7315.44 0 14
3600 338 1233.69 -4241.32 0 14
3600 339 327.284 282.951 0 14
3600 340 5716.67 -5149.34 0 14
3600 341 5326.36 -812.226 0 14
3600 342 -4273.9 7688.82 0 14
3600 343 8675.59 5293.34 0 14
3600 344 -3829.74 7514.49 0 14
3600 345 -8027.18 -2570.33 0 14
3600 346 7743.81 8411.56 0 14
3600 347 2306.56 7468.9 0 14
3600 348 5430.89 2293.63 0 14
3600 349 5661.55 4792.71 0 14
3600 350 -4682.58 -5725.36 0 14
3600 351 4589.25 8234.66 0 14
3600 352 -893.472 8964.07 0 14
3600 353 -4396.9 6456.96 0 14
3600 354 -3977.76 2644.82 0 14
3600 355 6152.38 -2072.96 0 14
3600 356 1471.65 5772.74 0 14
3600 357 6353.78 -7366.65 0 14
3600 358 -9502.55 -4108.17 0 14
3600 359 -1933.1 3607.28 0 14
3600 360 8691.06 -3412.04 0 14
3600 361 8517.87 9882.04 0 14
3600 362 -8206.91 -942.289 0 14
3600 363 7614.45 1793.42 0 14
3600 364 -1140.93 -1420 0 14
3600 365 4270.9 5526.18 0 14
3600 366 -3802.64 -2365.36 0 14
3600 367 -2777.14 -464.718 0 14
3600 368 4011.73 -9735.32 0 14
3600 369 9237.66 -6023.57 0 14
3600 370 -114.672 9211.1 0 14
3600 371 7543.36 -2950.8 0 14
3600 372 4827.07 4030.46 0 14
3600 373 7481.28 7927.84 0 14
3600 374 -8052.04 -4977.83 0 14
3600 375 -734.599 -6061.93 0 14
3600 376 -4564.67 7807.92 0 14
3600 377 6858.65 -1138.86 0 14
3600 378 -652.142 -106.815 0 14
3600 379 2683.34 7793.34 0 14
3600 380 -4474.02 -4436.74 0 14
3600 381 -1508.18 9426.87 0 14
3600 382 9250.1 -708.251 0 14
3600 383 6827.2 9525.41 0 14
3600 384 4894.91 5773.75 0 14
3600 385 -8463.65 -7225.74 0 14
3600 386 -4143.05 -1262.92 0 14
3600 387 -1423.85 -2118.31 0 14
3600 388 8001.78 -6052.28 0 14
3600 389 6730.61 -4453.56 0 14
3600 390 7745.21 2437.69 0 14
3600 391 5314.33 -569.779 0 14
3600 392 -8709.71 -2180.14 0 14
3600 393 955.386 -5707.82 0 14
3600 394 -6886.89 -7848.18 0 14
3600 395 6852.51 -7841.63 0 14
3600 396 -9081.94 -2101.86 0 14
3600 397 9217.88 3703.76 0 14
3600 398 3763.53 -7129.6 0 14
3600 399 -7982.74 -8141.51 0 14
3600 400 535.675 5782.04 0 14
3600 401 -5670.27 6865.94 0 14
3600 402 -7150.4 -1136.26 0 14
3600 403 -9454.76 6810.99 0 14
3600 404 -3450.77 -194.574 0 14
3600 405 -500.047 -3521.47 0 14
3600 406 -8035.16 -3693.9 0 14
3600 407 -6023.31 8629.8 0 14
3600 408 90.5797 1774.97 0 14
3600 409 -7150.83 -1026 0 14
3600 410 9481.61 -8799.49 0 14
3600 411 5194.91 -6936.74 0 14
3600 412 -1699.11 6359.21 0 14
3600 413 -2401.54 2290.5 0 14
3600 414 -6894.91 -4744.06 0 14
3600 415 -1278.95 927.431 0 14
3600 416 8521.6 742.958 0 14
3600 417 1387.81 9284.94 0 14
3600 418 -2078.74 718.415 0 14
3600 419 -4617.94 7873.11 0 14
3600 420 -9258.95 6959.93 0 14
3600 421 -1378.72 -1306.03 0 14
3600 422 -6297.44 -6271.09 0 14
3600 423 1282.91 -9010.06 0 14
3600 424 5320.32 1788.66 0 14
3600 425 881.932 2865.92 0 14
3600 426 2309.43 6535 0 14
3600 427 7647.95 -9520.73 0 14
3600 428 9006.75 -7325.65 0 14
3600 429 7399.16 -106.866 0 14
3600 430 2455.87 -3014.17 0 14
3600 431 4719.98 -9163.1 0 14
3600 432 1565.08 -5496.85 0 14
3600 433 -9307.37 9124.98 0 14
3600 434 -7235.37 9643.55 0 14
3600 435 2922.96 -3111.25 0 14
3600 436 8120.24 -2199.14 0 14
3600 437 919.548 -7635.52 0 14
3600 438 -799.529 6102.64 0 14
3600 439 2106.37 -5846.37 0 14
3600 440 5947.15 3121.12 0 14
3600 441 9253.49 268.763 0 14
3600 442 6457.19 -3134.39 0 14
3600 443 -8230.07 5575.64 0 14
3600 444 -760.469 3935.09 0 14
3600 445 -4977.41 -5970.61 0 14
3600 446 -7828.45 -5852.47 0 14
3600 447 4150.4 7941.22 0 14
3600 448 5395 9065.31 0 14
3600 449 -5210.86 -4491 0 14
3600 450 5279.78 -5948.17 0 14
3600 451 -3205.8 -3948.14 0 14
3600 452 -6125.39 9821.07 0 14
3600 453 7113.35 4295.14 0 14
3600 454 -604.928 -300.61 0 14
3600 455 8791.13 -1299.11 0 14
3600 456 -7265.77 -3897.54 0 14
3600 457 4203.05 -5396.76 0 14
3600 458 -8520.91 9804.58 0 14
3600 459 -8467.3 -3629 0 14
3600 460 -7200.87 -1061.58 0 14
3600 461 -456.227 -424.896 0 14
3600 462 4215.77 -799.6 0 14
3600 463 1041.13 3053.59 0 14
3600 464 -8273.75 -7940.05 0 14
3600 465 9887.47 -759.571 0 14
3600 466 -1219.64 -2604.54 0 14
3600 467 -2097.32 4756.66 0 14
3600 468 -1098.12 2167.7 0 14
3600 469 -7377.97 6689.5 0 14
3600 470 4327.78 -9360.22 0 14
3600 471 -8774.65 -2382.88 0 14
3600 472 -1033.39 -9917.84 0 14
3600 473 2449.74 7746.16 0 14
3600 474 -3415.96 -6843.75 0 14
3600 475 -9836.62 -8395.76 0 14
3600 476 -8061.44 4826.13 0 14
3600 477 8825.25 -8877.14 0 14
3600 478 6045.71 141.526 0 14
3600 479 7983.67 1268.16 0 14
3600 480 -9738.88 1066.34 0 14
3600 481 -8473.55 5334.32 0 14
3600 482 765.557 -3110.8 0 14
3600 483 -507.809 -4666.13 0 14
3600 484 -5853.02 -4702.19 0 14
3600 485 215.068 3251.86 0 14
3600 486 -1500.14 32.1996 0 14
3600 487 6750.09 -8452.15 0 14
3600 488 -3921.33 546.156 0 14
3600 489 1926.34 -4266.59 0 14
3600 490 -3361.69 7677.51 0 14
3600 491 7060.27 4569.7 0 14
3600 492 1478.1 5839.43 0 14
3600 493 2015.81 -4724.16 0 14
3600 494 -458.488 5845.3 0 14
3600 495 9109.57 9582.68 0 14
3600 496 -5923.34 12.7619 0 14
3600 497 -5585.25 444.196 0 14
3600 498 -8186.01 4096.17 0 14
3600 499 3977.57 2448.98 0 14
3600 500 -8421.99 -5864.66 0 14
3600 501 7162.35 3491.88 0 14
3600 502 5122.34 771.236 0 14
3600 503 8416.91 5338 0 14
3600 504 2379.22 -4251.45 0 14
3600 505 395.565 -8005.72 0 14
3600 506 -5335.68 -2264.18 0 14
3600 507 -215.472 8859.35 0 14
3600 508 -3552.73 -2621.11 0 14
3600 509 2337.67 6705.59 0 14
3600 510 -3867.89 2846.06 0 14
3600 511 -703.907 -9250.9 0 14
3600 512 2355.96 -3926.64 0 14
3600 513 7419.68 -2523.28 0 14
3600 514 3564.82 -346.956 0 14
3600 515 7566.35 -2207.53 0 14
3600 516 3994.9 1857.41 0 14
3600 517 723.542 233.067 0 14
3600 518 9454.42 -7311.92 0 14
3600 519 3872.77 5711.71 0 14
3600 520 -8655.6 -1696.3 0 14
3600 521 -8638.63 4476.06 0 14
3600 522 -9961.33 9081.83 0 14
3600 523 506.34 -4508.5 0 14
3600 524 7458.41 5026.2 0 14
3600 525 7397.57 5404.21 0 14
3600 526 2300.46 -5273.43 0 14
3600 527 -4539.05 9542.9 0 14
3600 528 6717.95 6345.67 0 14
3600 529 -5463.19 -9287.51 0 14
3600 530 1219.24 -3045.27 0 14
3600 531 -4159.18 672.131 0 14
3600 532 5016.17 -70.5433 0 14
3600 533 2713.82 -9579.64 0 14
3600 534 7560.69 -5398.96 0 14
3600 535 -980.497 -9542.27 0 14
3600 536 -4475.69 9034.95 0 14
3600 537 6383.51 8598.67 0 14
3600 538 -5896.43 -5320.15 0 14
3600 539 1640.27 9319.73 0 14
3600 540 -7092.66 11.0771 0 14
3600 541 5114.45 -3763.63 0 14
3600 542 -2987.86 -5594.43 0 14
3600 543 7060.19 -9913.54 0 14
3600 544 -2383.54 -9524.06 0 14
3600 545 -9403.28 7395.59 0 14
3600 546 615.821 -9070.57 0 14
3600 547 -7789.94 -2126.57 0 14
3600 548 3161.69 -1625.26 0 14
3600 549 1351.35 -1700.58 0 14
3600 550 7812.97 -3018.84 0 14
3600 551 7136.54 -4272.38 0 14
3600 552 5208.06 4642.69 0 14
3600 553 -5398.28 3210.22 0 14
3600 554 822.282 9784.05 0 14
3600 555 1079.56 6688.94 0 14
3600 556 -6643.74 -8722.38 0 14
3600 557 3560.49 -9299.51 0 14
3600 558 8547.6 -5335.86 0 14
3600 559 7687.16 -747.135 0 14
3600 560 -9275.99 -9492.26 0 14
3600 561 -6113.06 8422 0 14
3600 562 -2549.4 -1561.39 0 14
3600 563 4776.31 1688.04 0 14
3600 564 5922.42 9843.97 0 14
3600 565 -5836.23 -1969.42 0 14
3600 566 5497.08 864.736 0 14
3600 567 7983.46 4349.79 0 14
3600 568 3053.37 -8444.17 0 14
3600 569 -3100.44 -3543.35 0 14
3600 570 2508.54 6520.81 0 14
3600 571 5801.94 7393.52 0 14
3600 572 -1884.73 1397.57 0 14
3600 573 -8637.59 -4206.35 0 14
3600 574 3944.1 -8044.95 0 14
3600 575 -583.789 -1611.73 0 14
3600 576 -2180.3 8175.14 0 14
3600 577 882.471 5849.89 0 14
3600 578 -3978.72 -5601.59 0 14
3600 579 1158.05 2928.76 0 14
3600 580 -4272.2 -1650.44 0 14
3600 581 2181.07 -9034.59 0 14
3600 582 -8017.23 9934.99 0 14
3600 583 1403.32 -9566.8 0 14
3600 584 -2458.77 9098.79 0 14
3600 585 7049.61 -2672.83 0 14
3600 586 2911.23 5251.17 0 14
3600 587 5622.55 -1861.79 0 14
3600 588 -1651.4 9502.35 0 14
3600 589 6195.55 2984.43 0 14
3600 590 7900.84 2387.46 0 14
3600 591 -2605.29 -4063.08 0 14
3600 592 9765.45 4694.04 0 14
3600 593 -2848.98 6520.12 0 14
3600 594 6878.94 446.276 0 14
3600 595 -7668.99 4288.14 0 14
3600 596 1647.52 -2187.69 0 14
3600 597 7028.86 -3411.68 0 14
3600 598 5212.8 4924.93 0 14
3600 599 2576.45 -1453.48 0 14
3600 600 4448.85 -9524.84 0 14
3600 601 -3876.56 -7109.94 0 14
3600 602 1259.14 254.485 0 14
3600 603 7289.91 617.765 0 14
3600 604 -5566.18 5920.23 0 14
3600 605 -7367.48 -9308.46 0 14
3600 606 3701.91 -6041.5 0 14
3600 607 3840.4 -6776.02 0 14
3600 608 3032.4 -5986.32 0 14
3600 609 -6089.69 4394.49 0 14
3600 610 3673.18 4213.6 0 14
3600 611 9730.63 -3059.61 0 14
3600 612 9817.46 9857.54 0 14
3600 613 -8964.05 -2772.15 0 14
3600 614 255.775 -723.396 0 14
3600 615 3776.07 1744.57 0 14
3600 616 5258.18 -5470.44 0 14
3600 617 4481.95 -6777.09 0 14
3600 618 -8698.12 -676.162 0 14
3600 619 -8645.33 1046.46 0 14
3600 620 -1900.7 -8573.91 0 14
3600 621 1271.74 -3740.46 0 14
3600 622 7966.35 5295.01 0 14
3600 623 -2090.75 2091.27 0 14
3600 624 -8815.6 7218.19 0 14
3600 625 6587.37 -5843.75 0 14
3600 626 2038.45 -3470.79 0 14
3600 627 7115.64 4240.66 0 14
3600 628 -3411 -5031.03 0 14
3600 629 -8733.17 -3818.47 0 14
3600 630 -6471.5 6324.13 0 14
3600 631 7223.12 -274.819 0 14
3600 632 9985.74 6058.51 0 14
3600 633 4583.31 -1113.91 0 14
3600 634 8317.81 -4216.15 0 14
3600 635 3703.39 -4969.34 0 14
3600 636 867.817 -3404.11 0 14
3600 637 3457.54 -9393.97 0 14
3600 638 3274.12 9591.21 0 14
3600 639 -4040.57 7660.96 0 14
3600 640 27.4003 732.76 0 14
3600 641 8203.58 7249.51 0 14
3600 642 1279.72 -536.684 0 14
3600 643 -3285.2 630.561 0 14
3600 644 -4226.65 9110.85 0 14
3600 645 5641.04 9890.23 0 14
3600 646 2295.49 -6758.14 0 14
3600 647 -1750.92 9980.06 0 14
3600 648 -3618.29 -1950.98 0 14
3600 649 2988.1 -9812.43 0 14
3600 650 538.259 -1389.18 0 14
3600 651 -4307.38 -7120.53 0 14
3600 652 -9578.36 -1309.93 0 14
3600 653 9876.01 1046.82 0 14
3600 654 -4539.01 -3619.4 0 14
3600 655 212.808 -5528.83 0 14
3600 656 -4093.55 -9762.84 0 14
3600 657 -3913.1 -3632.81 0 14
3600 658 9011.39 2503.51 0 14
3600 659 4927.32 8092.05 0 14
3600 660 9621.22 -6803.37 0 14
3600 661 4792.42 -9346.42 0 14
3600 662 2905.09 -2430.89 0 14
3600 663 9057.74 -7853.69 0 14
3600 664 -2594.09 8232.79 0 14
3600 665 4626.82 1596.09 0 14
3600 666 163.202 2793.96 0 14
3600 667 -2355.62 -5056.13 0 14
3600 668 9547.75 -6970.09 0 14
3600 669 -7827.87 -911.417 0 14
3600 670 -2162.45 6496.04 0 14
3600 671 -4558.26 6271.39 0 14
3600 672 -7865.86 9661.62 0 14
3600 673 -9224.57 -3000.89 0 14
3600 674 6198.98 -178.341 0 14
3600 675 -2196.04 -2019.76 0 14
3600 676 8642.06 5396.18 0 14
3600 677 -8340.28 4201.44 0 14
3600 678 5024.23 5034.85 0 14
3600 679 5253.9 -5807.18 0 14
3600 680 -1686.2 7262.16 0 14
3600 681 -5720.97 2889.31 0 14
3600 682 -6288.8 -9467.02 0 14
3600 683 6513.25 9412.19 0 14
3600 684 3216.66 -1174.68 0 14
3600 685 -2925.24 653.118 0 14
3600 686 1472.6 2878.66 0 14
3600 687 -1890.03 -2634.03 0 14
3600 688 9624.33 6250.45 0 14
3600 689 3315.74 -5576.94 0 14
3600 690 6125.33 -5561.25 0 14
3600 691 -1727.88 -1463.01 0 14
3600 692 -1408.91 4066.46 0 14
3600 693 -5303.66 6323.66 0 14
3600 694 -9596.26 -1922.94 0 14
3600 695 -4621.7 -896.623 0 14
3600 696 -1952 5375.86 0 14
3600 697 -8403.41 9803.75 0 14
3600 698 -3627.71 523.369 0 14
3600 699 -8828.95 4556.33 0 14
3600 700 -6113.89 4861 0 14
3600 701 -4350.39 9983 0 14
3600 702 3858.21 2518.28 0 14
3600 703 -3993.35 -4512.2 0 14
3600 704 -5991.37 -4440.78 0 14
3600 705 5192.21 3271.95 0 14
3600 706 -318.473 6655.77 0 14
3600 707 5607.77 -6220.21 0 14
3600 708 -2239.07 -5565.77 0 14
3600 709 -769.487 3269.48 0 14
3600 710 4831.13 -8956.13 0 14
3600 711 -1524.09 9590.51 0 14
3600 712 8264.48 5226.57 0 14
3600 713 4729.65 7318.23 0 14
3600 714 1045.56 6184.23 0 14
3600 715 4530.72 -5914.34 0 14
3600 716 -47.7859 -6019.05 0 14
3600 717 2249.02 4102.54 0 14
3600 718 6473.19 9717.02 0 14
3600 719 -8780.15 -9547.91 0 14
3600 720 4761.16 4649.1 0 14
3600 721 -3308.17 1942.07 0 14
3600 722 719.356 1154.53 0 14
3600 723 -7232.28 9998.71 0 14
3600 724 749.852 -2688.4 0 14
3600 725 -1048.74 -6159.6 0 14
3600 726 3267.1 7651.47 0 14
3600 727 -4293.17 8292 0 14
3600 728 1271.49 -4488.55 0 14
3600 729 -9191.84 -7400.22 0 14
3600 730 4478.42 8200.9 0 14
3600 731 -7319.09 -7248.74 0 14
3600 732 8540.27 -2025.49 0 14
3600 733 -4140.65 -5752.38 0 14
3600 734 -2045.03 9094.05 0 14
3600 735 -7191.33 -7183.41 0 14
3600 736 -6335.71 -5904.5 0 14
3600 737 7264.84 7469.21 0 14
3600 738 2598.61 7974.88 0 14
3600 739 4930.98 -7222 0 14
3600 740 8513.39 -9799.92 0 14
3600 741 -7293.73 -8318.77 0 14
3600 742 -9519.38 -1485.17 0 14
3600 743 -2237.55 1571.67 0 14
3600 744 -7932.53 2529.41 0 14
3600 745 6021.62 7857.7 0 14
3600 746 -1506.02 9082.41 0 14
3600 747 -5104.14 -4056.06 0 14
3600 748 1844.36 4276.18 0 14
3600 749 366.675 -3103.39 0 14
3600 750 -2467.12 1668.8 0 14
3600 751 -8.93484 3924.15 0 14
3600 752 593.813 -6531.91 0 14
3600 753 -8323.21 7259.17 0 14
3600 754 -3741.63 -6717.61 0 14
3600 755 2140.46 -7625.65 0 14
3600 756 4168.44 6393.43 0 14
3600 757 1682.56 -495.516 0 14
3600 758 -5008.06 -5261.22 0 14
3600 759 2444.69 -8444.69 0 14
3600 760 -2355.69 5385.86 0 14
3600 761 -9195.44 3252.5 0 14
3600 762 -2219.58 -9103.15 0 14
3600 763 -374.357 166.844 0 14
3600 764 6999.54 3263.23 0 14
3600 765 9002.38 5325.31 0 14
3600 766 -4469.16 303.426 0 14
3600 767 -1522.86 -3195.84 0 14
3600 768 5451.99 7865.58 0 14
3600 769 1967.53 8176.78 0 14
3600 770 4969.86 6638.56 0 14
3600 771 -2406.75 939.351 0 14
3600 772 -7882.49 -6671.12 0 14
3600 773 -6525.04 1761.55 0 14
3600 774 -1721.99 7801.14 0 14
3600 775 -754.13 426.514 0 14
3600 776 1063.84 3736 0 14
3600 777 5072.98 -6622.1 0 14
3600 778 -6493.61 3073.21 0 14
3600 779 -2528.27 -2087.02 0 14
3600 780 -3387.24 -9904.77 0 14
3600 781 3560.66 4592.33 0 14
3600 782 7814.06 6094.17 0 14
3600 783 2407.19 2399.69 0 14
3600 784 -3099.82 1118.58 0 14
3600 785 4498.37 -2016.48 0 14
3600 786 -4643.03 -3177.07 0 14
3600 787 3052.89 -7360.36 0 14
3600 788 8717.72 -3031.3 0 14
3600 789 188.929 7369.66 0 14
3600 790 -1658.62 5749.48 0 14
3600 791 -3074.86 2161.47 0 14
3600 792 -7344.25 4514.61 0 14
3600 793 -3491.38 6704.24 0 14
3600 794 3044.6 -1082.52 0 14
3600 795 -7713.04 -4632.77 0 14
3600 796 8435.81 -1965.3 0 14
3600 797 -8893.71 2901.06 0 14
3600 798 4043.84 -2564.28 0 14
3600 799 3168.6 -8400.09 0 14
3600 800 7304.97 -6377.54 0 14
3600 801 -1519.14 9599.92 0 14
3600 802 -1395.12 -6199.84 0 14
3600 803 442.388 -4978.51 0 14
3600 804 2432.74 -3831.19 0 14
3600 805 -5180.9 -9222.73 0 14
3600 806 -2021.5 4171.02 0 14
3600 807 6155.75 2418.14 0 14
3600 808 7473.38 8922.43 0 14
3600 809 -7858.24 3245.25 0 14
3600 810 1088.9 -2804.82 0 14
3600 811 -6284.88 -3716.36 0 14
3600 812 9453.34 -5471.99 0 14
3600 813 -1604.08 -6177.62 0 14
3600 814 -2527.13 -280.623 0 14
3600 815 1949.36 8434.49 0 14
3600 816 9686.46 -5695.29 0 14
3600 817 3472.37 -9425.89 0 14
3600 818 5232.91 -8158.59 0 14
3600 819 2693.13 2733.63 0 14
3600 820 -8306.13 482.96 0 14
3600 821 -4297.62 -637.383 0 14
3600 822 -840.732 -3736.47 0 14
3600 823 -3597.19 -9465.56 0 14
3600 824 -5257.93 3485.63 0 14
3600 825 5496.66 -8101.35 0 14
3600 826 -5654.75 -8514.33 0 14
3600 827 7228.66 -9937.18 0 14
3600 828 2660.79 5217.27 0 14
3600 829 9776.45 -3557.97 0 14
3600 830 8549.12 3730.04 0 14
3600 831 -5997.35 833.022 0 14
3600 832 -3913.96 -9881.03 0 14
3600 833 9592.44 3671.62 0 14
3600 834 5144.44 -7186.35 0 14
3600 835 -3084.32 -1376.38 0 14
3600 836 -5440.95 -4484.96 0 14
3600 837 -7439.69 6154.31 0 14
3600 838 -9417.91 -9521.93 0 14
3600 839 -5434.9 4712.36 0 14
3600 840 5311.49 -6529.39 0 14
3600 841 -9730.39 -9849.85 0 14
3600 842 3578.98 7984.11 0 14
3600 843 -7993.69 -3362.53 0 14
3600 844 9063.56 2477.54 0 14
3600 845 -9945.85 -7423.97 0 14
3600 846 3305.69 -9310.34 0 14
3600 847 -2204.45 -7990.82 0 14
3600 848 -484.692 -8023.65 0 14
3600 849 5249.77 8951.58 0 14
3600 850 1364.8 -1227.88 0 14
3600 851 552.932 -9843.71 0 14
3600 852 4373.87 5134.35 0 14
3600 853 -2046.62 8256.12 0 14
3600 854 2903.09 3318.54 0 14
3600 855 -4310.87 1539.12 0 14
3600 856 6986.52 7099.32 0 14
3600 857 936.788 5455.58 0 14
3600 858 5680.4 -6107.99 0 14
3600 859 2806.28 6560.41 0 14
3600 860 -1168.14 -310.506 0 14
3600 861 39.6185 9611.14 0 14
3600 862 -5535.39 1016.99 0 14
3600 863 7218.2 -3599.31 0 14
3600 864 9028.79 620.996 0 14
3600 865 -2242.3 4040.96 0 14
3600 866 -4388.83 -9314.6 0 14
3600 867 1846.69 9573.56 0 14
3600 868 6928.94 -7649.88 0 14
3600 869 -4011.62 5347.87 0 14
3600 870 977.008 -2501.81 0 14
3600 871 -1893.04 3576.43 0 14
3600 872 -1299.96 -1227.8 0 14
3600 873 -1308.34 -4565.04 0 14
3600 874 2341.32 7264.39 0 14
3600 875 4485.92 3307.38 0 14
3600 876 693.791 -1387.9 0 14
3600 877 -8709.7 -6553.34 0 14
3600 878 -2094.39 45.4745 0 14
3600 879 5361.27 -6178.36 0 14
3600 880 7789.91 1018.04 0 14
3600 881 5963.59 -7207.5 0 14
3600 882 9784.47 -129.243 0 14
3600 883 625.412 -2043.3 0 14
3600 884 -2132.86 -6182.01 0 14
3600 885 142.73 -5852.3 0 14
3600 886 7397.77 -9787.22 0 14
3600 887 -2473.81 -768.073 0 14
3600 888 4998.71 -7056.6 0 14
3600 889 5068.9 -8915.91 0 14
3600 890 -7287.52 6379.58 0 14
3600 891 -2011.08 4047.37 0 14
3600 892 3115.09 8773.37 0 14
3600 893 8826.24 -3456.31 0 14
3600 894 3043.96 -4182.68 0 14
3600 895 9865.71 6307.97 0 14
3600 896 -6951.36 -9928.66 0 14
3600 897 -5083.85 6099.97 0 14
3600 898 -1372.82 855.564 0 14
3600 899 9375.77 1293.18 0 14
3600 900 -2937.45 8969.54 0 14
3600 901 9110.61 -9038.52 0 14
3600 902 509.064 -7522.46 0 14
3600 903 7772.58 3710.35 0 14
3600 904 8926.91 4350.6 0 14
3600 905 -3329.78 3939 0 14
3600 906 -432.122 2973.18 0 14
3600 907 6009.62 -3187.27 0 14
3600 908 -1771.49 -2409.6 0 14
3600 909 5227.07 -6823.44 0 14
3600 910 -7958.29 -4734.77 0 14
3600 911 5245.25 -4669.65 0 14
3600 912 9226.78 -6155.59 0 14
3600 913 5936.21 729.139 0 14
3600 914 6102.02 -7532.84 0 14
3600 915 7265.87 1050.8 0 14
3600 916 -9552.74 4001.23 0 14
3600 917 -6443.25 -1849.98 0 14
3600 918 5003.9 -5980.74 0 14
3600 919 7785.2 1213.57 0 14
3600 920 1038.6 -9130.71 0 14
3600 921 -3798.65 -4594.89 0 14
3600 922 -4074.46 -919.862 0 14
3600 923 2695.11 1307.04 0 14
3600 924 -3835.51 8466.67 0 14
3600 925 9848.99 -8439.05 0 14
3600 926 -6365.2 6971.36 0 14
3600 927 9672.37 3727.39 0 14
3600 928 9307.59 -7851.18 0 14
3600 929 9575.27 5040.69 0 14
3600 930 -7588.92 7276.98 0 14
3600 931 7735.01 -5466.17 0 14
3600 932 1081.74 6332.65 0 14
3600 933 -6169.52 2880.07 0 14
3600 934 -8362.48 -4671.4 0 14
3600 935 -2017.5 9075.67 0 14
3600 936 -998.927 2273.75 0 14
3600 937 5223.52 5364.79 0 14
3600 938 5401.9 2665.68 0 14
3600 939 924.236 4763.47 0 14
3600 940 -6522.64 75.194 0 14
3600 941 5924.65 6987.48 0 14
3600 942 2255.76 -2621.85 0 14
3600 943 -4135.13 5774.45 0 14
3600 944 -3139.73 9472.96 0 14
3600 945 3428.21 7118.15 0 14
3600 946 -4293.09 -6916.17 0 14
3600 947 2934.57 3757.86 0 14
3600 948 9144.23 -8047.83 0 14
3600 949 -9840.34 5408.15 0 14
3600 950 8975.51 799.628 0 14
3600 951 6977.96 6375.95 0 14
3600 952 4309.85 7353.19 0 14
3600 953 9155.87 -7771.56 0 14
3600 954 -1938.95 -9662.94 0 14
3600 955 3553.08 -3269.63 0 14
3600 956 5119.1 -8218.22 0 14
3600 957 7336.96 6716.62 0 14
3600 958 2471.39 -6574.07 0 14
3600 959 1410.15 -5463.22 0 14
3600 960 3056.95 5754.89 0 14
3600 961 1171.47 -5225.85 0 14
3600 962 -2343.98 6505.6 0 14
3600 963 3895.67 9699.79 0 14
3600 964 5612.85 3676.53 0 14
3600 965 -2475.11 -7256.77 0 14
3600 966 -184.581 5107.88 0 14
3600 967 9528.27 -6782.69 0 14
3600 968 8073.32 -4937.73 0 14
3600 969 -9671.79 -9458.07 0 14
3600 970 -93.5957 -1552.3 0 14
3600 971 5234.41 -1525.22 0 14
3600 972 -6791.22 -1406.6 0 14
3600 973 1726.79 -881.06 0 14
3600 974 1584.04 -2667.1 0 14
3600 975 1038.49 9643.93 0 14
3600 976 7070.26 4452.65 0 14
3600 977 -2102.52 -6946.14 0 14
3600 978 704.667 -1737.4 0 14
3600 979 -7616.49 2169.39 0 14
3600 980 1212.48 9069.78 0 14
3600 981 2980.31 8494.01 0 14
3600 982 -3699.79 -4318.14 0 14
3600 983 -1947.17 -9144.93 0 14
3600 984 4080.95 -6571.79 0 14
3600 985 -8742.55 -8318.16 0 14
3600 986 -4812.7 5670.31 0 14
3600 987 2864.79 1635 0 14
3600 988 -3662.18 4087.73 0 14
3600 989 9154.31 3426.92 0 14
3600 990 -4945.73 890.957 0 14
3600 991 681.612 -4903.7 0 14
3600 992 7365.84 -2125.8 0 14
3600 993 8860.76 -271.873 0 14
3600 994 818.946 4230.03 0 14
3600 995 5515.69 -4954.6 0 14
3600 996 -7169.11 -2915.2 0 14
3600 997 -6113.07 -7665.64 0 14
3600 998 1614.41 -2284.91 0 14
3600 999 6063.29 -4988.05 0 14
3600 1000 6710.56 4237.39 0 14
3600 1001 -338.417 5764.44 0 14
3600 1002 -1738.42 -5862.64 0 14
3600 1003 1177.73 5780.69 0 14
3600 1004 -7519.55 -7278.53 0 14
3600 1005 -9378.43 -1072.04 0 14
3600 1006 -6483.97 7887.22 0 14
3600 1007 -7285.38 -293.611 0 14
3600 1008 -5791.11 9175 0 14
3600 1009 -2366.44 6617.17 0 14
3600 1010 -2336.42 -7673.43 0 14
3600 1011 6651.16 -8172.91 0 14
3600 1012 -6470.82 1704.13 0 14
3600 1013 -4608.7 6923.16 0 14
3600 1014 -747.642 -8398.31 0 14
3600 1015 -6343.29 9351.47 0 14
3600 1016 8319.86 3068.47 0 14
3600 1017 7419.95 -6616.28 0 14
3600 1018 2741.34 6213.16 0 14
3600 1019 -9550.88 -7414.48 0 14
3600 1020 -118.017 -2110.33 0 14
3600 1021 3581.46 -590.112 0 14
3600 1022 6108.79 -6193.42 0 14
3600 1023 -5482.89 703.324 0 14
3600 1024 926.946 6642.13 0 14
3600 1025 -5841.57 -4624.22 0 14
3600 1026 -3100.91 7934.4 0 14
3600 1027 8364.06 1142.71 0 14
3600 1028 5572.47 -2338.97 0 14
3600 1029 2884.95 -9850.69 0 14
3600 1030 7426.94 -8553.16 0 14
3600 1031 -9251.76 -9005.08 0 14
3600 1032 900.585 107.534 0 14
3600 1033 -8984.63 8474.91 0 14
3600 1034 -3784.64 4907.96 0 14
3600 1035 -8266.83 3747.2 0 14
3600 1036 -6088.49 6498.04 0 14
4800 37 5776.01 -3723.43 1 14
4800 38 -6929.44 -4978.88 0 14
4800 39 -7046.08 -6934.2 0 14
4800 40 6356.41 -2459.33 0 14
4800 41 5311.03 -7317.56 1 14
4800 42 -5830 9360.31 0 14
4800 43 -7163.82 5932.44 1 14
4800 44 6917.07 1162.03 0 14
4800 45 1970.24 -5092.32 0 14
4800 46 -652.807 -4667.99 1 14
4800 47 -1368.42 -1698.61 0 14
4800 48 4657.25 -7452.53 3 14
4800 49 3083.42 2843.65 1 14
4800 50 5000.59 -6743 0 14
4800 51 2490.71 -2117 0 14
4800 52 -2304.27 -2794.26 1 14
4800 53 -4254.74 -9136.61 0 14
4800 54 -8547.34 -5159.25 3 14
4800 55 1423.85 9552.13 0 14
4800 56 -5715.2 -1759 0 14
4800 57 -4359.61 -7592.59 4 14
4800 58 3942.81 5097.39 0 14
4800 59 9856.63 -6273.47 0 14
4800 60 -7934.88 -5422.22 1 14
4800 61 1493.58 -3459.75 0 14
4800 62 4423.34 -8204.35 0 14
4800 63 -8614.6 404.098 1 14
4800 64 3357.04 2753.71 3 14
4800 65 1576.5 589.58 1 14
4800 66 3935.4 4759.45 0 14
4800 67 -4274.89 -8191.27 1 14
4800 68 268.593 6898.82 1 14
4800 69 2159.15 -4129.83 0 14
4800 70 -1576.72 9691.01 0 14
4800 71 -2670.49 -4782.95 1 14
4800 72 1478.89 6818.95 0 14
4800 73 221.707 -3783.92 1 14
4800 74 -3442.79 2843.55 1 14
4800 75 -5106.95 6273.79 1 14
4800 76 -8560.12 -4621.3 2 14
4800 77 90.5277 9024.06 2 14
4800 78 8249.13 272.889 0 14
4800 79 8415.03 7391.53 2 14
4800 80 -2566.63 3779.84 1 14
4800 81 -3360.92 619.238 0 14
4800 82 -9874.6 -5636.14 1 14
4800 83 1473.31 -6980.73 0 14
4800 84 6412.91 6626.17 1 14
4800 85 -8121.37 6372.21 0 14
4800 86 -3272.22 1628.08 1 14
4800 87 -1806.55 4727.91 1 14
4800 88 -2758.28 -1748.47 1 14
4800 89 6548.16 6508.44 1 14
4800 90 4498.81 -7135.85 2 14
4800 91 8384.09 -2978.31 0 14
4800 92 608.596 -5351.09 1 14
4800 93 -975.063 6214.93 1 14
4800 94 -5177.73 2123.11 1 14
4800 95 -2535.9 -3648.31 0 14
4800 96 9369.65 3348.67 0 14
4800 97 9015.99 4511.64 2 14
4800 98 -3233.7 6591.66 0 14
4800 99 5804.48 -2131.28 2 14
4800 100 -8891.35 -6976.28 1 14
4800 101 -7688.6 -6703.19 1 14
4800 102 -2226.03 468.449 1 14
4800 103 712.66 -7757.68 1 14
4800 104 630.228 1668.2 0 14
4800 105 -5322.39 7430 2 14
4800 106 -6202.5 7274.89 0 14
4800 107 5594.74 2853.45 4 14
4800 108 -164.963 -1006.77 1 14
4800 109 8127.34 4040.02 2 14
4800 110 937.534 666.934 1 14
4800 111 -7242.88 5640.92 1 14
4800 112 5383.96 -6426.54 0 14
4800 113 -8642.24 4963.41 5 12
4800 114 -6145.79 9541.79 1 14
4800 115 -6432 6123.18 0 14
4800 116 9736.01 5728.42 0 14
4800 117 -5477.71 -3201.03 1 14
4800 118 -3709.37 2132.2 2 14
4800 119 -9798.74 1245.25 2 14
4800 120 -1629.89 3033.87 0 14
4800 121 -6227.16 9819.53 1 14
4800 122 -6221.34 -6953 0 14
4800 123 1586.98 -5484.02 1 14
4800 124 -7838.01 7702.9 0 14
4800 125 -9891.76 1695.74 1 14
4800 126 -3129.32 4893.48 0 14
4800 127 629.084 -577.515 0 14
4800 128 -5099.99 -4951.87 1 14
4800 129 -9166.4 -8394.07 1 14
4800 130 9114.12 -7109.69 0 14
4800 131 -7423.08 -2791.51 1 14
4800 132 2616.55 -3345.54 0 14
4800 133 679.83 6687.48 1 14
4800 134 1707.64 -3456.64 0 14
4800 135 1473.9 6125.85 1 14
4800 136 -5112.69 7894 1 14
4800 137 -9878.94 -7455.93 1 14
4800 138 -3130.39 -4045.25 0 14
4800 139 2492.38 2413.38 0 14
4800 140 6187.27 8922.17 0 14
4800 141 4560.64 4578.19 0 14
4800 142 -141.208 8738.14 2 14
4800 143 -2512.85 -3385.89 1 14
4800 144 -8542.67 2677.88 0 14
4800 145 -220.597 124.839 5 10
4800 146 8523.25 -1991.77 0 14
4800 147 7951.59 8970.69 2 14
4800 148 743.668 8431.15 1 14
4800 149 1337.55 9637.62 0 14
4800 150 -7621.95 5846.53 1 14
4800 151 -391.693 264.498 1 14
4800 152 -7811.88 7728.28 1 14
4800 153 4493.07 -5810.04 0 14
4800 154 -5441.17 2621.85 1 14
4800 155 7286.87 5034.11 1 14
4800 156 -4025.64 1532.49 1 14
4800 157 -8157.98 -8067.44 0 14
4800 158 2520.89 -7609.18 1 14
4800 159 -9040.74 -9279.93 2 14
4800 160 9495.15 -4088.78 1 14
4800 161 -7325.26 -2408.55 0 14
4800 162 -8324.24 5669.9 3 14
4800 163 6766.34 1857.43 0 14
4800 164 -1332.16 6879.31 0 14
4800 165 4500.37 9368.42 1 14
4800 166 -8973.44 9215.94 2 14
4800 167 9462.13 4055.34 1 14
4800 168 -5345.52 -1451.61 0 14
4800 169 -4536.55 -7398.25 5 12
4800 170 -2681.16 -8680.54 0 14
4800 171 -7596.94 -1049.21 0 14
4800 172 -8978.54 -1269.9 0 14
4800 173 7724.63 -8392.5 0 14
4800 174 -5254.37 -6003.95 0 14
4800 175 3212.36 -8674.55 1 14
4800 176 -9504.18 3522.8 1 14
4800 177 1604.9 5801.5 1 14
4800 178 3860.81 -8444.6 1 14
4800 179 -7193.85 -9268.68 1 14
4800 180 -3139.05 8089.6 1 14
4800 181 6336.75 -4714.23 0 14
4800 182 8316.66 5105.97 1 14
4800 183 6785 -7389.51 0 14
4800 184 9396.57 -5648.92 1 14
4800 185 -7082.5 5437.48 1 14
4800 186 4636.22 7250.3 1 14
4800 187 5372.68 -6401.72 0 14
4800 188 -2153.68 -8559.11 0 14
4800 189 5049.07 3267.16 1 14
4800 190 -7015.06 4388.7 1 14
4800 191 9607.62 -3572.32 0 14
4800 192 -8391.95 8636.12 1 14
4800 193 3971.08 -3545.83 2 14
4800 194 -3648.44 -9465.4 1 14
4800 195 5255.76 -8547 1 14
4800 196 4526.43 1736.86 2 14
4800 197 9613.5 -10.6149 1 14
4800 198 4653.56 -5374.19 1 14
4800 199 3033.7 6573.43 1 14
4800 200 -7730.63 -1244.2 1 14
4800 201 -5183.45 5294.2 0 14
4800 202 -7284.32 -4023.87 1 14
4800 203 -2597.62 -5352.4 0 14
4800 204 -9567.34 377.916 1 14
4800 205 6529.42 -4171.72 1 14
4800 206 -3048.36 -9278.28 2 14
4800 207 9495.53 -3783.9 0 14
4800 208 -1371.85 7520.64 0 14
4800 209 6580.8 9052.89 1 14
4800 210 -2259.89 -7156.19 0 14
4800 211 -7097.17 9609.69 1 14
4800 212 7357 -1136.32 1 14
4800 213 6003.11 2688.74 2 14
4800 214 -4023.03 -5095.98 1 14
4800 215 -749.396 5933.76 1 14
4800 216 -3032.77 -9493.31 0 14
4800 217 4812.66 -2380.45 2 14
4800 218 -4235.63 -8863.31 2 14
4800 219 7402.13 -3434.13 0 14
4800 220 2929.61 2261.97 1 14
4800 221 -8313.31 551.917 1 14
4800 222 1425.33 -5877.29 0 14
4800 223 1929.3 -5994.57 0 14
4800 224 1669.04 2208.12 1 14
4800 225 -2985.18 4295.69 1 14
4800 226 4534.59 9671.09 2 14
4800 227 -1635.22 -1788.72 1 14
4800 228 -8936.31 7419.55 1 14
4800 229 -8578.94 4113.49 1 14
4800 230 -3188.6 -4482.63 0 14
4800 231 -5183.99 -3706.59 1 14
4800 232 -8076 1651.19 0 14
4800 233 -1015.9 9917.97 1 14
4800 234 -9384.34 3103.6 0 14
4800 235 3326.89 3678.99 0 14
4800 236 3811.11 -7153.8 2 14
4800 237 2276.18 5534.53 1 14
4800 238 4003.47 8762.59 1 14
4800 239 7510.47 -6141.55 0 14
4800 240 1481.83 -4945.26 0 14
4800 241 -183.251 5738.75 2 14
4800 242 7758.8 4115.76 0 14
4800 243 9840.16 -3761.96 1 14
4800 244 9673.31 -701.293 0 14
4800 245 3965.99 965.082 1 14
4800 246 5972.21 6556.25 0 14
4800 247 2369.96 3330.86 0 14
4800 248 -9834.48 760.389 0 14
4800 249 -6370.49 4663.41 0 14
4800 250 1938.25 4678.8 1 14
4800 251 1715.29 -6377 0 14
4800 252 1292.23 355.139 1 14
4800 253 -7729.81 -2958.45 1 14
4800 254 1744.41 3311.63 1 14
4800 255 -1628.98 5482.6 0 14
4800 256 -564.069 1692.57 1 14
4800 257 -1937.15 104.681 1 14
4800 258 6460.02 8813.79 0 14
4800 259 -4827.84 7504.56 2 14
4800 260 -171.492 -2868.39 1 14
4800 261 5229.98 6713.81 1 14
4800 262 -199.871 -502.766 2 14
4800 263 3614.5 -6667.27 0 14
4800 264 -7280.17 5387 0 14
4800 265 -5363.09 -6840.89 1 14
4800 266 -3240.25 8760.2 0 14
4800 267 4389.68 7041.86 2 14
4800 268 -9803.59 -8425.96 0 14
4800 269 -823.137 -9062.4 0 14
4800 270 6700.26 8820.97 0 14
4800 271 8372.46 -2470.17 1 14
4800 272 3215.59 1089.35 0 14
4800 273 -5687.52 9574.84 2 14
4800 274 9082.39 -8680.79 0 14
4800 275 -6593.7 -9164.65 0 14
4800 276 -755.596 2496.71 0 14
4800 277 2616.84 -7773.38 1 14
4800 278 -8781.88 -2026.72 1 14
4800 279 -1105.03 6804.67 0 14
4800 280 -6374.64 7179.55 0 14
4800 281 8997.93 -9311.58 2 14
4800 282 -4404.35 566.947 0 14
4800 283 -5332.41 710.133 0 14
4800 284 -4938.89 -4789.2 1 14
4800 285 -9146.13 8480.57 2 14
4800 286 7013.94 2417.95 0 14
4800 287 1847.04 -4823.84 0 14
4800 288 -5199.63 -1978.56 1 14
4800 289 6392.62 -9248.51 1 14
4800 290 -6580.01 7895.57 0 14
4800 291 6598.74 -8267.39 0 14
4800 292 4748.72 5757.53 1 14
4800 293 1437.48 9450.49 0 14
4800 294 -9827.98 -9365.42 2 14
4800 295 -57.2011 8137.98 1 14
4800 296 -9123.49 -1606.82 0 14
4800 297 4330.75 -3244.26 1 14
4800 298 9718.97 1144.83 0 14
4800 299 4993.17 5494.27 1 14
4800 300 3872.99 8635.55 0 14
4800 301 7651.87 9793.58 1 14
4800 302 6497.94 -5513.57 1 14
4800 303 -4642.96 -1939.2 3 14
4800 304 5228.08 -7972.29 0 14
4800 305 7828.36 4590.34 1 14
4800 306 9952.84 1876.51 0 14
4800 307 7717.12 -1053.11 1 14
4800 308 1556.55 349.238 2 14
4800 309 -603.178 6167.08 0 14
4800 310 -6802.95 -8692.99 1 14
4800 311 2686.64 -6523 0 14
4800 312 9521.94 -385.484 1 14
4800 313 5627.5 -1045.91 1 14
4800 314 -2933.61 -6245.38 0 14
4800 315 -8631.05 -3016.65 0 14
4800 316 -7874.67 -1123.68 0 14
4800 317 -8381.75 3698.88 0 14
4800 318 3386.58 2991.66 1 14
4800 319 -7873.87 -5335.08 1 14
4800 320 3147.84 2632.88 1 14
4800 321 -140.099 1350.51 1 14
4800 322 -3775.01 -733.247 1 14
4800 323 3781.52 -1323.66 1 14
4800 324 7664.24 5234.81 1 14
4800 325 -9164.35 -4495.07 1 14
4800 326 271.01 995.434 1 14
4800 327 2284.53 2667.69 0 14
4800 328 -5781.92 7423.59 0 14
4800 329 -590.597 -7705.69 0 14
4800 330 -5491.04 -2852.09 1 14
4800 331 -7375.25 8473.68 1 14
4800 332 -3247.96 8117.58 0 14
4800 333 8599.4 1384.32 2 14
4800 334 9643.05 -1396.5 1 14
4800 335 -4750.24 9400.73 0 14
4800 336 2299.44 -1830.5 0 14
4800 337 89.5591 -7315.44 0 14
4800 338 1233.69 -4241.32 0 14
4800 339 327.284 282.951 5 14
4800 340 5716.67 -5149.34 0 14
4800 341 5326.36 -812.226 0 14
4800 342 -4273.9 7688.82 3 14
4800 343 8675.59 5293.34 2 14
4800 344 -3829.74 7514.49 1 14
4800 345 -8027.18 -2570.33 0 14
4800 346 7743.81 8411.56 1 14
4800 347 2306.56 7468.9 1 14
4800 348 5430.89 2293.63 1 14
4800 349 5661.55 4792.71 0 14
4800 350 -4682.58 -5725.36 0 14
4800 351 4589.25 8234.66 2 14
4800 352 -893.472 8964.07 0 14
4800 353 -4396.9 6456.96 1 14
4800 354 -3977.76 2644.82 2 14
4800 355 6152.38 -2072.96 1 14
4800 356 1471.65 5772.74 0 14
4800 357 6353.78 -7366.65 0 14
4800 358 -9502.55 -4108.17 1 14
4800 359 -1933.1 3607.28 0 14
4800 360 8691.06 -3412.04 1 14
4800 361 8517.87 9882.04 2 14
4800 362 -8206.91 -942.289 3 14
4800 363 7614.45 1793.42 0 14
4800 364 -1140.93 -1420 1 14
4800 365 4270.9 5526.18 1 14
4800 366 -3802.64 -2365.36 1 14
4800 367 -2777.14 -464.718 0 14
4800 368 4011.73 -9735.32 1 14
4800 369 9237.66 -6023.57 4 14
4800 370 -114.672 9211.1 1 14
4800 371 7543.36 -2950.8 1 14
4800 372 4827.07 4030.46 0 14
4800 373 7481.28 7927.84 1 14
4800 374 -8052.04 -4977.83 1 14
4800 375 -734.599 -6061.93 1 14
4800 376 -4564.67 7807.92 2 14
4800 377 6858.65 -1138.86 1 14
4800 378 -652.142 -106.815 3 14
4800 379 2683.34 7793.34 0 14
4800 380 -4474.02 -4436.74 0 14
4800 381 -1508.18 9426.87 1 14
4800 382 9250.1 -708.251 2 14
4800 383 6827.2 9525.41 1 14
4800 384 4894.91 5773.75 0 14
4800 385 -8463.65 -7225.74 0 14
4800 386 -4143.05 -1262.92 1 14
4800 387 -1423.85 -2118.31 0 14
4800 388 8001.78 -6052.28 2 14
4800 389 6730.61 -4453.56 0 14
4800 390 7745.21 2437.69 0 14
4800 391 5314.33 -569.779 1 14
4800 392 -8709.71 -2180.14 1 14
4800 393 955.386 -5707.82 0 14
4800 394 -6886.89 -7848.18 0 14
4800 395 6852.51 -7841.63 1 14
4800 396 -9081.94 -2101.86 1 14
4800 397 9217.88 3703.76 1 14
4800 398 3763.53 -7129.6 1 14
4800 399 -7982.74 -8141.51 0 14
4800 400 535.675 5782.04 1 14
4800 401 -5670.27 6865.94 1 14
4800 402 -7150.4 -1136.26 1 14
4800 403 -9454.76 6810.99 2 14
4800 404 -3450.77 -194.574 0 14
4800 405 -500.047 -3521.47 0 14
4800 406 -8035.16 -3693.9 1 14
4800 407 -6023.31 8629.8 0 14
4800 408 90.5797 1774.97 0 14
4800 409 -7150.83 -1026 1 14
4800 410 9481.61 -8799.49 1 14
4800 411 5194.91 -6936.74 2 14
4800 412 -1699.11 6359.21 1 14
4800 413 -2401.54 2290.5 0 14
4800 414 -6894.91 -4744.06 1 14
4800 415 -1278.95 927.431 1 14
4800 416 8521.6 742.958 1 14
4800 417 1387.81 9284.94 0 14
4800 418 -2078.74 718.415 1 14
4800 419 -4617.94 7873.11 2 14
4800 420 -9258.95 6959.93 2 14
4800 421 -1378.72 -1306.03 1 14
4800 422 -6297.44 -6271.09 0 14
4800 423 1282.91 -9010.06 0 14
4800 424 5320.32 1788.66 0 14
4800 425 881.932 2865.92 0 14
4800 426 2309.43 6535 0 14
4800 427 7647.95 -9520.73 4 14
4800 428 9006.75 -7325.65 0 14
4800 429 7399.16 -106.866 2 14
4800 430 2455.87 -3014.17 0 14
4800 431 4719.98 -9163.1 2 14
4800 432 1565.08 -5496.85 1 14
4800 433 -9307.37 9124.98 3 14
4800 434 -7235.37 9643.55 0 14
4800 435 2922.96 -3111.25 0 14
4800 436 8120.24 -2199.14 0 14
4800 437 919.548 -7635.52 0 14
4800 438 -799.529 6102.64 1 14
4800 439 2106.37 -5846.37 1 14
4800 440 5947.15 3121.12 1 14
4800 441 9253.49 268.763 1 14
4800 442 6457.19 -3134.39 1 14
4800 443 -8230.07 5575.64 1 14
4800 444 -760.469 3935.09 0 14
4800 445 -4977.41 -5970.61 1 14
4800 446 -7828.45 -5852.47 1 14
4800 447 4150.4 7941.22 2 14
4800 448 5395 9065.31 0 14
4800 449 -5210.86 -4491 0 14
4800 450 5279.78 -5948.17 3 14
4800 451 -3205.8 -3948.14 1 14
4800 452 -6125.39 9821.07 1 14
4800 453 7113.35 4295.14 0 14
4800 454 -604.928 -300.61 0 14
4800 455 8791.13 -1299.11 1 14
4800 456 -7265.77 -3897.54 1 14
4800 457 4203.05 -5396.76 1 14
4800 458 -8520.91 9804.58 5 14
4800 459 -8467.3 -3629 0 14
4800 460 -7200.87 -1061.58 0 14
4800 461 -456.227 -424.896 2 14
4800 462 4215.77 -799.6 0 14
4800 463 1041.13 3053.59 0 14
4800 464 -8273.75 -7940.05 0 14
4800 465 9887.47 -759.571 1 14
4800 466 -1219.64 -2604.54 0 14
4800 467 -2097.32 4756.66 1 14
4800 468 -1098.12 2167.7 0 14
4800 469 -7377.97 6689.5 0 14
4800 470 4327.78 -9360.22 0 14
4800 471 -8774.65 -2382.88 1 14
4800 472 -1033.39 -9917.84 1 14
4800 473 2449.74 7746.16 0 14
4800 474 -3415.96 -6843.75 1 14
4800 475 -9836.62 -8395.76 0 14
4800 476 -8061.44 4826.13 3 14
4800 477 8825.25 -8877.14 1 14
4800 478 6045.71 141.526 0 14
4800 479 7983.67 1268.16 0 14
4800 480 -9738.88 1066.34 2 14
4800 481 -8473.55 5334.32 2 14
4800 482 765.557 -3110.8 0 14
4800 483 -507.809 -4666.13 1 14
4800 484 -5853.02 -4702.19 0 14
4800 485 215.068 3251.86 1 14
4800 486 -1500.14 32.1996 1 14
4800 487 6750.09 -8452.15 1 14
4800 488 -3921.33 546.156 1 14
4800 489 1926.34 -4266.59 0 14
4800 490 -3361.69 7677.51 2 14
4800 491 7060.27 4569.7 0 14
4800 492 1478.1 5839.43 1 14
4800 493 2015.81 -4724.16 0 14
4800 494 -458.488 5845.3 2 14
4800 495 9109.57 9582.68 1 14
4800 496 -5923.34 12.7619 0 14
4800 497 -5585.25 444.196 1 14
4800 498 -8186.01 4096.17 2 14
4800 499 3977.57 2448.98 2 14
4800 500 -8421.99 -5864.66 1 14
4800 501 7162.35 3491.88 0 14
4800 502 5122.34 771.236 1 14
4800 503 8416.91 5338 1 14
4800 504 2379.22 -4251.45 0 14
4800 505 395.565 -8005.72 1 14
4800 506 -5335.68 -2264.18 1 14
4800 507 -215.472 8859.35 1 14
4800 508 -3552.73 -2621.11 2 14
4800 509 2337.67 6705.59 1 14
4800 510 -3867.89 2846.06 0 14
4800 511 -703.907 -9250.9 1 14
4800 512 2355.96 -3926.64 1 14
4800 513 7419.68 -2523.28 1 14
4800 514 3564.82 -346.956 0 14
4800 515 7566.35 -2207.53 1 14
4800 516 3994.9 1857.41 1 14
4800 517 723.542 233.067 4 14
4800 518 9454.42 -7311.92 1 14
4800 519 3872.77 5711.71 0 14
4800 520 -8655.6 -1696.3 0 14
4800 521 -8638.63 4476.06 1 14
4800 522 -9961.33 9081.83 1 14
4800 523 506.34 -4508.5 3 14
4800 524 7458.41 5026.2 1 14
4800 525 7397.57 5404.21 0 14
4800 526 2300.46 -5273.43 0 14
4800 527 -4539.05 9542.9 0 14
4800 528 6717.95 6345.67 1 14
4800 529 -5463.19 -9287.51 1 14
4800 530 1219.24 -3045.27 0 14
4800 531 -4159.18 672.131 0 14
4800 532 5016.17 -70.5433 1 14
4800 533 2713.82 -9579.64 0 14
4800 534 7560.69 -5398.96 2 14
4800 535 -980.497 -9542.27 0 14
4800 536 -4475.69 9034.95 2 14
4800 537 6383.51 8598.67 0 14
4800 538 -5896.43 -5320.15 1 14
4800 539 1640.27 9319.73 0 14
4800 540 -7092.66 11.0771 1 14
4800 541 5114.45 -3763.63 2 14
4800 542 -2987.86 -5594.43 0 14
4800 543 7060.19 -9913.54 1 14
4800 544 -2383.54 -9524.06 0 14
4800 545 -9403.28 7395.59 1 14
4800 546 615.821 -9070.57 1 14
4800 547 -7789.94 -2126.57 1 14
4800 548 3161.69 -1625.26 2 14
4800 549 1351.35 -1700.58 1 14
4800 550 7812.97 -3018.84 0 14
4800 551 7136.54 -4272.38 0 14
4800 552 5208.06 4642.69 0 14
4800 553 -5398.28 3210.22 1 14
4800 554 822.282 9784.05 2 14
4800 555 1079.56 6688.94 0 14
4800 556 -6643.74 -8722.38 1 14
4800 557 3560.49 -9299.51 1 14
4800 558 8547.6 -5335.86 2 14
4800 559 7687.16 -747.135 1 14
4800 560 -9275.99 -9492.26 1 14
4800 561 -6113.06 8422 1 14
4800 562 -2549.4 -1561.39 0 14
4800 563 4776.31 1688.04 1 14
4800 564 5922.42 9843.97 1 14
4800 565 -5836.23 -1969.42 1 14
4800 566 5497.08 864.736 0 14
4800 567 7983.46 4349.79 1 14
4800 568 3053.37 -8444.17 0 14
4800 569 -3100.44 -3543.35 1 14
4800 570 2508.54 6520.81 1 14
4800 571 5801.94 7393.52 0 14
4800 572 -1884.73 1397.57 0 14
4800 573 -8637.59 -4206.35 0 14
4800 574 3944.1 -8044.95 2 14
4800 575 -583.789 -1611.73 0 14
4800 576 -2180.3 8175.14 1 14
4800 577 882.471 5849.89 3 14
4800 578 -3978.72 -5601.59 0 14
4800 579 1158.05 2928.76 0 14
4800 580 -4272.2 -1650.44 1 14
4800 581 2181.07 -9034.59 1 14
4800 582 -8017.23 9934.99 2 14
4800 583 1403.32 -9566.8 0 14
4800 584 -2458.77 9098.79 1 14
4800 585 7049.61 -2672.83 0 14
4800 586 2911.23 5251.17 0 14
4800 587 5622.55 -1861.79 1 14
4800 588 -1651.4 9502.35 0 14
4800 589 6195.55 2984.43 0 14
4800 590 7900.84 2387.46 0 14
4800 591 -2605.29 -4063.08 0 14
4800 592 9765.45 4694.04 2 14
4800 593 -2848.98 6520.12 1 14
4800 594 6878.94 446.276 0 14
4800 595 -7668.99 4288.14 1 14
4800 596 1647.52 -2187.69 0 14
4800 597 7028.86 -3411.68 0 14
4800 598 5212.8 4924.93 1 14
4800 599 2576.45 -1453.48 1 14
4800 600 4448.85 -9524.84 1 14
4800 601 -3876.56 -7109.94 2 14
4800 602 1259.14 254.485 0 14
4800 603 7289.91 617.765 1 14
4800 604 -5566.18 5920.23 0 14
4800 605 -7367.48 -9308.46 1 14
4800 606 3701.91 -6041.5 0 14
4800 607 3840.4 -6776.02 1 14
4800 608 3032.4 -5986.32 1 14
4800 609 -6089.69 4394.49 0 14
4800 610 3673.18 4213.6 0 14
4800 611 9730.63 -3059.61 1 14
4800 612 9817.46 9857.54 2 14
4800 613 -8964.05 -2772.15 0 14
4800 614 255.775 -723.396 1 14
4800 615 3776.07 1744.57 1 14
4800 616 5258.18 -5470.44 1 14
4800 617 4481.95 -6777.09 1 14
4800 618 -8698.12 -676.162 1 14
4800 619 -8645.33 1046.46 2 14
4800 620 -1900.7 -8573.91 1 14
4800 621 1271.74 -3740.46 0 14
4800 622 7966.35 5295.01 1 14
4800 623 -2090.75 2091.27 2 14
4800 624 -8815.6 7218.19 0 14
4800 625 6587.37 -5843.75 0 14
4800 626 2038.45 -3470.79 2 14
4800 627 7115.64 4240.66 2 14
4800 628 -3411 -5031.03 0 14
4800 629 -8733.17 -3818.47 1 14
4800 630 -6471.5 6324.13 1 14
4800 631 7223.12 -274.819 0 14
4800 632 9985.74 6058.51 1 14
4800 633 4583.31 -1113.91 2 14
4800 634 8317.81 -4216.15 0 14
4800 635 3703.39 -4969.34 1 14
4800 636 867.817 -3404.11 2 14
4800 637 3457.54 -9393.97 1 14
4800 638 3274.12 9591.21 0 14
4800 639 -4040.57 7660.96 1 14
4800 640 27.4003 732.76 1 14
4800 641 8203.58 7249.51 1 14
4800 642 1279.72 -536.684 1 14
4800 643 -3285.2 630.561 0 14
4800 644 -4226.65 9110.85 1 14
4800 645 5641.04 9890.23 0 14
4800 646 2295.49 -6758.14 1 14
4800 647 -1750.92 9980.06 0 14
4800 648 -3618.29 -1950.98 2 14
4800 649 2988.1 -9812.43 0 14
4800 650 538.259 -1389.18 1 14
4800 651 -4307.38 -7120.53 2 14
4800 652 -9578.36 -1309.93 0 14
4800 653 9876.01 1046.82 1 14
4800 654 -4539.01 -3619.4 1 14
4800 655 212.808 -5528.83 1 14
4800 656 -4093.55 -9762.84 1 14
4800 657 -3913.1 -3632.81 0 14
4800 658 9011.39 2503.51 0 14
4800 659 4927.32 8092.05 1 14
4800 660 9621.22 -6803.37 1 14
4800 661 4792.42 -9346.42 0 14
4800 662 2905.09 -2430.89 1 14
4800 663 9057.74 -7853.69 0 14
4800 664 -2594.09 8232.79 1 14
4800 665 4626.82 1596.09 1 14
4800 666 163.202 2793.96 0 14
4800 667 -2355.62 -5056.13 1 14
4800 668 9547.75 -6970.09 1 14
4800 669 -7827.87 -911.417 2 14
4800 670 -2162.45 6496.04 0 14
4800 671 -4558.26 6271.39 0 14
4800 672 -7865.86 9661.62 2 14
4800 673 -9224.57 -3000.89 0 14
4800 674 6198.98 -178.341 0 14
4800 675 -2196.04 -2019.76 0 14
4800 676 8642.06 5396.18 2 14
4800 677 -8340.28 4201.44 0 14
4800 678 5024.23 5034.85 0 14
4800 679 5253.9 -5807.18 0 14
4800 680 -1686.2 7262.16 0 14
4800 681 -5720.97 2889.31 1 14
4800 682 -6288.8 -9467.02 0 14
4800 683 6513.25 9412.19 1 14
4800 684 3216.66 -1174.68 0 14
4800 685 -2925.24 653.118 0 14
4800 686 1472.6 2878.66 0 14
4800 687 -1890.03 -2634.03 0 14
4800 688 9624.33 6250.45 1 14
4800 689 3315.74 -5576.94 1 14
4800 690 6125.33 -5561.25 1 14
4800 691 -1727.88 -1463.01 0 14
4800 692 -1408.91 4066.46 1 14
4800 693 -5303.66 6323.66 0 14
4800 694 -9596.26 -1922.94 2 14
4800 695 -4621.7 -896.623 0 14
4800 696 -1952 5375.86 1 14
4800 697 -8403.41 9803.75 4 14
4800 698 -3627.71 523.369 1 14
4800 699 -8828.95 4556.33 3 14
4800 700 -6113.89 4861 0 14
4800 701 -4350.39 9983 0 14
4800 702 3858.21 2518.28 2 14
4800 703 -3993.35 -4512.2 0 14
4800 704 -5991.37 -4440.78 0 14
4800 705 5192.21 3271.95 2 14
4800 706 -318.473 6655.77 1 14
4800 707 5607.77 -6220.21 1 14
4800 708 -2239.07 -5565.77 0 14
4800 709 -769.487 3269.48 1 14
4800 710 4831.13 -8956.13 0 14
4800 711 -1524.09 9590.51 0 14
4800 712 8264.48 5226.57 3 14
4800 713 4729.65 7318.23 2 14
4800 714 1045.56 6184.23 0 14
4800 715 4530.72 -5914.34 1 14
4800 716 -47.7859 -6019.05 1 14
4800 717 2249.02 4102.54 0 14
4800 718 6473.19 9717.02 1 14
4800 719 -8780.15 -9547.91 3 14
4800 720 4761.16 4649.1 0 14
4800 721 -3308.17 1942.07 1 14
4800 722 719.356 1154.53 0 14
4800 723 -7232.28 9998.71 0 14
4800 724 749.852 -2688.4 0 14
4800 725 -1048.74 -6159.6 1 14
4800 726 3267.1 7651.47 0 14
4800 727 -4293.17 8292 2 14
4800 728 1271.49 -4488.55 1 14
4800 729 -9191.84 -7400.22 1 14
4800 730 4478.42 8200.9 0 14
4800 731 -7319.09 -7248.74 0 14
4800 732 8540.27 -2025.49 0 14
4800 733 -4140.65 -5752.38 1 14
4800 734 -2045.03 9094.05 0 14
4800 735 -7191.33 -7183.41 1 14
4800 736 -6335.71 -5904.5 0 14
4800 737 7264.84 7469.21 0 14
4800 738 2598.61 7974.88 0 14
4800 739 4930.98 -7222 2 14
4800 740 8513.39 -9799.92 5 12
4800 741 -7293.73 -8318.77 0 14
4800 742 -9519.38 -1485.17 0 14
4800 743 -2237.55 1571.67 1 14
4800 744 -7932.53 2529.41 1 14
4800 745 6021.62 7857.7 0 14
4800 746 -1506.02 9082.41 2 14
4800 747 -5104.14 -4056.06 2 14
4800 748 1844.36 4276.18 2 14
4800 749 366.675 -3103.39 1 14
4800 750 -2467.12 1668.8 0 14
4800 751 -8.93484 3924.15 1 14
4800 752 593.813 -6531.91 0 14
4800 753 -8323.21 7259.17 0 14
4800 754 -3741.63 -6717.61 1 14
4800 755 2140.46 -7625.65 0 14
4800 756 4168.44 6393.43 1 14
4800 757 1682.56 -495.516 1 14
4800 758 -5008.06 -5261.22 1 14
4800 759 2444.69 -8444.69 0 14
4800 760 -2355.69 5385.86 0 14
4800 761 -9195.44 3252.5 0 14
4800 762 -2219.58 -9103.15 0 14
4800 763 -374.357 166.844 3 14
4800 764 6999.54 3263.23 0 14
4800 765 9002.38 5325.31 4 14
4800 766 -4469.16 303.426 0 14
4800 767 -1522.86 -3195.84 0 14
4800 768 5451.99 7865.58 2 14
4800 769 1967.53 8176.78 0 14
4800 770 4969.86 6638.56 2 14
4800 771 -2406.75 939.351 0 14
4800 772 -7882.49 -6671.12 1 14
4800 773 -6525.04 1761.55 1 14
4800 774 -1721.99 7801.14 0 14
4800 775 -754.13 426.514 2 14
4800 776 1063.84 3736 1 14
4800 777 5072.98 -6622.1 0 14
4800 778 -6493.61 3073.21 1 14
4800 779 -2528.27 -2087.02 1 14
4800 780 -3387.24 -9904.77 1 14
4800 781 3560.66 4592.33 0 14
4800 782 7814.06 6094.17 1 14
4800 783 2407.19 2399.69 0 14
4800 784 -3099.82 1118.58 1 14
4800 785 4498.37 -2016.48 2 14
4800 786 -4643.03 -3177.07 2 14
4800 787 3052.89 -7360.36 1 14
4800 788 8717.72 -3031.3 0 14
4800 789 188.929 7369.66 0 14
4800 790 -1658.62 5749.48 0 14
4800 791 -3074.86 2161.47 0 14
4800 792 -7344.25 4514.61 1 14
4800 793 -3491.38 6704.24 1 14
4800 794 3044.6 -1082.52 0 14
4800 795 -7713.04 -4632.77 2 14
4800 796 8435.81 -1965.3 1 14
4800 797 -8893.71 2901.06 1 14
4800 798 4043.84 -2564.28 2 14
4800 799 3168.6 -8400.09 2 14
4800 800 7304.97 -6377.54 1 14
4800 801 -1519.14 9599.92 0 14
4800 802 -1395.12 -6199.84 0 14
4800 803 442.388 -4978.51 2 14
4800 804 2432.74 -3831.19 0 14
4800 805 -5180.9 -9222.73 1 14
4800 806 -2021.5 4171.02 0 14
4800 807 6155.75 2418.14 0 14
4800 808 7473.38 8922.43 3 14
4800 809 -7858.24 3245.25 1 14
4800 810 1088.9 -2804.82 0 14
4800 811 -6284.88 -3716.36 0 14
4800 812 9453.34 -5471.99 1 14
4800 813 -1604.08 -6177.62 0 14
4800 814 -2527.13 -280.623 0 14
4800 815 1949.36 8434.49 0 14
4800 816 9686.46 -5695.29 1 14
4800 817 3472.37 -9425.89 1 14
4800 818 5232.91 -8158.59 1 14
4800 819 2693.13 2733.63 0 14
4800 820 -8306.13 482.96 2 14
4800 821 -4297.62 -637.383 1 14
4800 822 -840.732 -3736.47 1 14
4800 823 -3597.19 -9465.56 1 14
4800 824 -5257.93 3485.63 2 14
4800 825 5496.66 -8101.35 1 14
4800 826 -5654.75 -8514.33 1 14
4800 827 7228.66 -9937.18 2 14
4800 828 2660.79 5217.27 0 14
4800 829 9776.45 -3557.97 0 14
4800 830 8549.12 3730.04 1 14
4800 831 -5997.35 833.022 1 14
4800 832 -3913.96 -9881.03 1 14
4800 833 9592.44 3671.62 1 14
4800 834 5144.44 -7186.35 1 14
4800 835 -3084.32 -1376.38 0 14
4800 836 -5440.95 -4484.96 1 14
4800 837 -7439.69 6154.31 1 14
4800 838 -9417.91 -9521.93 2 14
4800 839 -5434.9 4712.36 1 14
4800 840 5311.49 -6529.39 0 14
4800 841 -9730.39 -9849.85 2 14
4800 842 3578.98 7984.11 2 14
4800 843 -7993.69 -3362.53 1 14
4800 844 9063.56 2477.54 1 14
4800 845 -9945.85 -7423.97 0 14
4800 846 3305.69 -9310.34 0 14
4800 847 -2204.45 -7990.82 0 14
4800 848 -484.692 -8023.65 1 14
4800 849 5249.77 8951.58 0 14
4800 850 1364.8 -1227.88 0 14
4800 851 552.932 -9843.71 2 14
4800 852 4373.87 5134.35 0 14
4800 853 -2046.62 8256.12 0 14
4800 854 2903.09 3318.54 1 14
4800 855 -4310.87 1539.12 2 14
4800 856 6986.52 7099.32 1 14
4800 857 936.788 5455.58 1 14
4800 858 5680.4 -6107.99 0 14
4800 859 2806.28 6560.41 0 14
4800 860 -1168.14 -310.506 1 14
4800 861 39.6185 9611.14 3 14
4800 862 -5535.39 1016.99 0 14
4800 863 7218.2 -3599.31 0 14
4800 864 9028.79 620.996 1 14
4800 865 -2242.3 4040.96 1 14
4800 866 -4388.83 -9314.6 1 14
4800 867 1846.69 9573.56 0 14
4800 868 6928.94 -7649.88 1 14
4800 869 -4011.62 5347.87 0 14
4800 870 977.008 -2501.81 0 14
4800 871 -1893.04 3576.43 0 14
4800 872 -1299.96 -1227.8 1 14
4800 873 -1308.34 -4565.04 1 14
4800 874 2341.32 7264.39 1 14
4800 875 4485.92 3307.38 1 14
4800 876 693.791 -1387.9 1 14
4800 877 -8709.7 -6553.34 1 14
4800 878 -2094.39 45.4745 0 14
4800 879 5361.27 -6178.36 0 14
4800 880 7789.91 1018.04 1 14
4800 881 5963.59 -7207.5 1 14
4800 882 9784.47 -129.243 0 14
4800 883 625.412 -2043.3 1 14
4800 884 -2132.86 -6182.01 0 14
4800 885 142.73 -5852.3 2 14
4800 886 7397.77 -9787.22 1 14
4800 887 -2473.81 -768.073 0 14
4800 888 4998.71 -7056.6 1 14
4800 889 5068.9 -8915.91 0 14
4800 890 -7287.52 6379.58 1 14
4800 891 -2011.08 4047.37 1 14
4800 892 3115.09 8773.37 1 14
4800 893 8826.24 -3456.31 0 14
4800 894 3043.96 -4182.68 0 14
4800 895 9865.71 6307.97 0 14
4800 896 -6951.36 -9928.66 1 14
4800 897 -5083.85 6099.97 1 14
4800 898 -1372.82 855.564 1 14
4800 899 9375.77 1293.18 1 14
4800 900 -2937.45 8969.54 1 14
4800 901 9110.61 -9038.52 2 14
4800 902 509.064 -7522.46 0 14
4800 903 7772.58 3710.35 0 14
4800 904 8926.91 4350.6 2 14
4800 905 -3329.78 3939 1 14
4800 906 -432.122 2973.18 0 14
4800 907 6009.62 -3187.27 0 14
4800 908 -1771.49 -2409.6 1 14
4800 909 5227.07 -6823.44 1 14
4800 910 -7958.29 -4734.77 1 14
4800 911 5245.25 -4669.65 0 14
4800 912 9226.78 -6155.59 0 14
4800 913 5936.21 729.139 0 14
4800 914 6102.02 -7532.84 1 14
4800 915 7265.87 1050.8 0 14
4800 916 -9552.74 4001.23 1 14
4800 917 -6443.25 -1849.98 1 14
4800 918 5003.9 -5980.74 0 14
4800 919 7785.2 1213.57 1 14
4800 920 1038.6 -9130.71 1 14
4800 921 -3798.65 -4594.89 1 14
4800 922 -4074.46 -919.862 0 14
4800 923 2695.11 1307.04 1 14
4800 924 -3835.51 8466.67 2 14
4800 925 9848.99 -8439.05 1 14
4800 926 -6365.2 6971.36 0 14
4800 927 9672.37 3727.39 2 14
4800 928 9307.59 -7851.18 1 14
4800 929 9575.27 5040.69 1 14
4800 930 -7588.92 7276.98 0 14
4800 931 7735.01 -5466.17 1 14
4800 932 1081.74 6332.65 1 14
4800 933 -6169.52 2880.07 0 14
4800 934 -8362.48 -4671.4 1 14
4800 935 -2017.5 9075.67 0 14
4800 936 -998.927 2273.75 0 14
4800 937 5223.52 5364.79 0 14
4800 938 5401.9 2665.68 1 14
4800 939 924.236 4763.47 0 14
4800 940 -6522.64 75.194 0 14
4800 941 5924.65 6987.48 0 14
4800 942 2255.76 -2621.85 0 14
4800 943 -4135.13 5774.45 1 14
4800 944 -3139.73 9472.96 1 14
4800 945 3428.21 7118.15 1 14
4800 946 -4293.09 -6916.17 2 14
4800 947 2934.57 3757.86 0 14
4800 948 9144.23 -8047.83 0 14
4800 949 -9840.34 5408.15 1 14
4800 950 8975.51 799.628 1 14
4800 951 6977.96 6375.95 0 14
4800 952 4309.85 7353.19 5 14
4800 953 9155.87 -7771.56 0 14
4800 954 -1938.95 -9662.94 1 14
4800 955 3553.08 -3269.63 0 14
4800 956 5119.1 -8218.22 0 14
4800 957 7336.96 6716.62 0 14
4800 958 2471.39 -6574.07 0 14
4800 959 1410.15 -5463.22 0 14
4800 960 3056.95 5754.89 0 14
4800 961 1171.47 -5225.85 2 14
4800 962 -2343.98 6505.6 0 14
4800 963 3895.67 9699.79 0 14
4800 964 5612.85 3676.53 1 14
4800 965 -2475.11 -7256.77 0 14
4800 966 -184.581 5107.88 5 14
4800 967 9528.27 -6782.69 0 14
4800 968 8073.32 -4937.73 0 14
4800 969 -9671.79 -9458.07 2 14
4800 970 -93.5957 -1552.3 0 14
4800 971 5234.41 -1525.22 0 14
4800 972 -6791.22 -1406.6 0 14
4800 973 1726.79 -881.06 0 14
4800 974 1584.04 -2667.1 0 14
4800 975 1038.49 9643.93 2 14
4800 976 7070.26 4452.65 0 14
4800 977 -2102.52 -6946.14 0 14
4800 978 704.667 -1737.4 0 14
4800 979 -7616.49 2169.39 0 14
4800 980 1212.48 9069.78 0 14
4800 981 2980.31 8494.01 0 14
4800 982 -3699.79 -4318.14 0 14
4800 983 -1947.17 -9144.93 0 14
4800 984 4080.95 -6571.79 0 14
4800 985 -8742.55 -8318.16 1 14
4800 986 -4812.7 5670.31 1 14
4800 987 2864.79 1635 1 14
4800 988 -3662.18 4087.73 1 14
4800 989 9154.31 3426.92 1 14
4800 990 -4945.73 890.957 0 14
4800 991 681.612 -4903.7 1 14
4800 992 7365.84 -2125.8 0 14
4800 993 8860.76 -271.873 3 14
4800 994 818.946 4230.03 0 14
4800 995 5515.69 -4954.6 0 14
4800 996 -7169.11 -2915.2 0 14
4800 997 -6113.07 -7665.64 0 14
4800 998 1614.41 -2284.91 0 14
4800 999 6063.29 -4988.05 0 14
4800 1000 6710.56 4237.39 1 14
4800 1001 -338.417 5764.44 1 14
4800 1002 -1738.42 -5862.64 0 14
4800 1003 1177.73 5780.69 1 14
4800 1004 -7519.55 -7278.53 0 14
4800 1005 -9378.43 -1072.04 1 14
4800 1006 -6483.97 7887.22 0 14
4800 1007 -7285.38 -293.611 2 14
4800 1008 -5791.11 9175 1 14
4800 1009 -2366.44 6617.17 1 14
4800 1010 -2336.42 -7673.43 0 14
4800 1011 6651.16 -8172.91 3 14
4800 1012 -6470.82 1704.13 0 14
4800 1013 -4608.7 6923.16 3 14
4800 1014 -747.642 -8398.31 0 14
4800 1015 -6343.29 9351.47 0 14
4800 1016 8319.86 3068.47 1 14
4800 1017 7419.95 -6616.28 0 14
4800 1018 2741.34 6213.16 1 14
4800 1019 -9550.88 -7414.48 1 14
4800 1020 -118.017 -2110.33 0 14
4800 1021 3581.46 -590.112 1 14
4800 1022 6108.79 -6193.42 0 14
4800 1023 -5482.89 703.324 1 14
4800 1024 926.946 6642.13 0 14
4800 1025 -5841.57 -4624.22 0 14
4800 1026 -3100.91 7934.4 0 14
4800 1027 8364.06 1142.71 1 14
4800 1028 5572.47 -2338.97 1 14
4800 1029 2884.95 -9850.69 1 14
4800 1030 7426.94 -8553.16 2 14
4800 1031 -9251.76 -9005.08 2 14
4800 1032 900.585 107.534 3 14
4800 1033 -8984.63 8474.91 1 14
4800 1034 -3784.64 4907.96 0 14
4800 1035 -8266.83 3747.2 1 14
4800 1036 -6088.49 6498.04 0 14
6000 37 5776.01 -3723.43 0 14
6000 38 -6929.44 -4978.88 0 14
6000 39 -7046.08 -6934.2 0 14
6000 40 6356.41 -2459.33 0 14
6000 41 5311.03 -7317.56 2 14
6000 42 -5830 9360.31 1 14
6000 43 -7163.82 5932.44 1 14
6000 44 6917.07 1162.03 1 14
6000 45 1970.24 -5092.32 0 14
6000 46 -652.807 -4667.99 1 14
6000 47 -1368.42 -1698.61 0 14
6000 48 4657.25 -7452.53 4 14
6000 49 3083.42 2843.65 2 14
6000 50 5000.59 -6743 1 14
6000 51 2490.71 -2117 0 14
6000 52 -2304.27 -2794.26 1 14
6000 53 -4254.74 -9136.61 0 14
6000 54 -8547.34 -5159.25 5 10
6000 55 1423.85 9552.13 1 14
6000 56 -5715.2 -1759 1 14
6000 57 -4359.61 -7592.59 5 6
6000 58 3942.81 5097.39 0 14
6000 59 9856.63 -6273.47 0 14
6000 60 -7934.88 -5422.22 1 14
6000 61 1493.58 -3459.75 0 14
6000 62 4423.34 -8204.35 0 14
6000 63 -8614.6 404.098 2 14
6000 64 3357.04 2753.71 4 14
6000 65 1576.5 589.58 1 14
6000 66 3935.4 4759.45 0 14
6000 67 -4274.89 -8191.27 1 14
6000 68 268.593 6898.82 1 14
6000 69 2159.15 -4129.83 0 14
6000 70 -1576.72 9691.01 0 14
6000 71 -2670.49 -4782.95 1 14
6000 72 1478.89 6818.95 0 14
6000 73 221.707 -3783.92 1 14
6000 74 -3442.79 2843.55 1 14
6000 75 -5106.95 6273.79 2 14
6000 76 -8560.12 -4621.3 3 14
6000 77 90.5277 9024.06 2 14
6000 78 8249.13 272.889 3 14
6000 79 8415.03 7391.53 3 14
6000 80 -2566.63 3779.84 1 14
6000 81 -3360.92 619.238 0 14
6000 82 -9874.6 -5636.14 1 14
6000 83 1473.31 -6980.73 0 14
6000 84 6412.91 6626.17 1 14
6000 85 -8121.37 6372.21 1 14
6000 86 -3272.22 1628.08 1 14
6000 87 -1806.55 4727.91 2 14
6000 88 -2758.28 -1748.47 1 14
6000 89 6548.16 6508.44 1 14
6000 90 4498.81 -7135.85 2 14
6000 91 8384.09 -2978.31 0 14
6000 92 608.596 -5351.09 2 14
6000 93 -975.063 6214.93 1 14
6000 94 -5177.73 2123.11 1 14
6000 95 -2535.9 -3648.31 0 14
6000 96 9369.65 3348.67 0 14
6000 97 9015.99 4511.64 2 14
6000 98 -3233.7 6591.66 1 14
6000 99 5804.48 -2131.28 2 14
6000 100 -8891.35 -6976.28 1 14
6000 101 -7688.6 -6703.19 1 14
6000 102 -2226.03 468.449 1 14
6000 103 712.66 -7757.68 1 14
6000 104 630.228 1668.2 1 14
6000 105 -5322.39 7430 2 14
6000 106 -6202.5 7274.89 0 14
6000 107 5594.74 2853.45 5 14
6000 108 -164.963 -1006.77 1 14
6000 109 8127.34 4040.02 2 14
6000 110 937.534 666.934 1 14
6000 111 -7242.88 5640.92 0 14
6000 112 5383.96 -6426.54 0 14
6000 113 -8642.24 4963.41 5 2
6000 114 -6145.79 9541.79 1 14
6000 115 -6432 6123.18 0 14
6000 116 9736.01 5728.42 1 14
6000 117 -5477.71 -3201.03 1 14
6000 118 -3709.37 2132.2 3 14
6000 119 -9798.74 1245.25 1 14
6000 120 -1629.89 3033.87 1 14
6000 121 -6227.16 9819.53 1 14
6000 122 -6221.34 -6953 0 14
6000 123 1586.98 -5484.02 1 14
6000 124 -7838.01 7702.9 0 14
6000 125 -9891.76 1695.74 0 14
6000 126 -3129.32 4893.48 0 14
6000 127 629.084 -577.515 0 14
6000 128 -5099.99 -4951.87 1 14
6000 129 -9166.4 -8394.07 2 14
6000 130 9114.12 -7109.69 0 14
6000 131 -7423.08 -2791.51 1 14
6000 132 2616.55 -3345.54 0 14
6000 133 679.83 6687.48 1 14
6000 134 1707.64 -3456.64 0 14
6000 135 1473.9 6125.85 2 14
6000 136 -5112.69 7894 2 14
6000 137 -9878.94 -7455.93 1 14
6000 138 -3130.39 -4045.25 0 14
6000 139 2492.38 2413.38 0 14
6000 140 6187.27 8922.17 1 14
6000 141 4560.64 4578.19 0 14
6000 142 -141.208 8738.14 3 14
6000 143 -2512.85 -3385.89 2 14
6000 144 -8542.67 2677.88 0 14
6000 145 -220.597 124.839 5 10
6000 146 8523.25 -1991.77 1 14
6000 147 7951.59 8970.69 3 14
6000 148 743.668 8431.15 1 14
6000 149 1337.55 9637.62 0 14
6000 150 -7621.95 5846.53 1 14
6000 151 -391.693 264.498 2 14
6000 152 -7811.88 7728.28 1 14
6000 153 4493.07 -5810.04 0 14
6000 154 -5441.17 2621.85 1 14
6000 155 7286.87 5034.11 1 14
6000 156 -4025.64 1532.49 2 14
6000 157 -8157.98 -8067.44 1 14
6000 158 2520.89 -7609.18 1 14
6000 159 -9040.74 -9279.93 3 14
6000 160 9495.15 -4088.78 1 14
6000 161 -7325.26 -2408.55 0 14
6000 162 -8324.24 5669.9 4 14
6000 163 6766.34 1857.43 1 14
6000 164 -1332.16 6879.31 0 14
6000 165 4500.37 9368.42 1 14
6000 166 -8973.44 9215.94 3 14
6000 167 9462.13 4055.34 0 14
6000 168 -5345.52 -1451.61 0 14
6000 169 -4536.55 -7398.25 5 10
6000 170 -2681.16 -8680.54 0 14
6000 171 -7596.94 -1049.21 0 14
6000 172 -8978.54 -1269.9 1 14
6000 173 7724.63 -8392.5 0 14
6000 174 -5254.37 -6003.95 0 14
6000 175 3212.36 -8674.55 1 14
6000 176 -9504.18 3522.8 1 14
6000 177 1604.9 5801.5 1 14
6000 178 3860.81 -8444.6 1 14
6000 179 -7193.85 -9268.68 1 14
6000 180 -3139.05 8089.6 1 14
6000 181 6336.75 -4714.23 0 14
6000 182 8316.66 5105.97 2 14
6000 183 6785 -7389.51 0 14
6000 184 9396.57 -5648.92 1 14
6000 185 -7082.5 5437.48 0 14
6000 186 4636.22 7250.3 1 14
6000 187 5372.68 -6401.72 0 14
6000 188 -2153.68 -8559.11 0 14
6000 189 5049.07 3267.16 1 14
6000 190 -7015.06 4388.7 1 14
6000 191 9607.62 -3572.32 0 14
6000 192 -8391.95 8636.12 1 14
6000 193 3971.08 -3545.83 3 14
6000 194 -3648.44 -9465.4 1 14
6000 195 5255.76 -8547 1 14
6000 196 4526.43 1736.86 2 14
6000 197 9613.5 -10.6149 1 14
6000 198 4653.56 -5374.19 1 14
6000 199 3033.7 6573.43 1 14
6000 200 -7730.63 -1244.2 2 14
6000 201 -5183.45 5294.2 0 14
6000 202 -7284.32 -4023.87 1 14
6000 203 -2597.62 -5352.4 0 14
6000 204 -9567.34 377.916 2 14
6000 205 6529.42 -4171.72 1 14
6000 206 -3048.36 -9278.28 2 14
6000 207 9495.53 -3783.9 1 14
6000 208 -1371.85 7520.64 0 14
6000 209 6580.8 9052.89 1 14
6000 210 -2259.89 -7156.19 0 14
6000 211 -7097.17 9609.69 2 14
6000 212 7357 -1136.32 1 14
6000 213 6003.11 2688.74 2 14
6000 214 -4023.03 -5095.98 1 14
6000 215 -749.396 5933.76 0 14
6000 216 -3032.77 -9493.31 0 14
6000 217 4812.66 -2380.45 3 14
6000 218 -4235.63 -8863.31 1 14
6000 219 7402.13 -3434.13 0 14
6000 220 2929.61 2261.97 2 14
6000 221 -8313.31 551.917 2 14
6000 222 1425.33 -5877.29 1 14
6000 223 1929.3 -5994.57 0 14
6000 224 1669.04 2208.12 1 14
6000 225 -2985.18 4295.69 1 14
6000 226 4534.59 9671.09 3 14
6000 227 -1635.22 -1788.72 1 14
6000 228 -8936.31 7419.55 1 14
6000 229 -8578.94 4113.49 1 14
6000 230 -3188.6 -4482.63 0 14
6000 231 -5183.99 -3706.59 2 14
6000 232 -8076 1651.19 0 14
6000 233 -1015.9 9917.97 2 14
6000 234 -9384.34 3103.6 0 14
6000 235 3326.89 3678.99 0 14
6000 236 3811.11 -7153.8 3 14
6000 237 2276.18 5534.53 1 14
6000 238 4003.47 8762.59 0 14
6000 239 7510.47 -6141.55 0 14
6000 240 1481.83 -4945.26 1 14
6000 241 -183.251 5738.75 2 14
6000 242 7758.8 4115.76 0 14
6000 243 9840.16 -3761.96 1 14
6000 244 9673.31 -701.293 0 14
6000 245 3965.99 965.082 1 14
6000 246 5972.21 6556.25 0 14
6000 247 2369.96 3330.86 0 14
6000 248 -9834.48 760.389 1 14
6000 249 -6370.49 4663.41 0 14
6000 250 1938.25 4678.8 1 14
6000 251 1715.29 -6377 0 14
6000 252 1292.23 355.139 1 14
6000 253 -7729.81 -2958.45 1 14
6000 254 1744.41 3311.63 1 14
6000 255 -1628.98 5482.6 1 14
6000 256 -564.069 1692.57 1 14
6000 257 -1937.15 104.681 1 14
6000 258 6460.02 8813.79 0 14
6000 259 -4827.84 7504.56 2 14
6000 260 -171.492 -2868.39 1 14
6000 261 5229.98 6713.81 2 14
6000 262 -199.871 -502.766 3 14
6000 263 3614.5 -6667.27 0 14
6000 264 -7280.17 5387 0 14
6000 265 -5363.09 -6840.89 1 14
6000 266 -3240.25 8760.2 1 14
6000 267 4389.68 7041.86 3 14
6000 268 -9803.59 -8425.96 0 14
6000 269 -823.137 -9062.4 0 14
6000 270 6700.26 8820.97 0 14
6000 271 8372.46 -2470.17 2 14
6000 272 3215.59 1089.35 0 14
6000 273 -5687.52 9574.84 2 14
6000 274 9082.39 -8680.79 0 14
6000 275 -6593.7 -9164.65 0 14
6000 276 -755.596 2496.71 0 14
6000 277 2616.84 -7773.38 1 14
6000 278 -8781.88 -2026.72 1 14
6000 279 -1105.03 6804.67 0 14
6000 280 -6374.64 7179.55 1 14
6000 281 8997.93 -9311.58 3 14
6000 282 -4404.35 566.947 1 14
6000 283 -5332.41 710.133 0 14
6000 284 -4938.89 -4789.2 1 14
6000 285 -9146.13 8480.57 2 14
6000 286 7013.94 2417.95 0 14
6000 287 1847.04 -4823.84 0 14
6000 288 -5199.63 -1978.56 1 14
6000 289 6392.62 -9248.51 1 14
6000 290 -6580.01 7895.57 0 14
6000 291 6598.74 -8267.39 0 14
6000 292 4748.72 5757.53 2 14
6000 293 1437.48 9450.49 0 14
6000 294 -9827.98 -9365.42 3 14
6000 295 -57.2011 8137.98 1 14
6000 296 -9123.49 -1606.82 0 14
6000 297 4330.75 -3244.26 2 14
6000 298 9718.97 1144.83 0 14
6000 299 4993.17 5494.27 1 14
6000 300 3872.99 8635.55 1 14
6000 301 7651.87 9793.58 2 14
6000 302 6497.94 -5513.57 1 14
6000 303 -4642.96 -1939.2 4 14
6000 304 5228.08 -7972.29 2 14
6000 305 7828.36 4590.34 1 14
6000 306 9952.84 1876.51 0 14
6000 307 7717.12 -1053.11 1 14
6000 308 1556.55 349.238 2 14
6000 309 -603.178 6167.08 0 14
6000 310 -6802.95 -8692.99 1 14
6000 311 2686.64 -6523 0 14
6000 312 9521.94 -385.484 1 14
6000 313 5627.5 -1045.91 1 14
6000 314 -2933.61 -6245.38 0 14
6000 315 -8631.05 -3016.65 0 14
6000 316 -7874.67 -1123.68 1 14
6000 317 -8381.75 3698.88 1 14
6000 318 3386.58 2991.66 1 14
6000 319 -7873.87 -5335.08 1 14
6000 320 3147.84 2632.88 1 14
6000 321 -140.099 1350.51 1 14
6000 322 -3775.01 -733.247 1 14
6000 323 3781.52 -1323.66 1 14
6000 324 7664.24 5234.81 1 14
6000 325 -9164.35 -4495.07 2 14
6000 326 271.01 995.434 1 14
6000 327 2284.53 2667.69 0 14
6000 328 -5781.92 7423.59 0 14
6000 329 -590.597 -7705.69 0 14
6000 330 -5491.04 -2852.09 1 14
6000 331 -7375.25 8473.68 1 14
6000 332 -3247.96 8117.58 0 14
6000 333 8599.4 1384.32 2 14
6000 334 9643.05 -1396.5 1 14
6000 335 -4750.24 9400.73 0 14
6000 336 2299.44 -1830.5 0 14
6000 337 89.5591 -7315.44 0 14
6000 338 1233.69 -4241.32 0 14
6000 339 327.284 282.951 5 8
6000 340 5716.67 -5149.34 0 14
6000 341 5326.36 -812.226 0 14
6000 342 -4273.9 7688.82 4 14
6000 343 8675.59 5293.34 5 12
6000 344 -3829.74 7514.49 1 14
6000 345 -8027.18 -2570.33 0 14
6000 346 7743.81 8411.56 2 14
6000 347 2306.56 7468.9 1 14
6000 348 5430.89 2293.63 2 14
6000 349 5661.55 4792.71 0 14
6000 350 -4682.58 -5725.36 0 14
6000 351 4589.25 8234.66 3 14
6000 352 -893.472 8964.07 1 14
6000 353 -4396.9 6456.96 1 14
6000 354 -3977.76 2644.82 2 14
6000 355 6152.38 -2072.96 1 14
6000 356 1471.65 5772.74 1 14
6000 357 6353.78 -7366.65 0 14
6000 358 -9502.55 -4108.17 1 14
6000 359 -1933.1 3607.28 0 14
6000 360 8691.06 -3412.04 1 14
6000 361 8517.87 9882.04 2 14
6000 362 -8206.91 -942.289 5 14
6000 363 7614.45 1793.42 0 14
6000 364 -1140.93 -1420 1 14
6000 365 4270.9 5526.18 1 14
6000 366 -3802.64 -2365.36 3 14
6000 367 -2777.14 -464.718 0 14
6000 368 4011.73 -9735.32 0 14
6000 369 9237.66 -6023.57 4 14
6000 370 -114.672 9211.1 1 14
6000 371 7543.36 -2950.8 1 14
6000 372 4827.07 4030.46 0 14
6000 373 7481.28 7927.84 0 14
6000 374 -8052.04 -4977.83 1 14
6000 375 -734.599 -6061.93 1 14
6000 376 -4564.67 7807.92 3 14
6000 377 6858.65 -1138.86 0 14
6000 378 -652.142 -106.815 4 14
6000 379 2683.34 7793.34 0 14
6000 380 -4474.02 -4436.74 0 14
6000 381 -1508.18 9426.87 1 14
6000 382 9250.1 -708.251 2 14
6000 383 6827.2 9525.41 1 14
6000 384 4894.91 5773.75 0 14
6000 385 -8463.65 -7225.74 1 14
6000 386 -4143.05 -1262.92 1 14
6000 387 -1423.85 -2118.31 0 14
6000 388 8001.78 -6052.28 2 14
6000 389 6730.61 -4453.56 0 14
6000 390 7745.21 2437.69 0 14
6000 391 5314.33 -569.779 1 14
6000 392 -8709.71 -2180.14 1 14
6000 393 955.386 -5707.82 0 14
6000 394 -6886.89 -7848.18 0 14
6000 395 6852.51 -7841.63 1 14
6000 396 -9081.94 -2101.86 1 14
6000 397 9217.88 3703.76 1 14
6000 398 3763.53 -7129.6 1 14
6000 399 -7982.74 -8141.51 1 14
6000 400 535.675 5782.04 1 14
6000 401 -5670.27 6865.94 1 14
6000 402 -7150.4 -1136.26 1 14
6000 403 -9454.76 6810.99 2 14
6000 404 -3450.77 -194.574 0 14
6000 405 -500.047 -3521.47 1 14
6000 406 -8035.16 -3693.9 2 14
6000 407 -6023.31 8629.8 0 14
6000 408 90.5797 1774.97 0 14
6000 409 -7150.83 -1026 1 14
6000 410 9481.61 -8799.49 1 14
6000 411 5194.91 -6936.74 2 14
6000 412 -1699.11 6359.21 1 14
6000 413 -2401.54 2290.5 0 14
6000 414 -6894.91 -4744.06 2 14
6000 415 -1278.95 927.431 1 14
6000 416 8521.6 742.958 1 14
6000 417 1387.81 9284.94 0 14
6000 418 -2078.74 718.415 1 14
6000 419 -4617.94 7873.11 3 14
6000 420 -9258.95 6959.93 2 14
6000 421 -1378.72 -1306.03 1 14
6000 422 -6297.44 -6271.09 0 14
6000 423 1282.91 -9010.06 0 14
6000 424 5320.32 1788.66 2 14
6000 425 881.932 2865.92 1 14
6000 426 2309.43 6535 0 14
6000 427 7647.95 -9520.73 5 14
6000 428 9006.75 -7325.65 1 14
6000 429 7399.16 -106.866 3 14
6000 430 2455.87 -3014.17 0 14
6000 431 4719.98 -9163.1 2 14
6000 432 1565.08 -5496.85 1 14
6000 433 -9307.37 9124.98 3 14
6000 434 -7235.37 9643.55 1 14
6000 435 2922.96 -3111.25 0 14
6000 436 8120.24 -2199.14 0 14
6000 437 919.548 -7635.52 0 14
6000 438 -799.529 6102.64 1 14
6000 439 2106.37 -5846.37 1 14
6000 440 5947.15 3121.12 1 14
6000 441 9253.49 268.763 2 14
6000 442 6457.19 -3134.39 1 14
6000 443 -8230.07 5575.64 2 14
6000 444 -760.469 3935.09 0 14
6000 445 -4977.41 -5970.61 2 14
6000 446 -7828.45 -5852.47 1 14
6000 447 4150.4 7941.22 4 14
6000 448 5395 9065.31 0 14
6000 449 -5210.86 -4491 0 14
6000 450 5279.78 -5948.17 3 14
6000 451 -3205.8 -3948.14 1 14
6000 452 -6125.39 9821.07 1 14
6000 453 7113.35 4295.14 0 14
6000 454 -604.928 -300.61 3 14
6000 455 8791.13 -1299.11 2 14
6000 456 -7265.77 -3897.54 0 14
6000 457 4203.05 -5396.76 1 14
6000 458 -8520.91 9804.58 5 8
6000 459 -8467.3 -3629 1 14
6000 460 -7200.87 -1061.58 1 14
6000 461 -456.227 -424.896 2 14
6000 462 4215.77 -799.6 0 14
6000 463 1041.13 3053.59 0 14
6000 464 -8273.75 -7940.05 0 14
6000 465 9887.47 -759.571 1 14
6000 466 -1219.64 -2604.54 0 14
6000 467 -2097.32 4756.66 1 14
6000 468 -1098.12 2167.7 0 14
6000 469 -7377.97 6689.5 0 14
6000 470 4327.78 -9360.22 0 14
6000 471 -8774.65 -2382.88 1 14
6000 472 -1033.39 -9917.84 1 14
6000 473 2449.74 7746.16 1 14
6000 474 -3415.96 -6843.75 2 14
6000 475 -9836.62 -8395.76 1 14
6000 476 -8061.44 4826.13 4 14
6000 477 8825.25 -8877.14 2 14
6000 478 6045.71 141.526 0 14
6000 479 7983.67 1268.16 0 14
6000 480 -9738.88 1066.34 2 14
6000 481 -8473.55 5334.32 2 14
6000 482 765.557 -3110.8 0 14
6000 483 -507.809 -4666.13 1 14
6000 484 -5853.02 -4702.19 0 14
6000 485 215.068 3251.86 1 14
6000 486 -1500.14 32.1996 1 14
6000 487 6750.09 -8452.15 1 14
6000 488 -3921.33 546.156 2 14
6000 489 1926.34 -4266.59 0 14
6000 490 -3361.69 7677.51 2 14
6000 491 7060.27 4569.7 1 14
6000 492 1478.1 5839.43 1 14
6000 493 2015.81 -4724.16 0 14
6000 494 -458.488 5845.3 3 14
6000 495 9109.57 9582.68 2 14
6000 496 -5923.34 12.7619 0 14
6000 497 -5585.25 444.196 1 14
6000 498 -8186.01 4096.17 2 14
6000 499 3977.57 2448.98 2 14
6000 500 -8421.99 -5864.66 1 14
6000 501 7162.35 3491.88 0 14
6000 502 5122.34 771.236 1 14
6000 503 8416.91 5338 3 14
6000 504 2379.22 -4251.45 0 14
6000 505 395.565 -8005.72 1 14
6000 506 -5335.68 -2264.18 0 14
6000 507 -215.472 8859.35 1 14
6000 508 -3552.73 -2621.11 3 14
6000 509 2337.67 6705.59 1 14
6000 510 -3867.89 2846.06 0 14
6000 511 -703.907 -9250.9 1 14
6000 512 2355.96 -3926.64 1 14
6000 513 7419.68 -2523.28 0 14
6000 514 3564.82 -346.956 0 14
6000 515 7566.35 -2207.53 1 14
6000 516 3994.9 1857.41 1 14
6000 517 723.542 233.067 5 12
6000 518 9454.42 -7311.92 2 14
6000 519 3872.77 5711.71 0 14
6000 520 -8655.6 -1696.3 0 14
6000 521 -8638.63 4476.06 1 14
6000 522 -9961.33 9081.83 1 14
6000 523 506.34 -4508.5 4 14
6000 524 7458.41 5026.2 1 14
6000 525 7397.57 5404.21 0 14
6000 526 2300.46 -5273.43 0 14
6000 527 -4539.05 9542.9 0 14
6000 528 6717.95 6345.67 2 14
6000 529 -5463.19 -9287.51 2 14
6000 530 1219.24 -3045.27 0 14
6000 531 -4159.18 672.131 0 14
6000 532 5016.17 -70.5433 1 14
6000 533 2713.82 -9579.64 0 14
6000 534 7560.69 -5398.96 3 14
6000 535 -980.497 -9542.27 1 14
6000 536 -4475.69 9034.95 3 14
6000 537 6383.51 8598.67 0 14
6000 538 -5896.43 -5320.15 1 14
6000 539 1640.27 9319.73 1 14
6000 540 -7092.66 11.0771 1 14
6000 541 5114.45 -3763.63 3 14
6000 542 -2987.86 -5594.43 1 14
6000 543 7060.19 -9913.54 1 14
6000 544 -2383.54 -9524.06 0 14
6000 545 -9403.28 7395.59 0 14
6000 546 615.821 -9070.57 3 14
6000 547 -7789.94 -2126.57 0 14
6000 548 3161.69 -1625.26 2 14
6000 549 1351.35 -1700.58 0 14
6000 550 7812.97 -3018.84 0 14
6000 551 7136.54 -4272.38 0 14
6000 552 5208.06 4642.69 0 14
6000 553 -5398.28 3210.22 1 14
6000 554 822.282 9784.05 2 14
6000 555 1079.56 6688.94 0 14
6000 556 -6643.74 -8722.38 1 14
6000 557 3560.49 -9299.51 1 14
6000 558 8547.6 -5335.86 3 14
6000 559 7687.16 -747.135 2 14
6000 560 -9275.99 -9492.26 2 14
6000 561 -6113.06 8422 1 14
6000 562 -2549.4 -1561.39 0 14
6000 563 4776.31 1688.04 0 14
6000 564 5922.42 9843.97 1 14
6000 565 -5836.23 -1969.42 1 14
6000 566 5497.08 864.736 0 14
6000 567 7983.46 4349.79 0 14
6000 568 3053.37 -8444.17 0 14
6000 569 -3100.44 -3543.35 1 14
6000 570 2508.54 6520.81 1 14
6000 571 5801.94 7393.52 0 14
6000 572 -1884.73 1397.57 0 14
6000 573 -8637.59 -4206.35 1 14
6000 574 3944.1 -8044.95 2 14
6000 575 -583.789 -1611.73 0 14
6000 576 -2180.3 8175.14 0 14
6000 577 882.471 5849.89 2 14
6000 578 -3978.72 -5601.59 0 14
6000 579 1158.05 2928.76 0 14
6000 580 -4272.2 -1650.44 1 14
6000 581 2181.07 -9034.59 1 14
6000 582 -8017.23 9934.99 3 14
6000 583 1403.32 -9566.8 0 14
6000 584 -2458.77 9098.79 1 14
6000 585 7049.61 -2672.83 0 14
6000 586 2911.23 5251.17 1 14
6000 587 5622.55 -1861.79 2 14
6000 588 -1651.4 9502.35 0 14
6000 589 6195.55 2984.43 0 14
6000 590 7900.84 2387.46 0 14
6000 591 -2605.29 -4063.08 0 14
6000 592 9765.45 4694.04 2 14
6000 593 -2848.98 6520.12 1 14
6000 594 6878.94 446.276 0 14
6000 595 -7668.99 4288.14 1 14
6000 596 1647.52 -2187.69 0 14
6000 597 7028.86 -3411.68 0 14
6000 598 5212.8 4924.93 1 14
6000 599 2576.45 -1453.48 1 14
6000 600 4448.85 -9524.84 1 14
6000 601 -3876.56 -7109.94 2 14
6000 602 1259.14 254.485 2 14
6000 603 7289.91 617.765 1 14
6000 604 -5566.18 5920.23 0 14
6000 605 -7367.48 -9308.46 1 14
6000 606 3701.91 -6041.5 0 14
6000 607 3840.4 -6776.02 1 14
6000 608 3032.4 -5986.32 2 14
6000 609 -6089.69 4394.49 0 14
6000 610 3673.18 4213.6 0 14
6000 611 9730.63 -3059.61 1 14
6000 612 9817.46 9857.54 3 14
6000 613 -8964.05 -2772.15 0 14
6000 614 255.775 -723.396 2 14
6000 615 3776.07 1744.57 2 14
6000 616 5258.18 -5470.44 0 14
6000 617 4481.95 -6777.09 2 14
6000 618 -8698.12 -676.162 1 14
6000 619 -8645.33 1046.46 1 14
6000 620 -1900.7 -8573.91 2 14
6000 621 1271.74 -3740.46 0 14
6000 622 7966.35 5295.01 1 14
6000 623 -2090.75 2091.27 2 14
6000 624 -8815.6 7218.19 0 14
6000 625 6587.37 -5843.75 1 14
6000 626 2038.45 -3470.79 2 14
6000 627 7115.64 4240.66 2 14
6000 628 -3411 -5031.03 0 14
6000 629 -8733.17 -3818.47 1 14
6000 630 -6471.5 6324.13 1 14
6000 631 7223.12 -274.819 0 14
6000 632 9985.74 6058.51 0 14
6000 633 4583.31 -1113.91 3 14
6000 634 8317.81 -4216.15 3 14
6000 635 3703.39 -4969.34 0 14
6000 636 867.817 -3404.11 2 14
6000 637 3457.54 -9393.97 1 14
6000 638 3274.12 9591.21 0 14
6000 639 -4040.57 7660.96 2 14
6000 640 27.4003 732.76 1 14
6000 641 8203.58 7249.51 0 14
6000 642 1279.72 -536.684 2 14
6000 643 -3285.2 630.561 0 14
6000 644 -4226.65 9110.85 1 14
6000 645 5641.04 9890.23 0 14
6000 646 2295.49 -6758.14 1 14
6000 647 -1750.92 9980.06 1 14
6000 648 -3618.29 -1950.98 3 14
6000 649 2988.1 -9812.43 0 14
6000 650 538.259 -1389.18 1 14
6000 651 -4307.38 -7120.53 5 14
6000 652 -9578.36 -1309.93 0 14
6000 653 9876.01 1046.82 1 14
6000 654 -4539.01 -3619.4 2 14
6000 655 212.808 -5528.83 1 14
6000 656 -4093.55 -9762.84 1 14
6000 657 -3913.1 -3632.81 0 14
6000 658 9011.39 2503.51 1 14
6000 659 4927.32 8092.05 2 14
6000 660 9621.22 -6803.37 1 14
6000 661 4792.42 -9346.42 0 14
6000 662 2905.09 -2430.89 2 14
6000 663 9057.74 -7853.69 0 14
6000 664 -2594.09 8232.79 0 14
6000 665 4626.82 1596.09 2 14
6000 666 163.202 2793.96 0 14
6000 667 -2355.62 -5056.13 1 14
6000 668 9547.75 -6970.09 1 14
6000 669 -7827.87 -911.417 2 14
6000 670 -2162.45 6496.04 0 14
6000 671 -4558.26 6271.39 1 14
6000 672 -7865.86 9661.62 3 14
6000 673 -9224.57 -3000.89 0 14
6000 674 6198.98 -178.341 0 14
6000 675 -2196.04 -2019.76 0 14
6000 676 8642.06 5396.18 3 14
6000 677 -8340.28 4201.44 2 14
6000 678 5024.23 5034.85 0 14
6000 679 5253.9 -5807.18 0 14
6000 680 -1686.2 7262.16 0 14
6000 681 -5720.97 2889.31 0 14
6000 682 -6288.8 -9467.02 0 14
6000 683 6513.25 9412.19 2 14
6000 684 3216.66 -1174.68 0 14
6000 685 -2925.24 653.118 0 14
6000 686 1472.6 2878.66 0 14
6000 687 -1890.03 -2634.03 0 14
6000 688 9624.33 6250.45 2 14
6000 689 3315.74 -5576.94 2 14
6000 690 6125.33 -5561.25 1 14
6000 691 -1727.88 -1463.01 0 14
6000 692 -1408.91 4066.46 1 14
6000 693 -5303.66 6323.66 0 14
6000 694 -9596.26 -1922.94 1 14
6000 695 -4621.7 -896.623 2 14
6000 696 -1952 5375.86 1 14
6000 697 -8403.41 9803.75 4 14
6000 698 -3627.71 523.369 1 14
6000 699 -8828.95 4556.33 4 14
6000 700 -6113.89 4861 1 14
6000 701 -4350.39 9983 0 14
6000 702 3858.21 2518.28 2 14
6000 703 -3993.35 -4512.2 0 14
6000 704 -5991.37 -4440.78 0 14
6000 705 5192.21 3271.95 2 14
6000 706 -318.473 6655.77 1 14
6000 707 5607.77 -6220.21 1 14
6000 708 -2239.07 -5565.77 0 14
6000 709 -769.487 3269.48 1 14
6000 710 4831.13 -8956.13 1 14
6000 711 -1524.09 9590.51 0 14
6000 712 8264.48 5226.57 4 14
6000 713 4729.65 7318.23 3 14
6000 714 1045.56 6184.23 0 14
6000 715 4530.72 -5914.34 1 14
6000 716 -47.7859 -6019.05 1 14
6000 717 2249.02 4102.54 0 14
6000 718 6473.19 9717.02 1 14
6000 719 -8780.15 -9547.91 4 14
6000 720 4761.16 4649.1 0 14
6000 721 -3308.17 1942.07 0 14
6000 722 719.356 1154.53 0 14
6000 723 -7232.28 9998.71 0 14
6000 724 749.852 -2688.4 0 14
6000 725 -1048.74 -6159.6 2 14
6000 726 3267.1 7651.47 0 14
6000 727 -4293.17 8292 2 14
6000 728 1271.49 -4488.55 2 14
6000 729 -9191.84 -7400.22 0 14
6000 730 4478.42 8200.9 2 14
6000 731 -7319.09 -7248.74 0 14
6000 732 8540.27 -2025.49 0 14
6000 733 -4140.65 -5752.38 1 14
6000 734 -2045.03 9094.05 1 14
6000 735 -7191.33 -7183.41 1 14
6000 736 -6335.71 -5904.5 0 14
6000 737 7264.84 7469.21 1 14
6000 738 2598.61 7974.88 0 14
6000 739 4930.98 -7222 4 14
6000 740 8513.39 -9799.92 5 4
6000 741 -7293.73 -8318.77 0 14
6000 742 -9519.38 -1485.17 1 14
6000 743 -2237.55 1571.67 1 14
6000 744 -7932.53 2529.41 1 14
6000 745 6021.62 7857.7 1 14
6000 746 -1506.02 9082.41 2 14
6000 747 -5104.14 -4056.06 2 14
6000 748 1844.36 4276.18 2 14
6000 749 366.675 -3103.39 1 14
6000 750 -2467.12 1668.8 0 14
6000 751 -8.93484 3924.15 1 14
6000 752 593.813 -6531.91 1 14
6000 753 -8323.21 7259.17 0 14
6000 754 -3741.63 -6717.61 1 14
6000 755 2140.46 -7625.65 0 14
6000 756 4168.44 6393.43 1 14
6000 757 1682.56 -495.516 0 14
6000 758 -5008.06 -5261.22 1 14
6000 759 2444.69 -8444.69 1 14
6000 760 -2355.69 5385.86 0 14
6000 761 -9195.44 3252.5 1 14
6000 762 -2219.58 -9103.15 0 14
6000 763 -374.357 166.844 3 14
6000 764 6999.54 3263.23 0 14
6000 765 9002.38 5325.31 5 8
6000 766 -4469.16 303.426 0 14
6000 767 -1522.86 -3195.84 0 14
6000 768 5451.99 7865.58 2 14
6000 769 1967.53 8176.78 0 14
6000 770 4969.86 6638.56 2 14
6000 771 -2406.75 939.351 0 14
6000 772 -7882.49 -6671.12 2 14
6000 773 -6525.04 1761.55 1 14
6000 774 -1721.99 7801.14 0 14
6000 775 -754.13 426.514 2 14
6000 776 1063.84 3736 1 14
6000 777 5072.98 -6622.1 0 14
6000 778 -6493.61 3073.21 0 14
6000 779 -2528.27 -2087.02 1 14
6000 780 -3387.24 -9904.77 2 14
6000 781 3560.66 4592.33 1 14
6000 782 7814.06 6094.17 1 14
6000 783 2407.19 2399.69 1 14
6000 784 -3099.82 1118.58 1 14
6000 785 4498.37 -2016.48 3 14
6000 786 -4643.03 -3177.07 2 14
6000 787 3052.89 -7360.36 2 14
6000 788 8717.72 -3031.3 0 14
6000 789 188.929 7369.66 0 14
6000 790 -1658.62 5749.48 0 14
6000 791 -3074.86 2161.47 1 14
6000 792 -7344.25 4514.61 1 14
6000 793 -3491.38 6704.24 1 14
6000 794 3044.6 -1082.52 0 14
6000 795 -7713.04 -4632.77 3 14
6000 796 8435.81 -1965.3 1 14
6000 797 -8893.71 2901.06 0 14
6000 798 4043.84 -2564.28 4 14
6000 799 3168.6 -8400.09 2 14
6000 800 7304.97 -6377.54 1 14
6000 801 -1519.14 9599.92 0 14
6000 802 -1395.12 -6199.84 0 14
6000 803 442.388 -4978.51 2 14
6000 804 2432.74 -3831.19 0 14
6000 805 -5180.9 -9222.73 2 14
6000 806 -2021.5 4171.02 0 14
6000 807 6155.75 2418.14 0 14
6000 808 7473.38 8922.43 2 14
6000 809 -7858.24 3245.25 1 14
6000 810 1088.9 -2804.82 0 14
6000 811 -6284.88 -3716.36 0 14
6000 812 9453.34 -5471.99 1 14
6000 813 -1604.08 -6177.62 0 14
6000 814 -2527.13 -280.623 0 14
6000 815 1949.36 8434.49 1 14
6000 816 9686.46 -5695.29 1 14
6000 817 3472.37 -9425.89 1 14
6000 818 5232.91 -8158.59 1 14
6000 819 2693.13 2733.63 0 14
6000 820 -8306.13 482.96 3 14
6000 821 -4297.62 -637.383 1 14
6000 822 -840.732 -3736.47 1 14
6000 823 -3597.19 -9465.56 1 14
6000 824 -5257.93 3485.63 4 14
6000 825 5496.66 -8101.35 1 14
6000 826 -5654.75 -8514.33 2 14
6000 827 7228.66 -9937.18 2 14
6000 828 2660.79 5217.27 0 14
6000 829 9776.45 -3557.97 0 14
6000 830 8549.12 3730.04 0 14
6000 831 -5997.35 833.022 1 14
6000 832 -3913.96 -9881.03 1 14
6000 833 9592.44 3671.62 1 14
6000 834 5144.44 -7186.35 2 14
6000 835 -3084.32 -1376.38 0 14
6000 836 -5440.95 -4484.96 1 14
6000 837 -7439.69 6154.31 1 14
6000 838 -9417.91 -9521.93 3 14
6000 839 -5434.9 4712.36 1 14
6000 840 5311.49 -6529.39 0 14
6000 841 -9730.39 -9849.85 2 14
6000 842 3578.98 7984.11 2 14
6000 843 -7993.69 -3362.53 1 14
6000 844 9063.56 2477.54 1 14
6000 845 -9945.85 -7423.97 0 14
6000 846 3305.69 -9310.34 0 14
6000 847 -2204.45 -7990.82 0 14
6000 848 -484.692 -8023.65 1 14
6000 849 5249.77 8951.58 1 14
6000 850 1364.8 -1227.88 0 14
6000 851 552.932 -9843.71 3 14
6000 852 4373.87 5134.35 1 14
6000 853 -2046.62 8256.12 0 14
6000 854 2903.09 3318.54 1 14
6000 855 -4310.87 1539.12 2 14
6000 856 6986.52 7099.32 0 14
6000 857 936.788 5455.58 2 14
6000 858 5680.4 -6107.99 0 14
6000 859 2806.28 6560.41 0 14
6000 860 -1168.14 -310.506 2 14
6000 861 39.6185 9611.14 3 14
6000 862 -5535.39 1016.99 0 14
6000 863 7218.2 -3599.31 0 14
6000 864 9028.79 620.996 2 14
6000 865 -2242.3 4040.96 1 14
6000 866 -4388.83 -9314.6 1 14
6000 867 1846.69 9573.56 0 14
6000 868 6928.94 -7649.88 1 14
6000 869 -4011.62 5347.87 0 14
6000 870 977.008 -2501.81 0 14
6000 871 -1893.04 3576.43 0 14
6000 872 -1299.96 -1227.8 2 14
6000 873 -1308.34 -4565.04 1 14
6000 874 2341.32 7264.39 1 14
6000 875 4485.92 3307.38 1 14
6000 876 693.791 -1387.9 1 14
6000 877 -8709.7 -6553.34 1 14
6000 878 -2094.39 45.4745 1 14
6000 879 5361.27 -6178.36 0 14
6000 880 7789.91 1018.04 1 14
6000 881 5963.59 -7207.5 1 14
6000 882 9784.47 -129.243 1 14
6000 883 625.412 -2043.3 1 14
6000 884 -2132.86 -6182.01 0 14
6000 885 142.73 -5852.3 2 14
6000 886 7397.77 -9787.22 1 14
6000 887 -2473.81 -768.073 0 14
6000 888 4998.71 -7056.6 1 14
6000 889 5068.9 -8915.91 0 14
6000 890 -7287.52 6379.58 1 14
6000 891 -2011.08 4047.37 1 14
6000 892 3115.09 8773.37 1 14
6000 893 8826.24 -3456.31 0 14
6000 894 3043.96 -4182.68 0 14
6000 895 9865.71 6307.97 0 14
6000 896 -6951.36 -9928.66 1 14
6000 897 -5083.85 6099.97 1 14
6000 898 -1372.82 855.564 1 14
6000 899 9375.77 1293.18 1 14
6000 900 -2937.45 8969.54 1 14
6000 901 9110.61 -9038.52 3 14
6000 902 509.064 -7522.46 0 14
6000 903 7772.58 3710.35 0 14
6000 904 8926.91 4350.6 1 14
6000 905 -3329.78 3939 1 14
6000 906 -432.122 2973.18 0 14
6000 907 6009.62 -3187.27 0 14
6000 908 -1771.49 -2409.6 1 14
6000 909 5227.07 -6823.44 1 14
6000 910 -7958.29 -4734.77 2 14
6000 911 5245.25 -4669.65 0 14
6000 912 9226.78 -6155.59 0 14
6000 913 5936.21 729.139 0 14
6000 914 6102.02 -7532.84 0 14
6000 915 7265.87 1050.8 0 14
6000 916 -9552.74 4001.23 1 14
6000 917 -6443.25 -1849.98 1 14
6000 918 5003.9 -5980.74 0 14
6000 919 7785.2 1213.57 1 14
6000 920 1038.6 -9130.71 1 14
6000 921 -3798.65 -4594.89 2 14
6000 922 -4074.46 -919.862 0 14
6000 923 2695.11 1307.04 1 14
6000 924 -3835.51 8466.67 3 14
6000 925 9848.99 -8439.05 1 14
6000 926 -6365.2 6971.36 0 14
6000 927 9672.37 3727.39 2 14
6000 928 9307.59 -7851.18 1 14
6000 929 9575.27 5040.69 1 14
6000 930 -7588.92 7276.98 0 14
6000 931 7735.01 -5466.17 1 14
6000 932 1081.74 6332.65 1 14
6000 933 -6169.52 2880.07 0 14
6000 934 -8362.48 -4671.4 2 14
6000 935 -2017.5 9075.67 0 14
6000 936 -998.927 2273.75 0 14
6000 937 5223.52 5364.79 0 14
6000 938 5401.9 2665.68 1 14
6000 939 924.236 4763.47 4 14
6000 940 -6522.64 75.194 0 14
6000 941 5924.65 6987.48 1 14
6000 942 2255.76 -2621.85 0 14
6000 943 -4135.13 5774.45 1 14
6000 944 -3139.73 9472.96 1 14
6000 945 3428.21 7118.15 1 14
6000 946 -4293.09 -6916.17 4 14
6000 947 2934.57 3757.86 2 14
6000 948 9144.23 -8047.83 0 14
6000 949 -9840.34 5408.15 2 14
6000 950 8975.51 799.628 2 14
6000 951 6977.96 6375.95 0 14
6000 952 4309.85 7353.19 5 10
6000 953 9155.87 -7771.56 0 14
6000 954 -1938.95 -9662.94 1 14
6000 955 3553.08 -3269.63 1 14
6000 956 5119.1 -8218.22 0 14
6000 957 7336.96 6716.62 0 14
6000 958 2471.39 -6574.07 0 14
6000 959 1410.15 -5463.22 1 14
6000 960 3056.95 5754.89 0 14
6000 961 1171.47 -5225.85 3 14
6000 962 -2343.98 6505.6 0 14
6000 963 3895.67 9699.79 1 14
6000 964 5612.85 3676.53 1 14
6000 965 -2475.11 -7256.77 0 14
6000 966 -184.581 5107.88 5 6
6000 967 9528.27 -6782.69 1 14
6000 968 8073.32 -4937.73 0 14
6000 969 -9671.79 -9458.07 4 14
6000 970 -93.5957 -1552.3 0 14
6000 971 5234.41 -1525.22 0 14
6000 972 -6791.22 -1406.6 0 14
6000 973 1726.79 -881.06 0 14
6000 974 1584.04 -2667.1 0 14
6000 975 1038.49 9643.93 2 14
6000 976 7070.26 4452.65 1 14
6000 977 -2102.52 -6946.14 0 14
6000 978 704.667 -1737.4 0 14
6000 979 -7616.49 2169.39 0 14
6000 980 1212.48 9069.78 0 14
6000 981 2980.31 8494.01 0 14
6000 982 -3699.79 -4318.14 0 14
6000 983 -1947.17 -9144.93 0 14
6000 984 4080.95 -6571.79 0 14
6000 985 -8742.55 -8318.16 0 14
6000 986 -4812.7 5670.31 2 14
6000 987 2864.79 1635 0 14
6000 988 -3662.18 4087.73 0 14
6000 989 9154.31 3426.92 1 14
6000 990 -4945.73 890.957 0 14
6000 991 681.612 -4903.7 1 14
6000 992 7365.84 -2125.8 0 14
6000 993 8860.76 -271.873 4 14
6000 994 818.946 4230.03 1 14
6000 995 5515.69 -4954.6 0 14
6000 996 -7169.11 -2915.2 0 14
6000 997 -6113.07 -7665.64 1 14
6000 998 1614.41 -2284.91 0 14
6000 999 6063.29 -4988.05 0 14
6000 1000 6710.56 4237.39 1 14
6000 1001 -338.417 5764.44 2 14
6000 1002 -1738.42 -5862.64 0 14
6000 1003 1177.73 5780.69 3 14
6000 1004 -7519.55 -7278.53 1 14
6000 1005 -9378.43 -1072.04 2 14
6000 1006 -6483.97 7887.22 0 14
6000 1007 -7285.38 -293.611 2 14
6000 1008 -5791.11 9175 1 14
6000 1009 -2366.44 6617.17 1 14
6000 1010 -2336.42 -7673.43 0 14
6000 1011 6651.16 -8172.91 3 14
6000 1012 -6470.82 1704.13 0 14
6000 1013 -4608.7 6923.16 3 14
6000 1014 -747.642 -8398.31 0 14
6000 1015 -6343.29 9351.47 0 14
6000 1016 8319.86 3068.47 1 14
6000 1017 7419.95 -6616.28 0 14
6000 1018 2741.34 6213.16 1 14
6000 1019 -9550.88 -7414.48 1 14
6000 1020 -118.017 -2110.33 0 14
6000 1021 3581.46 -590.112 2 14
6000 1022 6108.79 -6193.42 0 14
6000 1023 -5482.89 703.324 1 14
6000 1024 926.946 6642.13 0 14
6000 1025 -5841.57 -4624.22 0 14
6000 1026 -3100.91 7934.4 1 14
6000 1027 8364.06 1142.71 2 14
6000 1028 5572.47 -2338.97 1 14
6000 1029 2884.95 -9850.69 1 14
6000 1030 7426.94 -8553.16 3 14
6000 1031 -9251.76 -9005.08 3 14
6000 1032 900.585 107.534 4 14
6000 1033 -8984.63 8474.91 1 14
6000 1034 -3784.64 4907.96 0 14
6000 1035 -8266.83 3747.2 1 14
6000 1036 -6088.49 6498.04 0 14
7200 37 5776.01 -3723.43 0 14
7200 38 -6929.44 -4978.88 0 14
7200 39 -7046.08 -6934.2 1 14
7200 40 6356.41 -2459.33 0 14
7200 41 5311.03 -7317.56 2 14
7200 42 -5830 9360.31 1 14
7200 43 -7163.82 5932.44 1 14
7200 44 6917.07 1162.03 0 14
7200 45 1970.24 -5092.32 0 14
7200 46 -652.807 -4667.99 2 14
7200 47 -1368.42 -1698.61 0 14
7200 48 4657.25 -7452.53 5 12
7200 49 3083.42 2843.65 1 14
7200 50 5000.59 -6743 1 14
7200 51 2490.71 -2117 0 14
7200 52 -2304.27 -2794.26 1 14
7200 53 -4254.74 -9136.61 1 14
7200 54 -8547.34 -5159.25 5 2
7200 55 1423.85 9552.13 1 14
7200 56 -5715.2 -1759 1 14
7200 57 -4359.61 -7592.59 5 2
7200 58 3942.81 5097.39 0 14
7200 59 9856.63 -6273.47 0 14
7200 60 -7934.88 -5422.22 1 14
7200 61 1493.58 -3459.75 0 14
7200 62 4423.34 -8204.35 0 14
7200 63 -8614.6 404.098 2 14
7200 64 3357.04 2753.71 4 14
7200 65 1576.5 589.58 2 14
7200 66 3935.4 4759.45 0 14
7200 67 -4274.89 -8191.27 2 14
7200 68 268.593 6898.82 1 14
7200 69 2159.15 -4129.83 0 14
7200 70 -1576.72 9691.01 0 14
7200 71 -2670.49 -4782.95 1 14
7200 72 1478.89 6818.95 0 14
7200 73 221.707 -3783.92 1 14
7200 74 -3442.79 2843.55 1 14
7200 75 -5106.95 6273.79 2 14
7200 76 -8560.12 -4621.3 5 12
7200 77 90.5277 9024.06 4 14
7200 78 8249.13 272.889 3 14
7200 79 8415.03 7391.53 3 14
7200 80 -2566.63 3779.84 1 14
7200 81 -3360.92 619.238 0 14
7200 82 -9874.6 -5636.14 1 14
7200 83 1473.31 -6980.73 0 14
7200 84 6412.91 6626.17 1 14
7200 85 -8121.37 6372.21 1 14
7200 86 -3272.22 1628.08 1 14
7200 87 -1806.55 4727.91 3 14
7200 88 -2758.28 -1748.47 1 14
7200 89 6548.16 6508.44 0 14
7200 90 4498.81 -7135.85 4 14
7200 91 8384.09 -2978.31 0 14
7200 92 608.596 -5351.09 2 14
7200 93 -975.063 6214.93 1 14
7200 94 -5177.73 2123.11 1 14
7200 95 -2535.9 -3648.31 0 14
7200 96 9369.65 3348.67 1 14
7200 97 9015.99 4511.64 1 14
7200 98 -3233.7 6591.66 1 14
7200 99 5804.48 -2131.28 3 14
7200 100 -8891.35 -6976.28 1 14
7200 101 -7688.6 -6703.19 0 14
7200 102 -2226.03 468.449 1 14
7200 103 712.66 -7757.68 1 14
7200 104 630.228 1668.2 1 14
7200 105 -5322.39 7430 2 14
7200 106 -6202.5 7274.89 0 14
7200 107 5594.74 2853.45 5 14
7200 108 -164.963 -1006.77 2 14
7200 109 8127.34 4040.02 2 14
7200 110 937.534 666.934 1 14
7200 111 -7242.88 5640.92 0 14
7200 112 5383.96 -6426.54 0 14
7200 113 -8642.24 4963.41 5 2
7200 114 -6145.79 9541.79 1 14
7200 115 -6432 6123.18 1 14
7200 116 9736.01 5728.42 1 14
7200 117 -5477.71 -3201.03 2 14
7200 118 -3709.37 2132.2 3 14
7200 119 -9798.74 1245.25 2 14
7200 120 -1629.89 3033.87 1 14
7200 121 -6227.16 9819.53 1 14
7200 122 -6221.34 -6953 0 14
7200 123 1586.98 -5484.02 0 14
7200 124 -7838.01 7702.9 0 14
7200 125 -9891.76 1695.74 0 14
7200 126 -3129.32 4893.48 0 14
7200 127 629.084 -577.515 1 14
7200 128 -5099.99 -4951.87 1 14
7200 129 -9166.4 -8394.07 2 14
7200 130 9114.12 -7109.69 0 14
7200 131 -7423.08 -2791.51 0 14
7200 132 2616.55 -3345.54 0 14
7200 133 679.83 6687.48 1 14
7200 134 1707.64 -3456.64 0 14
7200 135 1473.9 6125.85 2 14
7200 136 -5112.69 7894 3 14
7200 137 -9878.94 -7455.93 1 14
7200 138 -3130.39 -4045.25 0 14
7200 139 2492.38 2413.38 0 14
7200 140 6187.27 8922.17 1 14
7200 141 4560.64 4578.19 0 14
7200 142 -141.208 8738.14 4 14
7200 143 -2512.85 -3385.89 2 14
7200 144 -8542.67 2677.88 0 14
7200 145 -220.597 124.839 5 2
7200 146 8523.25 -1991.77 1 14
7200 147 7951.59 8970.69 3 14
7200 148 743.668 8431.15 1 14
7200 149 1337.55 9637.62 1 14
7200 150 -7621.95 5846.53 1 14
7200 151 -391.693 264.498 2 14
7200 152 -7811.88 7728.28 1 14
7200 153 4493.07 -5810.04 0 14
7200 154 -5441.17 2621.85 0 14
7200 155 7286.87 5034.11 1 14
7200 156 -4025.64 1532.49 4 14
7200 157 -8157.98 -8067.44 1 14
7200 158 2520.89 -7609.18 1 14
7200 159 -9040.74 -9279.93 5 14
7200 160 9495.15 -4088.78 1 14
7200 161 -7325.26 -2408.55 0 14
7200 162 -8324.24 5669.9 4 14
7200 163 6766.34 1857.43 1 14
7200 164 -1332.16 6879.31 0 14
7200 165 4500.37 9368.42 1 14
7200 166 -8973.44 9215.94 3 14
7200 167 9462.13 4055.34 1 14
7200 168 -5345.52 -1451.61 0 14
7200 169 -4536.55 -7398.25 5 4
7200 170 -2681.16 -8680.54 0 14
7200 171 -7596.94 -1049.21 0 14
7200 172 -8978.54 -1269.9 2 14
7200 173 7724.63 -8392.5 0 14
7200 174 -5254.37 -6003.95 0 14
7200 175 3212.36 -8674.55 1 14
7200 176 -9504.18 3522.8 1 14
7200 177 1604.9 5801.5 0 14
7200 178 3860.81 -8444.6 2 14
7200 179 -7193.85 -9268.68 1 14
7200 180 -3139.05 8089.6 1 14
7200 181 6336.75 -4714.23 0 14
7200 182 8316.66 5105.97 2 14
7200 183 6785 -7389.51 0 14
7200 184 9396.57 -5648.92 2 14
7200 185 -7082.5 5437.48 0 14
7200 186 4636.22 7250.3 2 14
7200 187 5372.68 -6401.72 0 14
7200 188 -2153.68 -8559.11 0 14
7200 189 5049.07 3267.16 1 14
7200 190 -7015.06 4388.7 1 14
7200 191 9607.62 -3572.32 0 14
7200 192 -8391.95 8636.12 2 14
7200 193 3971.08 -3545.83 4 14
7200 194 -3648.44 -9465.4 1 14
7200 195 5255.76 -8547 1 14
7200 196 4526.43 1736.86 3 14
7200 197 9613.5 -10.6149 1 14
7200 198 4653.56 -5374.19 1 14
7200 199 3033.7 6573.43 1 14
7200 200 -7730.63 -1244.2 2 14
7200 201 -5183.45 5294.2 0 14
7200 202 -7284.32 -4023.87 1 14
7200 203 -2597.62 -5352.4 0 14
7200 204 -9567.34 377.916 2 14
7200 205 6529.42 -4171.72 2 14
7200 206 -3048.36 -9278.28 1 14
7200 207 9495.53 -3783.9 1 14
7200 208 -1371.85 7520.64 0 14
7200 209 6580.8 9052.89 0 14
7200 210 -2259.89 -7156.19 1 14
7200 211 -7097.17 9609.69 2 14
7200 212 7357 -1136.32 0 14
7200 213 6003.11 2688.74 2 14
7200 214 -4023.03 -5095.98 1 14
7200 215 -749.396 5933.76 0 14
7200 216 -3032.77 -9493.31 0 14
7200 217 4812.66 -2380.45 2 14
7200 218 -4235.63 -8863.31 2 14
7200 219 7402.13 -3434.13 0 14
7200 220 2929.61 2261.97 2 14
7200 221 -8313.31 551.917 4 14
7200 222 1425.33 -5877.29 0 14
7200 223 1929.3 -5994.57 0 14
7200 224 1669.04 2208.12 1 14
7200 225 -2985.18 4295.69 0 14
7200 226 4534.59 9671.09 3 14
7200 227 -1635.22 -1788.72 1 14
7200 228 -8936.31 7419.55 1 14
7200 229 -8578.94 4113.49 2 14
7200 230 -3188.6 -4482.63 0 14
7200 231 -5183.99 -3706.59 2 14
7200 232 -8076 1651.19 0 14
7200 233 -1015.9 9917.97 2 14
7200 234 -9384.34 3103.6 0 14
7200 235 3326.89 3678.99 0 14
7200 236 3811.11 -7153.8 2 14
7200 237 2276.18 5534.53 1 14
7200 238 4003.47 8762.59 2 14
7200 239 7510.47 -6141.55 0 14
7200 240 1481.83 -4945.26 1 14
7200 241 -183.251 5738.75 3 14
7200 242 7758.8 4115.76 0 14
7200 243 9840.16 -3761.96 1 14
7200 244 9673.31 -701.293 1 14
7200 245 3965.99 965.082 0 14
7200 246 5972.21 6556.25 0 14
7200 247 2369.96 3330.86 1 14
7200 248 -9834.48 760.389 1 14
7200 249 -6370.49 4663.41 0 14
7200 250 1938.25 4678.8 1 14
7200 251 1715.29 -6377 0 14
7200 252 1292.23 355.139 2 14
7200 253 -7729.81 -2958.45 1 14
7200 254 1744.41 3311.63 1 14
7200 255 -1628.98 5482.6 1 14
7200 256 -564.069 1692.57 1 14
7200 257 -1937.15 104.681 1 14
7200 258 6460.02 8813.79 0 14
7200 259 -4827.84 7504.56 2 14
7200 260 -171.492 -2868.39 1 14
7200 261 5229.98 6713.81 4 14
7200 262 -199.871 -502.766 4 14
7200 263 3614.5 -6667.27 1 14
7200 264 -7280.17 5387 0 14
7200 265 -5363.09 -6840.89 1 14
7200 266 -3240.25 8760.2 1 14
7200 267 4389.68 7041.86 3 14
7200 268 -9803.59 -8425.96 0 14
7200 269 -823.137 -9062.4 0 14
7200 270 6700.26 8820.97 1 14
7200 271 8372.46 -2470.17 2 14
7200 272 3215.59 1089.35 0 14
7200 273 -5687.52 9574.84 1 14
7200 274 9082.39 -8680.79 0 14
7200 275 -6593.7 -9164.65 0 14
7200 276 -755.596 2496.71 0 14
7200 277 2616.84 -7773.38 1 14
7200 278 -8781.88 -2026.72 1 14
7200 279 -1105.03 6804.67 0 14
7200 280 -6374.64 7179.55 1 14
7200 281 8997.93 -9311.58 3 14
7200 282 -4404.35 566.947 1 14
7200 283 -5332.41 710.133 0 14
7200 284 -4938.89 -4789.2 1 14
7200 285 -9146.13 8480.57 2 14
7200 286 7013.94 2417.95 1 14
7200 287 1847.04 -4823.84 0 14
7200 288 -5199.63 -1978.56 2 14
7200 289 6392.62 -9248.51 2 14
7200 290 -6580.01 7895.57 0 14
7200 291 6598.74 -8267.39 0 14
7200 292 4748.72 5757.53 3 14
7200 293 1437.48 9450.49 0 14
7200 294 -9827.98 -9365.42 3 14
7200 295 -57.2011 8137.98 1 14
7200 296 -9123.49 -1606.82 0 14
7200 297 4330.75 -3244.26 4 14
7200 298 9718.97 1144.83 1 14
7200 299 4993.17 5494.27 1 14
7200 300 3872.99 8635.55 1 14
7200 301 7651.87 9793.58 2 14
7200 302 6497.94 -5513.57 1 14
7200 303 -4642.96 -1939.2 3 14
7200 304 5228.08 -7972.29 2 14
7200 305 7828.36 4590.34 1 14
7200 306 9952.84 1876.51 0 14
7200 307 7717.12 -1053.11 1 14
7200 308 1556.55 349.238 2 14
7200 309 -603.178 6167.08 0 14
7200 310 -6802.95 -8692.99 1 14
7200 311 2686.64 -6523 1 14
7200 312 9521.94 -385.484 2 14
7200 313 5627.5 -1045.91 1 14
7200 314 -2933.61 -6245.38 0 14
7200 315 -8631.05 -3016.65 0 14
7200 316 -7874.67 -1123.68 1 14
7200 317 -8381.75 3698.88 1 14
7200 318 3386.58 2991.66 2 14
7200 319 -7873.87 -5335.08 2 14
7200 320 3147.84 2632.88 1 14
7200 321 -140.099 1350.51 0 14
7200 322 -3775.01 -733.247 1 14
7200 323 3781.52 -1323.66 1 14
7200 324 7664.24 5234.81 1 14
7200 325 -9164.35 -4495.07 3 14
7200 326 271.01 995.434 1 14
7200 327 2284.53 2667.69 1 14
7200 328 -5781.92 7423.59 0 14
7200 329 -590.597 -7705.69 0 14
7200 330 -5491.04 -2852.09 1 14
7200 331 -7375.25 8473.68 1 14
7200 332 -3247.96 8117.58 0 14
7200 333 8599.4 1384.32 2 14
7200 334 9643.05 -1396.5 1 14
7200 335 -4750.24 9400.73 0 14
7200 336 2299.44 -1830.5 1 14
7200 337 89.5591 -7315.44 0 14
7200 338 1233.69 -4241.32 0 14
7200 339 327.284 282.951 5 2
7200 340 5716.67 -5149.34 0 14
7200 341 5326.36 -812.226 0 14
7200 342 -4273.9 7688.82 5 10
7200 343 8675.59 5293.34 5 10
7200 344 -3829.74 7514.49 2 14
7200 345 -8027.18 -2570.33 0 14
7200 346 7743.81 8411.56 2 14
7200 347 2306.56 7468.9 1 14
7200 348 5430.89 2293.63 4 14
7200 349 5661.55 4792.71 0 14
7200 350 -4682.58 -5725.36 1 14
7200 351 4589.25 8234.66 4 14
7200 352 -893.472 8964.07 1 14
7200 353 -4396.9 6456.96 2 14
7200 354 -3977.76 2644.82 3 14
7200 355 6152.38 -2072.96 1 14
7200 356 1471.65 5772.74 1 14
7200 357 6353.78 -7366.65 0 14
7200 358 -9502.55 -4108.17 1 14
7200 359 -1933.1 3607.28 0 14
7200 360 8691.06 -3412.04 0 14
7200 361 8517.87 9882.04 4 14
7200 362 -8206.91 -942.289 5 10
7200 363 7614.45 1793.42 0 14
7200 364 -1140.93 -1420 0 14
7200 365 4270.9 5526.18 1 14
7200 366 -3802.64 -2365.36 5 12
7200 367 -2777.14 -464.718 0 14
7200 368 4011.73 -9735.32 0 14
7200 369 9237.66 -6023.57 5 14
7200 370 -114.672 9211.1 0 14
7200 371 7543.36 -2950.8 1 14
7200 372 4827.07 4030.46 1 14
7200 373 7481.28 7927.84 0 14
7200 374 -8052.04 -4977.83 2 14
7200 375 -734.599 -6061.93 1 14
7200 376 -4564.67 7807.92 5 14
7200 377 6858.65 -1138.86 1 14
7200 378 -652.142 -106.815 5 12
7200 379 2683.34 7793.34 0 14
7200 380 -4474.02 -4436.74 0 14
7200 381 -1508.18 9426.87 1 14
7200 382 9250.1 -708.251 2 14
7200 383 6827.2 9525.41 0 14
7200 384 4894.91 5773.75 0 14
7200 385 -8463.65 -7225.74 1 14
7200 386 -4143.05 -1262.92 1 14
7200 387 -1423.85 -2118.31 0 14
7200 388 8001.78 -6052.28 3 14
7200 389 6730.61 -4453.56 0 14
7200 390 7745.21 2437.69 0 14
7200 391 5314.33 -569.779 1 14
7200 392 -8709.71 -2180.14 1 14
7200 393 955.386 -5707.82 0 14
7200 394 -6886.89 -7848.18 0 14
7200 395 6852.51 -7841.63 2 14
7200 396 -9081.94 -2101.86 1 14
7200 397 9217.88 3703.76 1 14
7200 398 3763.53 -7129.6 2 14
7200 399 -7982.74 -8141.51 1 14
7200 400 535.675 5782.04 1 14
7200 401 -5670.27 6865.94 1 14
7200 402 -7150.4 -1136.26 1 14
7200 403 -9454.76 6810.99 1 14
7200 404 -3450.77 -194.574 0 14
7200 405 -500.047 -3521.47 1 14
7200 406 -8035.16 -3693.9 2 14
7200 407 -6023.31 8629.8 0 14
7200 408 90.5797 1774.97 1 14
7200 409 -7150.83 -1026 1 14
7200 410 9481.61 -8799.49 1 14
7200 411 5194.91 -6936.74 2 14
7200 412 -1699.11 6359.21 1 14
7200 413 -2401.54 2290.5 0 14
7200 414 -6894.91 -4744.06 2 14
7200 415 -1278.95 927.431 0 14
7200 416 8521.6 742.958 1 14
7200 417 1387.81 9284.94 1 14
7200 418 -2078.74 718.415 1 14
7200 419 -4617.94 7873.11 3 14
7200 420 -9258.95 6959.93 2 14
7200 421 -1378.72 -1306.03 0 14
7200 422 -6297.44 -6271.09 0 14
7200 423 1282.91 -9010.06 0 14
7200 424 5320.32 1788.66 2 14
7200 425 881.932 2865.92 1 14
7200 426 2309.43 6535 0 14
7200 427 7647.95 -9520.73 5 14
7200 428 9006.75 -7325.65 1 14
7200 429 7399.16 -106.866 3 14
7200 430 2455.87 -3014.17 0 14
7200 431 4719.98 -9163.1 3 14
7200 432 1565.08 -5496.85 1 14
7200 433 -9307.37 9124.98 3 14
7200 434 -7235.37 9643.55 1 14
7200 435 2922.96 -3111.25 1 14
7200 436 8120.24 -2199.14 0 14
7200 437 919.548 -7635.52 0 14
7200 438 -799.529 6102.64 1 14
7200 439 2106.37 -5846.37 1 14
7200 440 5947.15 3121.12 1 14
7200 441 9253.49 268.763 3 14
7200 442 6457.19 -3134.39 1 14
7200 443 -8230.07 5575.64 2 14
7200 444 -760.469 3935.09 0 14
7200 445 -4977.41 -5970.61 3 14
7200 446 -7828.45 -5852.47 2 14
7200 447 4150.4 7941.22 5 14
7200 448 5395 9065.31 0 14
7200 449 -5210.86 -4491 0 14
7200 450 5279.78 -5948.17 3 14
7200 451 -3205.8 -3948.14 1 14
7200 452 -6125.39 9821.07 1 14
7200 453 7113.35 4295.14 0 14
7200 454 -604.928 -300.61 4 14
7200 455 8791.13 -1299.11 2 14
7200 456 -7265.77 -3897.54 1 14
7200 457 4203.05 -5396.76 2 14
7200 458 -8520.91 9804.58 5 2
7200 459 -8467.3 -3629 3 14
7200 460 -7200.87 -1061.58 1 14
7200 461 -456.227 -424.896 1 14
7200 462 4215.77 -799.6 1 14
7200 463 1041.13 3053.59 0 14
7200 464 -8273.75 -7940.05 0 14
7200 465 9887.47 -759.571 1 14
7200 466 -1219.64 -2604.54 1 14
7200 467 -2097.32 4756.66 1 14
7200 468 -1098.12 2167.7 0 14
7200 469 -7377.97 6689.5 0 14
7200 470 4327.78 -9360.22 1 14
7200 471 -8774.65 -2382.88 1 14
7200 472 -1033.39 -9917.84 2 14
7200 473 2449.74 7746.16 1 14
7200 474 -3415.96 -6843.75 2 14
7200 475 -9836.62 -8395.76 1 14
7200 476 -8061.44 4826.13 5 12
7200 477 8825.25 -8877.14 2 14
7200 478 6045.71 141.526 0 14
7200 479 7983.67 1268.16 0 14
7200 480 -9738.88 1066.34 2 14
7200 481 -8473.55 5334.32 4 14
7200 482 765.557 -3110.8 0 14
7200 483 -507.809 -4666.13 1 14
7200 484 -5853.02 -4702.19 0 14
7200 485 215.068 3251.86 1 14
7200 486 -1500.14 32.1996 2 14
7200 487 6750.09 -8452.15 2 14
7200 488 -3921.33 546.156 2 14
7200 489 1926.34 -4266.59 0 14
7200 490 -3361.69 7677.51 3 14
7200 491 7060.27 4569.7 0 14
7200 492 1478.1 5839.43 0 14
7200 493 2015.81 -4724.16 0 14
7200 494 -458.488 5845.3 3 14
7200 495 9109.57 9582.68 3 14
7200 496 -5923.34 12.7619 0 14
7200 497 -5585.25 444.196 1 14
7200 498 -8186.01 4096.17 2 14
7200 499 3977.57 2448.98 3 14
7200 500 -8421.99 -5864.66 1 14
7200 501 7162.35 3491.88 0 14
7200 502 5122.34 771.236 1 14
7200 503 8416.91 5338 5 12
7200 504 2379.22 -4251.45 0 14
7200 505 395.565 -8005.72 1 14
7200 506 -5335.68 -2264.18 2 14
7200 507 -215.472 8859.35 0 14
7200 508 -3552.73 -2621.11 3 14
7200 509 2337.67 6705.59 2 14
7200 510 -3867.89 2846.06 0 14
7200 511 -703.907 -9250.9 1 14
7200 512 2355.96 -3926.64 1 14
7200 513 7419.68 -2523.28 1 14
7200 514 3564.82 -346.956 0 14
7200 515 7566.35 -2207.53 0 14
7200 516 3994.9 1857.41 1 14
7200 517 723.542 233.067 5 6
7200 518 9454.42 -7311.92 2 14
7200 519 3872.77 5711.71 0 14
7200 520 -8655.6 -1696.3 0 14
7200 521 -8638.63 4476.06 2 14
7200 522 -9961.33 9081.83 1 14
7200 523 506.34 -4508.5 4 14
7200 524 7458.41 5026.2 1 14
7200 525 7397.57 5404.21 1 14
7200 526 2300.46 -5273.43 0 14
7200 527 -4539.05 9542.9 0 14
7200 528 6717.95 6345.67 2 14
7200 529 -5463.19 -9287.51 2 14
7200 530 1219.24 -3045.27 0 14
7200 531 -4159.18 672.131 0 14
7200 532 5016.17 -70.5433 0 14
7200 533 2713.82 -9579.64 0 14
7200 534 7560.69 -5398.96 4 14
7200 535 -980.497 -9542.27 1 14
7200 536 -4475.69 9034.95 4 14
7200 537 6383.51 8598.67 0 14
7200 538 -5896.43 -5320.15 2 14
7200 539 1640.27 9319.73 1 14
7200 540 -7092.66 11.0771 1 14
7200 541 5114.45 -3763.63 2 14
7200 542 -2987.86 -5594.43 1 14
7200 543 7060.19 -9913.54 2 14
7200 544 -2383.54 -9524.06 1 14
7200 545 -9403.28 7395.59 0 14
7200 546 615.821 -9070.57 4 14
7200 547 -7789.94 -2126.57 0 14
7200 548 3161.69 -1625.26 2 14
7200 549 1351.35 -1700.58 0 14
7200 550 7812.97 -3018.84 0 14
7200 551 7136.54 -4272.38 0 14
7200 552 5208.06 4642.69 0 14
7200 553 -5398.28 3210.22 2 14
7200 554 822.282 9784.05 2 14
7200 555 1079.56 6688.94 0 14
7200 556 -6643.74 -8722.38 1 14
7200 557 3560.49 -9299.51 1 14
7200 558 8547.6 -5335.86 3 14
7200 559 7687.16 -747.135 1 14
7200 560 -9275.99 -9492.26 3 14
7200 561 -6113.06 8422 1 14
7200 562 -2549.4 -1561.39 0 14
7200 563 4776.31 1688.04 1 14
7200 564 5922.42 9843.97 1 14
7200 565 -5836.23 -1969.42 1 14
7200 566 5497.08 864.736 0 14
7200 567 7983.46 4349.79 2 14
7200 568 3053.37 -8444.17 0 14
7200 569 -3100.44 -3543.35 0 14
7200 570 2508.54 6520.81 0 14
7200 571 5801.94 7393.52 0 14
7200 572 -1884.73 1397.57 0 14
7200 573 -8637.59 -4206.35 1 14
7200 574 3944.1 -8044.95 3 14
7200 575 -583.789 -1611.73 0 14
7200 576 -2180.3 8175.14 0 14
7200 577 882.471 5849.89 3 14
7200 578 -3978.72 -5601.59 0 14
7200 579 1158.05 2928.76 0 14
7200 580 -4272.2 -1650.44 1 14
7200 581 2181.07 -9034.59 1 14
7200 582 -8017.23 9934.99 5 12
7200 583 1403.32 -9566.8 0 14
7200 584 -2458.77 9098.79 1 14
7200 585 7049.61 -2672.83 0 14
7200 586 2911.23 5251.17 1 14
7200 587 5622.55 -1861.79 2 14
7200 588 -1651.4 9502.35 0 14
7200 589 6195.55 2984.43 0 14
7200 590 7900.84 2387.46 0 14
7200 591 -2605.29 -4063.08 0 14
7200 592 9765.45 4694.04 1 14
7200 593 -2848.98 6520.12 1 14
7200 594 6878.94 446.276 0 14
7200 595 -7668.99 4288.14 1 14
7200 596 1647.52 -2187.69 0 14
7200 597 7028.86 -3411.68 0 14
7200 598 5212.8 4924.93 1 14
7200 599 2576.45 -1453.48 0 14
7200 600 4448.85 -9524.84 1 14
7200 601 -3876.56 -7109.94 3 14
7200 602 1259.14 254.485 2 14
7200 603 7289.91 617.765 1 14
7200 604 -5566.18 5920.23 0 14
7200 605 -7367.48 -9308.46 1 14
7200 606 3701.91 -6041.5 0 14
7200 607 3840.4 -6776.02 1 14
7200 608 3032.4 -5986.32 2 14
7200 609 -6089.69 4394.49 0 14
7200 610 3673.18 4213.6 0 14
7200 611 9730.63 -3059.61 1 14
7200 612 9817.46 9857.54 4 14
7200 613 -8964.05 -2772.15 0 14
7200 614 255.775 -723.396 2 14
7200 615 3776.07 1744.57 2 14
7200 616 5258.18 -5470.44 1 14
7200 617 4481.95 -6777.09 3 14
7200 618 -8698.12 -676.162 2 14
7200 619 -8645.33 1046.46 1 14
7200 620 -1900.7 -8573.91 1 14
7200 621 1271.74 -3740.46 1 14
7200 622 7966.35 5295.01 1 14
7200 623 -2090.75 2091.27 2 14
7200 624 -8815.6 7218.19 0 14
7200 625 6587.37 -5843.75 1 14
7200 626 2038.45 -3470.79 3 14
7200 627 7115.64 4240.66 2 14
7200 628 -3411 -5031.03 0 14
7200 629 -8733.17 -3818.47 2 14
7200 630 -6471.5 6324.13 1 14
7200 631 7223.12 -274.819 0 14
7200 632 9985.74 6058.51 1 14
7200 633 4583.31 -1113.91 4 14
7200 634 8317.81 -4216.15 2 14
7200 635 3703.39 -4969.34 0 14
7200 636 867.817 -3404.11 3 14
7200 637 3457.54 -9393.97 1 14
7200 638 3274.12 9591.21 1 14
7200 639 -4040.57 7660.96 4 14
7200 640 27.4003 732.76 2 14
7200 641 8203.58 7249.51 0 14
7200 642 1279.72 -536.684 2 14
7200 643 -3285.2 630.561 0 14
7200 644 -4226.65 9110.85 1 14
7200 645 5641.04 9890.23 0 14
7200 646 2295.49 -6758.14 1 14
7200 647 -1750.92 9980.06 1 14
7200 648 -3618.29 -1950.98 5 14
7200 649 2988.1 -9812.43 0 14
7200 650 538.259 -1389.18 2 14
7200 651 -4307.38 -7120.53 5 8
7200 652 -9578.36 -1309.93 0 14
7200 653 9876.01 1046.82 1 14
7200 654 -4539.01 -3619.4 2 14
7200 655 212.808 -5528.83 1 14
7200 656 -4093.55 -9762.84 1 14
7200 657 -3913.1 -3632.81 0 14
7200 658 9011.39 2503.51 1 14
7200 659 4927.32 8092.05 2 14
7200 660 9621.22 -6803.37 2 14
7200 661 4792.42 -9346.42 0 14
7200 662 2905.09 -2430.89 2 14
7200 663 9057.74 -7853.69 0 14
7200 664 -2594.09 8232.79 1 14
7200 665 4626.82 1596.09 1 14
7200 666 163.202 2793.96 0 14
7200 667 -2355.62 -5056.13 1 14
7200 668 9547.75 -6970.09 1 14
7200 669 -7827.87 -911.417 2 14
7200 670 -2162.45 6496.04 0 14
7200 671 -4558.26 6271.39 1 14
7200 672 -7865.86 9661.62 4 14
7200 673 -9224.57 -3000.89 0 14
7200 674 6198.98 -178.341 1 14
7200 675 -2196.04 -2019.76 0 14
7200 676 8642.06 5396.18 4 14
7200 677 -8340.28 4201.44 2 14
7200 678 5024.23 5034.85 0 14
7200 679 5253.9 -5807.18 0 14
7200 680 -1686.2 7262.16 0 14
7200 681 -5720.97 2889.31 1 14
7200 682 -6288.8 -9467.02 0 14
7200 683 6513.25 9412.19 1 14
7200 684 3216.66 -1174.68 0 14
7200 685 -2925.24 653.118 0 14
7200 686 1472.6 2878.66 0 14
7200 687 -1890.03 -2634.03 0 14
7200 688 9624.33 6250.45 2 14
7200 689 3315.74 -5576.94 2 14
7200 690 6125.33 -5561.25 1 14
7200 691 -1727.88 -1463.01 0 14
7200 692 -1408.91 4066.46 1 14
7200 693 -5303.66 6323.66 0 14
7200 694 -9596.26 -1922.94 2 14
7200 695 -4621.7 -896.623 1 14
7200 696 -1952 5375.86 1 14
7200 697 -8403.41 9803.75 5 10
7200 698 -3627.71 523.369 1 14
7200 699 -8828.95 4556.33 5 14
7200 700 -6113.89 4861 1 14
7200 701 -4350.39 9983 0 14
7200 702 3858.21 2518.28 1 14
7200 703 -3993.35 -4512.2 0 14
7200 704 -5991.37 -4440.78 0 14
7200 705 5192.21 3271.95 2 14
7200 706 -318.473 6655.77 0 14
7200 707 5607.77 -6220.21 0 14
7200 708 -2239.07 -5565.77 0 14
7200 709 -769.487 3269.48 1 14
7200 710 4831.13 -8956.13 1 14
7200 711 -1524.09 9590.51 0 14
7200 712 8264.48 5226.57 5 12
7200 713 4729.65 7318.23 4 14
7200 714 1045.56 6184.23 0 14
7200 715 4530.72 -5914.34 1 14
7200 716 -47.7859 -6019.05 0 14
7200 717 2249.02 4102.54 0 14
7200 718 6473.19 9717.02 1 14
7200 719 -8780.15 -9547.91 5 10
7200 720 4761.16 4649.1 0 14
7200 721 -3308.17 1942.07 0 14
7200 722 719.356 1154.53 0 14
7200 723 -7232.28 9998.71 2 14
7200 724 749.852 -2688.4 0 14
7200 725 -1048.74 -6159.6 2 14
7200 726 3267.1 7651.47 0 14
7200 727 -4293.17 8292 1 14
7200 728 1271.49 -4488.55 2 14
7200 729 -9191.84 -7400.22 0 14
7200 730 4478.42 8200.9 2 14
7200 731 -7319.09 -7248.74 0 14
7200 732 8540.27 -2025.49 0 14
7200 733 -4140.65 -5752.38 1 14
7200 734 -2045.03 9094.05 1 14
7200 735 -7191.33 -7183.41 1 14
7200 736 -6335.71 -5904.5 0 14
7200 737 7264.84 7469.21 1 14
7200 738 2598.61 7974.88 0 14
7200 739 4930.98 -7222 5 14
7200 740 8513.39 -9799.92 5 2
7200 741 -7293.73 -8318.77 1 14
7200 742 -9519.38 -1485.17 1 14
7200 743 -2237.55 1571.67 1 14
7200 744 -7932.53 2529.41 1 14
7200 745 6021.62 7857.7 1 14
7200 746 -1506.02 9082.41 2 14
7200 747 -5104.14 -4056.06 3 14
7200 748 1844.36 4276.18 2 14
7200 749 366.675 -3103.39 1 14
7200 750 -2467.12 1668.8 0 14
7200 751 -8.93484 3924.15 2 14
7200 752 593.813 -6531.91 1 14
7200 753 -8323.21 7259.17 1 14
7200 754 -3741.63 -6717.61 1 14
7200 755 2140.46 -7625.65 0 14
7200 756 4168.44 6393.43 1 14
7200 757 1682.56 -495.516 0 14
7200 758 -5008.06 -5261.22 1 14
7200 759 2444.69 -8444.69 1 14
7200 760 -2355.69 5385.86 0 14
7200 761 -9195.44 3252.5 1 14
7200 762 -2219.58 -9103.15 0 14
7200 763 -374.357 166.844 4 14
7200 764 6999.54 3263.23 0 14
7200 765 9002.38 5325.31 5 2
7200 766 -4469.16 303.426 0 14
7200 767 -1522.86 -3195.84 0 14
7200 768 5451.99 7865.58 2 14
7200 769 1967.53 8176.78 0 14
7200 770 4969.86 6638.56 1 14
7200 771 -2406.75 939.351 0 14
7200 772 -7882.49 -6671.12 2 14
7200 773 -6525.04 1761.55 1 14
7200 774 -1721.99 7801.14 0 14
7200 775 -754.13 426.514 3 14
7200 776 1063.84 3736 1 14
7200 777 5072.98 -6622.1 0 14
7200 778 -6493.61 3073.21 0 14
7200 779 -2528.27 -2087.02 1 14
7200 780 -3387.24 -9904.77 1 14
7200 781 3560.66 4592.33 1 14
7200 782 7814.06 6094.17 2 14
7200 783 2407.19 2399.69 1 14
7200 784 -3099.82 1118.58 1 14
7200 785 4498.37 -2016.48 5 12
7200 786 -4643.03 -3177.07 4 14
7200 787 3052.89 -7360.36 1 14
7200 788 8717.72 -3031.3 0 14
7200 789 188.929 7369.66 0 14
7200 790 -1658.62 5749.48 0 14
7200 791 -3074.86 2161.47 1 14
7200 792 -7344.25 4514.61 1 14
7200 793 -3491.38 6704.24 2 14
7200 794 3044.6 -1082.52 0 14
7200 795 -7713.04 -4632.77 3 14
7200 796 8435.81 -1965.3 1 14
7200 797 -8893.71 2901.06 0 14
7200 798 4043.84 -2564.28 5 14
7200 799 3168.6 -8400.09 3 14
7200 800 7304.97 -6377.54 1 14
7200 801 -1519.14 9599.92 0 14
7200 802 -1395.12 -6199.84 0 14
7200 803 442.388 -4978.51 2 14
7200 804 2432.74 -3831.19 1 14
7200 805 -5180.9 -9222.73 2 14
7200 806 -2021.5 4171.02 0 14
7200 807 6155.75 2418.14 0 14
7200 808 7473.38 8922.43 3 14
7200 809 -7858.24 3245.25 1 14
7200 810 1088.9 -2804.82 0 14
7200 811 -6284.88 -3716.36 0 14
7200 812 9453.34 -5471.99 2 14
7200 813 -1604.08 -6177.62 0 14
7200 814 -2527.13 -280.623 0 14
7200 815 1949.36 8434.49 1 14
7200 816 9686.46 -5695.29 1 14
7200 817 3472.37 -9425.89 1 14
7200 818 5232.91 -8158.59 1 14
7200 819 2693.13 2733.63 0 14
7200 820 -8306.13 482.96 5 14
7200 821 -4297.62 -637.383 1 14
7200 822 -840.732 -3736.47 0 14
7200 823 -3597.19 -9465.56 1 14
7200 824 -5257.93 3485.63 4 14
7200 825 5496.66 -8101.35 1 14
7200 826 -5654.75 -8514.33 2 14
7200 827 7228.66 -9937.18 3 14
7200 828 2660.79 5217.27 0 14
7200 829 9776.45 -3557.97 1 14
7200 830 8549.12 3730.04 0 14
7200 831 -5997.35 833.022 1 14
7200 832 -3913.96 -9881.03 1 14
7200 833 9592.44 3671.62 2 14
7200 834 5144.44 -7186.35 3 14
7200 835 -3084.32 -1376.38 0 14
7200 836 -5440.95 -4484.96 1 14
7200 837 -7439.69 6154.31 2 14
7200 838 -9417.91 -9521.93 5 12
7200 839 -5434.9 4712.36 2 14
7200 840 5311.49 -6529.39 0 14
7200 841 -9730.39 -9849.85 2 14
7200 842 3578.98 7984.11 3 14
7200 843 -7993.69 -3362.53 1 14
7200 844 9063.56 2477.54 1 14
7200 845 -9945.85 -7423.97 0 14
7200 846 3305.69 -9310.34 1 14
7200 847 -2204.45 -7990.82 0 14
7200 848 -484.692 -8023.65 1 14
7200 849 5249.77 8951.58 1 14
7200 850 1364.8 -1227.88 0 14
7200 851 552.932 -9843.71 4 14
7200 852 4373.87 5134.35 0 14
7200 853 -2046.62 8256.12 0 14
7200 854 2903.09 3318.54 0 14
7200 855 -4310.87 1539.12 2 14
7200 856 6986.52 7099.32 0 14
7200 857 936.788 5455.58 2 14
7200 858 5680.4 -6107.99 0 14
7200 859 2806.28 6560.41 0 14
7200 860 -1168.14 -310.506 3 14
7200 861 39.6185 9611.14 5 12
7200 862 -5535.39 1016.99 0 14
7200 863 7218.2 -3599.31 0 14
7200 864 9028.79 620.996 2 14
7200 865 -2242.3 4040.96 1 14
7200 866 -4388.83 -9314.6 1 14
7200 867 1846.69 9573.56 0 14
7200 868 6928.94 -7649.88 1 14
7200 869 -4011.62 5347.87 0 14
7200 870 977.008 -2501.81 0 14
7200 871 -1893.04 3576.43 0 14
7200 872 -1299.96 -1227.8 2 14
7200 873 -1308.34 -4565.04 1 14
7200 874 2341.32 7264.39 1 14
7200 875 4485.92 3307.38 1 14
7200 876 693.791 -1387.9 1 14
7200 877 -8709.7 -6553.34 1 14
7200 878 -2094.39 45.4745 1 14
7200 879 5361.27 -6178.36 0 14
7200 880 7789.91 1018.04 1 14
7200 881 5963.59 -7207.5 0 14
7200 882 9784.47 -129.243 1 14
7200 883 625.412 -2043.3 1 14
7200 884 -2132.86 -6182.01 0 14
7200 885 142.73 -5852.3 3 14
7200 886 7397.77 -9787.22 1 14
7200 887 -2473.81 -768.073 0 14
7200 888 4998.71 -7056.6 2 14
7200 889 5068.9 -8915.91 0 14
7200 890 -7287.52 6379.58 1 14
7200 891 -2011.08 4047.37 1 14
7200 892 3115.09 8773.37 1 14
7200 893 8826.24 -3456.31 1 14
7200 894 3043.96 -4182.68 0 14
7200 895 9865.71 6307.97 0 14
7200 896 -6951.36 -9928.66 1 14
7200 897 -5083.85 6099.97 1 14
7200 898 -1372.82 855.564 1 14
7200 899 9375.77 1293.18 1 14
7200 900 -2937.45 8969.54 1 14
7200 901 9110.61 -9038.52 3 14
7200 902 509.064 -7522.46 0 14
7200 903 7772.58 3710.35 0 14
7200 904 8926.91 4350.6 3 14
7200 905 -3329.78 3939 2 14
7200 906 -432.122 2973.18 0 14
7200 907 6009.62 -3187.27 0 14
7200 908 -1771.49 -2409.6 1 14
7200 909 5227.07 -6823.44 1 14
7200 910 -7958.29 -4734.77 2 14
7200 911 5245.25 -4669.65 0 14
7200 912 9226.78 -6155.59 0 14
7200 913 5936.21 729.139 0 14
7200 914 6102.02 -7532.84 1 14
7200 915 7265.87 1050.8 0 14
7200 916 -9552.74 4001.23 1 14
7200 917 -6443.25 -1849.98 1 14
7200 918 5003.9 -5980.74 0 14
7200 919 7785.2 1213.57 1 14
7200 920 1038.6 -9130.71 1 14
7200 921 -3798.65 -4594.89 2 14
7200 922 -4074.46 -919.862 0 14
7200 923 2695.11 1307.04 1 14
7200 924 -3835.51 8466.67 4 14
7200 925 9848.99 -8439.05 1 14
7200 926 -6365.2 6971.36 0 14
7200 927 9672.37 3727.39 1 14
7200 928 9307.59 -7851.18 1 14
7200 929 9575.27 5040.69 1 14
7200 930 -7588.92 7276.98 0 14
7200 931 7735.01 -5466.17 1 14
7200 932 1081.74 6332.65 2 14
7200 933 -6169.52 2880.07 0 14
7200 934 -8362.48 -4671.4 3 14
7200 935 -2017.5 9075.67 0 14
7200 936 -998.927 2273.75 0 14
7200 937 5223.52 5364.79 0 14
7200 938 5401.9 2665.68 1 14
7200 939 924.236 4763.47 4 14
7200 940 -6522.64 75.194 0 14
7200 941 5924.65 6987.48 1 14
7200 942 2255.76 -2621.85 0 14
7200 943 -4135.13 5774.45 1 14
7200 944 -3139.73 9472.96 2 14
7200 945 3428.21 7118.15 2 14
7200 946 -4293.09 -6916.17 5 12
7200 947 2934.57 3757.86 2 14
7200 948 9144.23 -8047.83 0 14
7200 949 -9840.34 5408.15 3 14
7200 950 8975.51 799.628 2 14
7200 951 6977.96 6375.95 0 14
7200 952 4309.85 7353.19 5 2
7200 953 9155.87 -7771.56 0 14
7200 954 -1938.95 -9662.94 1 14
7200 955 3553.08 -3269.63 2 14
7200 956 5119.1 -8218.22 1 14
7200 957 7336.96 6716.62 0 14
7200 958 2471.39 -6574.07 0 14
7200 959 1410.15 -5463.22 1 14
7200 960 3056.95 5754.89 0 14
7200 961 1171.47 -5225.85 4 14
7200 962 -2343.98 6505.6 0 14
7200 963 3895.67 9699.79 1 14
7200 964 5612.85 3676.53 1 14
7200 965 -2475.11 -7256.77 0 14
7200 966 -184.581 5107.88 5 2
7200 967 9528.27 -6782.69 1 14
7200 968 8073.32 -4937.73 0 14
7200 969 -9671.79 -9458.07 5 14
7200 970 -93.5957 -1552.3 0 14
7200 971 5234.41 -1525.22 0 14
7200 972 -6791.22 -1406.6 1 14
7200 973 1726.79 -881.06 0 14
7200 974 1584.04 -2667.1 1 14
7200 975 1038.49 9643.93 2 14
7200 976 7070.26 4452.65 1 14
7200 977 -2102.52 -6946.14 1 14
7200 978 704.667 -1737.4 1 14
7200 979 -7616.49 2169.39 0 14
7200 980 1212.48 9069.78 0 14
7200 981 2980.31 8494.01 0 14
7200 982 -3699.79 -4318.14 0 14
7200 983 -1947.17 -9144.93 0 14
7200 984 4080.95 -6571.79 1 14
7200 985 -8742.55 -8318.16 0 14
7200 986 -4812.7 5670.31 2 14
7200 987 2864.79 1635 1 14
7200 988 -3662.18 4087.73 0 14
7200 989 9154.31 3426.92 2 14
7200 990 -4945.73 890.957 0 14
7200 991 681.612 -4903.7 2 14
7200 992 7365.84 -2125.8 0 14
7200 993 8860.76 -271.873 5 10
7200 994 818.946 4230.03 0 14
7200 995 5515.69 -4954.6 0 14
7200 996 -7169.11 -2915.2 0 14
7200 997 -6113.07 -7665.64 0 14
7200 998 1614.41 -2284.91 0 14
7200 999 6063.29 -4988.05 0 14
7200 1000 6710.56 4237.39 1 14
7200 1001 -338.417 5764.44 2 14
7200 1002 -1738.42 -5862.64 0 14
7200 1003 1177.73 5780.69 4 14
7200 1004 -7519.55 -7278.53 1 14
7200 1005 -9378.43 -1072.04 3 14
7200 1006 -6483.97 7887.22 0 14
7200 1007 -7285.38 -293.611 2 14
7200 1008 -5791.11 9175 1 14
7200 1009 -2366.44 6617.17 0 14
7200 1010 -2336.42 -7673.43 0 14
7200 1011 6651.16 -8172.91 2 14
7200 1012 -6470.82 1704.13 0 14
7200 1013 -4608.7 6923.16 5 14
7200 1014 -747.642 -8398.31 0 14
7200 1015 -6343.29 9351.47 0 14
7200 1016 8319.86 3068.47 1 14
7200 1017 7419.95 -6616.28 0 14
7200 1018 2741.34 6213.16 1 14
7200 1019 -9550.88 -7414.48 1 14
7200 1020 -118.017 -2110.33 0 14
7200 1021 3581.46 -590.112 2 14
7200 1022 6108.79 -6193.42 0 14
7200 1023 -5482.89 703.324 1 14
7200 1024 926.946 6642.13 0 14
7200 1025 -5841.57 -4624.22 0 14
7200 1026 -3100.91 7934.4 1 14
7200 1027 8364.06 1142.71 2 14
7200 1028 5572.47 -2338.97 0 14
7200 1029 2884.95 -9850.69 1 14
7200 1030 7426.94 -8553.16 4 14
7200 1031 -9251.76 -9005.08 4 14
7200 1032 900.585 107.534 4 14
7200 1033 -8984.63 8474.91 1 14
7200 1034 -3784.64 4907.96 0 14
7200 1035 -8266.83 3747.2 1 14
7200 1036 -6088.49 6498.04 0 14
8400 37 5776.01 -3723.43 0 14
8400 38 -6929.44 -4978.88 0 14
8400 39 -7046.08 -6934.2 1 14
8400 40 6356.41 -2459.33 0 14
8400 41 5311.03 -7317.56 2 14
8400 42 -5830 9360.31 1 14
8400 43 -7163.82 5932.44 1 14
8400 44 6917.07 1162.03 0 14
8400 45 1970.24 -5092.32 0 14
8400 46 -652.807 -4667.99 3 14
8400 47 -1368.42 -1698.61 0 14
8400 48 4657.25 -7452.53 5 4
8400 49 3083.42 2843.65 1 14
8400 50 5000.59 -6743 1 14
8400 51 2490.71 -2117 0 14
8400 52 -2304.27 -2794.26 1 14
8400 53 -4254.74 -9136.61 1 14
8400 54 -8547.34 -5159.25 5 2
8400 55 1423.85 9552.13 2 14
8400 56 -5715.2 -1759 0 14
8400 57 -4359.61 -7592.59 5 2
8400 58 3942.81 5097.39 0 14
8400 59 9856.63 -6273.47 1 14
8400 60 -7934.88 -5422.22 1 14
8400 61 1493.58 -3459.75 0 14
8400 62 4423.34 -8204.35 0 14
8400 63 -8614.6 404.098 3 14
8400 64 3357.04 2753.71 3 14
8400 65 1576.5 589.58 2 14
8400 66 3935.4 4759.45 0 14
8400 67 -4274.89 -8191.27 2 14
8400 68 268.593 6898.82 1 14
8400 69 2159.15 -4129.83 0 14
8400 70 -1576.72 9691.01 0 14
8400 71 -2670.49 -4782.95 0 14
8400 72 1478.89 6818.95 0 14
8400 73 221.707 -3783.92 1 14
8400 74 -3442.79 2843.55 1 14
8400 75 -5106.95 6273.79 3 14
8400 76 -8560.12 -4621.3 5 4
8400 77 90.5277 9024.06 5 14
8400 78 8249.13 272.889 4 14
8400 79 8415.03 7391.53 2 14
8400 80 -2566.63 3779.84 2 14
8400 81 -3360.92 619.238 0 14
8400 82 -9874.6 -5636.14 1 14
8400 83 1473.31 -6980.73 0 14
8400 84 6412.91 6626.17 1 14
8400 85 -8121.37 6372.21 2 14
8400 86 -3272.22 1628.08 2 14
8400 87 -1806.55 4727.91 3 14
8400 88 -2758.28 -1748.47 1 14
8400 89 6548.16 6508.44 0 14
8400 90 4498.81 -7135.85 5 14
8400 91 8384.09 -2978.31 0 14
8400 92 608.596 -5351.09 3 14
8400 93 -975.063 6214.93 1 14
8400 94 -5177.73 2123.11 1 14
8400 95 -2535.9 -3648.31 1 14
8400 96 9369.65 3348.67 1 14
8400 97 9015.99 4511.64 3 14
8400 98 -3233.7 6591.66 2 14
8400 99 5804.48 -2131.28 3 14
8400 100 -8891.35 -6976.28 1 14
8400 101 -7688.6 -6703.19 1 14
8400 102 -2226.03 468.449 1 14
8400 103 712.66 -7757.68 2 14
8400 104 630.228 1668.2 1 14
8400 105 -5322.39 7430 2 14
8400 106 -6202.5 7274.89 0 14
8400 107 5594.74 2853.45 5 12
8400 108 -164.963 -1006.77 2 14
8400 109 8127.34 4040.02 2 14
8400 110 937.534 666.934 1 14
8400 111 -7242.88 5640.92 0 14
8400 112 5383.96 -6426.54 0 14
8400 113 -8642.24 4963.41 5 2
8400 114 -6145.79 9541.79 1 14
8400 115 -6432 6123.18 0 14
8400 116 9736.01 5728.42 0 14
8400 117 -5477.71 -3201.03 3 14
8400 118 -3709.37 2132.2 4 14
8400 119 -9798.74 1245.25 1 14
8400 120 -1629.89 3033.87 1 14
8400 121 -6227.16 9819.53 1 14
8400 122 -6221.34 -6953 0 14
8400 123 1586.98 -5484.02 0 14
8400 124 -7838.01 7702.9 0 14
8400 125 -9891.76 1695.74 0 14
8400 126 -3129.32 4893.48 0 14
8400 127 629.084 -577.515 1 14
8400 128 -5099.99 -4951.87 1 14
8400 129 -9166.4 -8394.07 2 14
8400 130 9114.12 -7109.69 1 14
8400 131 -7423.08 -2791.51 0 14
8400 132 2616.55 -3345.54 0 14
8400 133 679.83 6687.48 1 14
8400 134 1707.64 -3456.64 0 14
8400 135 1473.9 6125.85 2 14
8400 136 -5112.69 7894 4 14
8400 137 -9878.94 -7455.93 0 14
8400 138 -3130.39 -4045.25 0 14
8400 139 2492.38 2413.38 0 14
8400 140 6187.27 8922.17 1 14
8400 141 4560.64 4578.19 1 14
8400 142 -141.208 8738.14 5 14
8400 143 -2512.85 -3385.89 3 14
8400 144 -8542.67 2677.88 0 14
8400 145 -220.597 124.839 5 2
8400 146 8523.25 -1991.77 1 14
8400 147 7951.59 8970.69 4 14
8400 148 743.668 8431.15 1 14
8400 149 1337.55 9637.62 1 14
8400 150 -7621.95 5846.53 2 14
8400 151 -391.693 264.498 2 14
8400 152 -7811.88 7728.28 1 14
8400 153 4493.07 -5810.04 1 14
8400 154 -5441.17 2621.85 1 14
8400 155 7286.87 5034.11 1 14
8400 156 -4025.64 1532.49 5 14
8400 157 -8157.98 -8067.44 1 14
8400 158 2520.89 -7609.18 2 14
8400 159 -9040.74 -9279.93 5 12
8400 160 9495.15 -4088.78 1 14
8400 161 -7325.26 -2408.55 0 14
8400 162 -8324.24 5669.9 5 14
8400 163 6766.34 1857.43 1 14
8400 164 -1332.16 6879.31 0 14
8400 165 4500.37 9368.42 1 14
8400 166 -8973.44 9215.94 4 14
8400 167 9462.13 4055.34 1 14
8400 168 -5345.52 -1451.61 0 14
8400 169 -4536.55 -7398.25 5 2
8400 170 -2681.16 -8680.54 0 14
8400 171 -7596.94 -1049.21 0 14
8400 172 -8978.54 -1269.9 2 14
8400 173 7724.63 -8392.5 0 14
8400 174 -5254.37 -6003.95 1 14
8400 175 3212.36 -8674.55 1 14
8400 176 -9504.18 3522.8 1 14
8400 177 1604.9 5801.5 1 14
8400 178 3860.81 -8444.6 2 14
8400 179 -7193.85 -9268.68 1 14
8400 180 -3139.05 8089.6 1 14
8400 181 6336.75 -4714.23 0 14
8400 182 8316.66 5105.97 3 14
8400 183 6785 -7389.51 0 14
8400 184 9396.57 -5648.92 2 14
8400 185 -7082.5 5437.48 0 14
8400 186 4636.22 7250.3 4 14
8400 187 5372.68 -6401.72 0 14
8400 188 -2153.68 -8559.11 0 14
8400 189 5049.07 3267.16 1 14
8400 190 -7015.06 4388.7 1 14
8400 191 9607.62 -3572.32 0 14
8400 192 -8391.95 8636.12 3 14
8400 193 3971.08 -3545.83 5 12
8400 194 -3648.44 -9465.4 2 14
8400 195 5255.76 -8547 1 14
8400 196 4526.43 1736.86 5 14
8400 197 9613.5 -10.6149 1 14
8400 198 4653.56 -5374.19 1 14
8400 199 3033.7 6573.43 1 14
8400 200 -7730.63 -1244.2 2 14
8400 201 -5183.45 5294.2 0 14
8400 202 -7284.32 -4023.87 1 14
8400 203 -2597.62 -5352.4 0 14
8400 204 -9567.34 377.916 3 14
8400 205 6529.42 -4171.72 1 14
8400 206 -3048.36 -9278.28 1 14
8400 207 9495.53 -3783.9 1 14
8400 208 -1371.85 7520.64 0 14
8400 209 6580.8 9052.89 1 14
8400 210 -2259.89 -7156.19 1 14
8400 211 -7097.17 9609.69 2 14
8400 212 7357 -1136.32 1 14
8400 213 6003.11 2688.74 2 14
8400 214 -4023.03 -5095.98 1 14
8400 215 -749.396 5933.76 1 14
8400 216 -3032.77 -9493.31 0 14
8400 217 4812.66 -2380.45 2 14
8400 218 -4235.63 -8863.31 2 14
8400 219 7402.13 -3434.13 0 14
8400 220 2929.61 2261.97 2 14
8400 221 -8313.31 551.917 5 12
8400 222 1425.33 -5877.29 0 14
8400 223 1929.3 -5994.57 0 14
8400 224 1669.04 2208.12 1 14
8400 225 -2985.18 4295.69 1 14
8400 226 4534.59 9671.09 3 14
8400 227 -1635.22 -1788.72 1 14
8400 228 -8936.31 7419.55 1 14
8400 229 -8578.94 4113.49 3 14
8400 230 -3188.6 -4482.63 1 14
8400 231 -5183.99 -3706.59 3 14
8400 232 -8076 1651.19 0 14
8400 233 -1015.9 9917.97 2 14
8400 234 -9384.34 3103.6 0 14
8400 235 3326.89 3678.99 0 14
8400 236 3811.11 -7153.8 3 14
8400 237 2276.18 5534.53 1 14
8400 238 4003.47 8762.59 3 14
8400 239 7510.47 -6141.55 0 14
8400 240 1481.83 -4945.26 1 14
8400 241 -183.251 5738.75 5 14
8400 242 7758.8 4115.76 1 14
8400 243 9840.16 -3761.96 2 14
8400 244 9673.31 -701.293 1 14
8400 245 3965.99 965.082 0 14
8400 246 5972.21 6556.25 1 14
8400 247 2369.96 3330.86 1 14
8400 248 -9834.48 760.389 2 14
8400 249 -6370.49 4663.41 1 14
8400 250 1938.25 4678.8 0 14
8400 251 1715.29 -6377 0 14
8400 252 1292.23 355.139 4 14
8400 253 -7729.81 -2958.45 1 14
8400 254 1744.41 3311.63 1 14
8400 255 -1628.98 5482.6 1 14
8400 256 -564.069 1692.57 1 14
8400 257 -1937.15 104.681 1 14
8400 258 6460.02 8813.79 0 14
8400 259 -4827.84 7504.56 2 14
8400 260 -171.492 -2868.39 1 14
8400 261 5229.98 6713.81 5 12
8400 262 -199.871 -502.766 5 12
8400 263 3614.5 -6667.27 1 14
8400 264 -7280.17 5387 0 14
8400 265 -5363.09 -6840.89 1 14
8400 266 -3240.25 8760.2 1 14
8400 267 4389.68 7041.86 4 14
8400 268 -9803.59 -8425.96 0 14
8400 269 -823.137 -9062.4 0 14
8400 270 6700.26 8820.97 1 14
8400 271 8372.46 -2470.17 2 14
8400 272 3215.59 1089.35 0 14
8400 273 -5687.52 9574.84 1 14
8400 274 9082.39 -8680.79 0 14
8400 275 -6593.7 -9164.65 0 14
8400 276 -755.596 2496.71 0 14
8400 277 2616.84 -7773.38 1 14
8400 278 -8781.88 -2026.72 1 14
8400 279 -1105.03 6804.67 0 14
8400 280 -6374.64 7179.55 0 14
8400 281 8997.93 -9311.58 4 14
8400 282 -4404.35 566.947 1 14
8400 283 -5332.41 710.133 0 14
8400 284 -4938.89 -4789.2 1 14
8400 285 -9146.13 8480.57 2 14
8400 286 7013.94 2417.95 1 14
8400 287 1847.04 -4823.84 0 14
8400 288 -5199.63 -1978.56 2 14
8400 289 6392.62 -9248.51 2 14
8400 290 -6580.01 7895.57 0 14
8400 291 6598.74 -8267.39 1 14
8400 292 4748.72 5757.53 3 14
8400 293 1437.48 9450.49 0 14
8400 294 -9827.98 -9365.42 3 14
8400 295 -57.2011 8137.98 1 14
8400 296 -9123.49 -1606.82 0 14
8400 297 4330.75 -3244.26 5 14
8400 298 9718.97 1144.83 1 14
8400 299 4993.17 5494.27 1 14
8400 300 3872.99 8635.55 1 14
8400 301 7651.87 9793.58 4 14
8400 302 6497.94 -5513.57 1 14
8400 303 -4642.96 -1939.2 5 14
8400 304 5228.08 -7972.29 2 14
8400 305 7828.36 4590.34 1 14
8400 306 9952.84 1876.51 1 14
8400 307 7717.12 -1053.11 2 14
8400 308 1556.55 349.238 2 14
8400 309 -603.178 6167.08 0 14
8400 310 -6802.95 -8692.99 1 14
8400 311 2686.64 -6523 1 14
8400 312 9521.94 -385.484 2 14
8400 313 5627.5 -1045.91 1 14
8400 314 -2933.61 -6245.38 1 14
8400 315 -8631.05 -3016.65 0 14
8400 316 -7874.67 -1123.68 1 14
8400 317 -8381.75 3698.88 1 14
8400 318 3386.58 2991.66 2 14
8400 319 -7873.87 -5335.08 2 14
8400 320 3147.84 2632.88 1 14
8400 321 -140.099 1350.51 0 14
8400 322 -3775.01 -733.247 0 14
8400 323 3781.52 -1323.66 1 14
8400 324 7664.24 5234.81 1 14
8400 325 -9164.35 -4495.07 3 14
8400 326 271.01 995.434 2 14
8400 327 2284.53 2667.69 1 14
8400 328 -5781.92 7423.59 0 14
8400 329 -590.597 -7705.69 0 14
8400 330 -5491.04 -2852.09 3 14
8400 331 -7375.25 8473.68 0 14
8400 332 -3247.96 8117.58 1 14
8400 333 8599.4 1384.32 2 14
8400 334 9643.05 -1396.5 1 14
8400 335 -4750.24 9400.73 0 14
8400 336 2299.44 -1830.5 1 14
8400 337 89.5591 -7315.44 0 14
8400 338 1233.69 -4241.32 1 14
8400 339 327.284 282.951 5 2
8400 340 5716.67 -5149.34 0 14
8400 341 5326.36 -812.226 0 14
8400 342 -4273.9 7688.82 5 2
8400 343 8675.59 5293.34 5 8
8400 344 -3829.74 7514.49 3 14
8400 345 -8027.18 -2570.33 0 14
8400 346 7743.81 8411.56 2 14
8400 347 2306.56 7468.9 1 14
8400 348 5430.89 2293.63 5 14
8400 349 5661.55 4792.71 0 14
8400 350 -4682.58 -5725.36 1 14
8400 351 4589.25 8234.66 5 12
8400 352 -893.472 8964.07 1 14
8400 353 -4396.9 6456.96 3 14
8400 354 -3977.76 2644.82 5 12
8400 355 6152.38 -2072.96 1 14
8400 356 1471.65 5772.74 1 14
8400 357 6353.78 -7366.65 0 14
8400 358 -9502.55 -4108.17 1 14
8400 359 -1933.1 3607.28 0 14
8400 360 8691.06 -3412.04 0 14
8400 361 8517.87 9882.04 5 8
8400 362 -8206.91 -942.289 5 10
8400 363 7614.45 1793.42 0 14
8400 364 -1140.93 -1420 0 14
8400 365 4270.9 5526.18 1 14
8400 366 -3802.64 -2365.36 5 4
8400 367 -2777.14 -464.718 0 14
8400 368 4011.73 -9735.32 0 14
8400 369 9237.66 -6023.57 4 14
8400 370 -114.672 9211.1 1 14
8400 371 7543.36 -2950.8 1 14
8400 372 4827.07 4030.46 1 14
8400 373 7481.28 7927.84 0 14
8400 374 -8052.04 -4977.83 3 14
8400 375 -734.599 -6061.93 1 14
8400 376 -4564.67 7807.92 5 8
8400 377 6858.65 -1138.86 1 14
8400 378 -652.142 -106.815 5 8
8400 379 2683.34 7793.34 0 14
8400 380 -4474.02 -4436.74 0 14
8400 381 -1508.18 9426.87 1 14
8400 382 9250.1 -708.251 3 14
8400 383 6827.2 9525.41 0 14
8400 384 4894.91 5773.75 0 14
8400 385 -8463.65 -7225.74 1 14
8400 386 -4143.05 -1262.92 1 14
8400 387 -1423.85 -2118.31 0 14
8400 388 8001.78 -6052.28 3 14
8400 389 6730.61 -4453.56 0 14
8400 390 7745.21 2437.69 0 14
8400 391 5314.33 -569.779 1 14
8400 392 -8709.71 -2180.14 1 14
8400 393 955.386 -5707.82 0 14
8400 394 -6886.89 -7848.18 0 14
8400 395 6852.51 -7841.63 1 14
8400 396 -9081.94 -2101.86 1 14
8400 397 9217.88 3703.76 1 14
8400 398 3763.53 -7129.6 3 14
8400 399 -7982.74 -8141.51 1 14
8400 400 535.675 5782.04 1 14
8400 401 -5670.27 6865.94 2 14
8400 402 -7150.4 -1136.26 1 14
8400 403 -9454.76 6810.99 1 14
8400 404 -3450.77 -194.574 0 14
8400 405 -500.047 -3521.47 1 14
8400 406 -8035.16 -3693.9 2 14
8400 407 -6023.31 8629.8 1 14
8400 408 90.5797 1774.97 1 14
8400 409 -7150.83 -1026 1 14
8400 410 9481.61 -8799.49 2 14
8400 411 5194.91 -6936.74 2 14
8400 412 -1699.11 6359.21 1 14
8400 413 -2401.54 2290.5 0 14
8400 414 -6894.91 -4744.06 3 14
8400 415 -1278.95 927.431 0 14
8400 416 8521.6 742.958 2 14
8400 417 1387.81 9284.94 1 14
8400 418 -2078.74 718.415 1 14
8400 419 -4617.94 7873.11 4 14
8400 420 -9258.95 6959.93 2 14
8400 421 -1378.72 -1306.03 1 14
8400 422 -6297.44 -6271.09 1 14
8400 423 1282.91 -9010.06 0 14
8400 424 5320.32 1788.66 2 14
8400 425 881.932 2865.92 1 14
8400 426 2309.43 6535 0 14
8400 427 7647.95 -9520.73 5 14
8400 428 9006.75 -7325.65 1 14
8400 429 7399.16 -106.866 5 14
8400 430 2455.87 -3014.17 0 14
8400 431 4719.98 -9163.1 3 14
8400 432 1565.08 -5496.85 1 14
8400 433 -9307.37 9124.98 5 14
8400 434 -7235.37 9643.55 1 14
8400 435 2922.96 -3111.25 0 14
8400 436 8120.24 -2199.14 0 14
8400 437 919.548 -7635.52 0 14
8400 438 -799.529 6102.64 1 14
8400 439 2106.37 -5846.37 1 14
8400 440 5947.15 3121.12 1 14
8400 441 9253.49 268.763 4 14
8400 442 6457.19 -3134.39 1 14
8400 443 -8230.07 5575.64 3 14
8400 444 -760.469 3935.09 0 14
8400 445 -4977.41 -5970.61 4 14
8400 446 -7828.45 -5852.47 2 14
8400 447 4150.4 7941.22 5 14
8400 448 5395 9065.31 0 14
8400 449 -5210.86 -4491 0 14
8400 450 5279.78 -5948.17 2 14
8400 451 -3205.8 -3948.14 1 14
8400 452 -6125.39 9821.07 1 14
8400 453 7113.35 4295.14 1 14
8400 454 -604.928 -300.61 4 14
8400 455 8791.13 -1299.11 2 14
8400 456 -7265.77 -3897.54 1 14
8400 457 4203.05 -5396.76 2 14
8400 458 -8520.91 9804.58 5 2
8400 459 -8467.3 -3629 3 14
8400 460 -7200.87 -1061.58 1 14
8400 461 -456.227 -424.896 1 14
8400 462 4215.77 -799.6 1 14
8400 463 1041.13 3053.59 0 14
8400 464 -8273.75 -7940.05 0 14
8400 465 9887.47 -759.571 1 14
8400 466 -1219.64 -2604.54 1 14
8400 467 -2097.32 4756.66 1 14
8400 468 -1098.12 2167.7 0 14
8400 469 -7377.97 6689.5 0 14
8400 470 4327.78 -9360.22 0 14
8400 471 -8774.65 -2382.88 1 14
8400 472 -1033.39 -9917.84 1 14
8400 473 2449.74 7746.16 1 14
8400 474 -3415.96 -6843.75 2 14
8400 475 -9836.62 -8395.76 1 14
8400 476 -8061.44 4826.13 5 8
8400 477 8825.25 -8877.14 3 14
8400 478 6045.71 141.526 1 14
8400 479 7983.67 1268.16 0 14
8400 480 -9738.88 1066.34 1 14
8400 481 -8473.55 5334.32 5 10
8400 482 765.557 -3110.8 0 14
8400 483 -507.809 -4666.13 1 14
8400 484 -5853.02 -4702.19 0 14
8400 485 215.068 3251.86 2 14
8400 486 -1500.14 32.1996 2 14
8400 487 6750.09 -8452.15 1 14
8400 488 -3921.33 546.156 2 14
8400 489 1926.34 -4266.59 0 14
8400 490 -3361.69 7677.51 3 14
8400 491 7060.27 4569.7 1 14
8400 492 1478.1 5839.43 2 14
8400 493 2015.81 -4724.16 0 14
8400 494 -458.488 5845.3 3 14
8400 495 9109.57 9582.68 3 14
8400 496 -5923.34 12.7619 0 14
8400 497 -5585.25 444.196 1 14
8400 498 -8186.01 4096.17 3 14
8400 499 3977.57 2448.98 3 14
8400 500 -8421.99 -5864.66 1 14
8400 501 7162.35 3491.88 0 14
8400 502 5122.34 771.236 2 14
8400 503 8416.91 5338 5 4
8400 504 2379.22 -4251.45 0 14
8400 505 395.565 -8005.72 1 14
8400 506 -5335.68 -2264.18 2 14
8400 507 -215.472 8859.35 0 14
8400 508 -3552.73 -2621.11 3 14
8400 509 2337.67 6705.59 2 14
8400 510 -3867.89 2846.06 0 14
8400 511 -703.907 -9250.9 1 14
8400 512 2355.96 -3926.64 0 14
8400 513 7419.68 -2523.28 1 14
8400 514 3564.82 -346.956 0 14
8400 515 7566.35 -2207.53 0 14
8400 516 3994.9 1857.41 2 14
8400 517 723.542 233.067 5 8
8400 518 9454.42 -7311.92 1 14
8400 519 3872.77 5711.71 0 14
8400 520 -8655.6 -1696.3 0 14
8400 521 -8638.63 4476.06 3 14
8400 522 -9961.33 9081.83 2 14
8400 523 506.34 -4508.5 5 14
8400 524 7458.41 5026.2 1 14
8400 525 7397.57 5404.21 1 14
8400 526 2300.46 -5273.43 0 14
8400 527 -4539.05 9542.9 0 14
8400 528 6717.95 6345.67 3 14
8400 529 -5463.19 -9287.51 2 14
8400 530 1219.24 -3045.27 0 14
8400 531 -4159.18 672.131 0 14
8400 532 5016.17 -70.5433 0 14
8400 533 2713.82 -9579.64 0 14
8400 534 7560.69 -5398.96 5 14
8400 535 -980.497 -9542.27 1 14
8400 536 -4475.69 9034.95 4 14
8400 537 6383.51 8598.67 0 14
8400 538 -5896.43 -5320.15 2 14
8400 539 1640.27 9319.73 1 14
8400 540 -7092.66 11.0771 1 14
8400 541 5114.45 -3763.63 3 14
8400 542 -2987.86 -5594.43 2 14
8400 543 7060.19 -9913.54 3 14
8400 544 -2383.54 -9524.06 1 14
8400 545 -9403.28 7395.59 0 14
8400 546 615.821 -9070.57 5 12
8400 547 -7789.94 -2126.57 0 14
8400 548 3161.69 -1625.26 2 14
8400 549 1351.35 -1700.58 1 14
8400 550 7812.97 -3018.84 0 14
8400 551 7136.54 -4272.38 0 14
8400 552 5208.06 4642.69 0 14
8400 553 -5398.28 3210.22 2 14
8400 554 822.282 9784.05 2 14
8400 555 1079.56 6688.94 0 14
8400 556 -6643.74 -8722.38 1 14
8400 557 3560.49 -9299.51 1 14
8400 558 8547.6 -5335.86 5 12
8400 559 7687.16 -747.135 2 14
8400 560 -9275.99 -9492.26 5 14
8400 561 -6113.06 8422 2 14
8400 562 -2549.4 -1561.39 0 14
8400 563 4776.31 1688.04 2 14
8400 564 5922.42 9843.97 1 14
8400 565 -5836.23 -1969.42 1 14
8400 566 5497.08 864.736 0 14
8400 567 7983.46 4349.79 4 14
8400 568 3053.37 -8444.17 0 14
8400 569 -3100.44 -3543.35 1 14
8400 570 2508.54 6520.81 1 14
8400 571 5801.94 7393.52 0 14
8400 572 -1884.73 1397.57 0 14
8400 573 -8637.59 -4206.35 1 14
8400 574 3944.1 -8044.95 3 14
8400 575 -583.789 -1611.73 0 14
8400 576 -2180.3 8175.14 0 14
8400 577 882.471 5849.89 3 14
8400 578 -3978.72 -5601.59 0 14
8400 579 1158.05 2928.76 0 14
8400 580 -4272.2 -1650.44 1 14
8400 581 2181.07 -9034.59 1 14
8400 582 -8017.23 9934.99 5 8
8400 583 1403.32 -9566.8 0 14
8400 584 -2458.77 9098.79 1 14
8400 585 7049.61 -2672.83 0 14
8400 586 2911.23 5251.17 1 14
8400 587 5622.55 -1861.79 2 14
8400 588 -1651.4 9502.35 0 14
8400 589 6195.55 2984.43 0 14
8400 590 7900.84 2387.46 0 14
8400 591 -2605.29 -4063.08 0 14
8400 592 9765.45 4694.04 2 14
8400 593 -2848.98 6520.12 1 14
8400 594 6878.94 446.276 0 14
8400 595 -7668.99 4288.14 1 14
8400 596 1647.52 -2187.69 0 14
8400 597 7028.86 -3411.68 0 14
8400 598 5212.8 4924.93 1 14
8400 599 2576.45 -1453.48 0 14
8400 600 4448.85 -9524.84 1 14
8400 601 -3876.56 -7109.94 4 14
8400 602 1259.14 254.485 3 14
8400 603 7289.91 617.765 1 14
8400 604 -5566.18 5920.23 0 14
8400 605 -7367.48 -9308.46 1 14
8400 606 3701.91 -6041.5 1 14
8400 607 3840.4 -6776.02 1 14
8400 608 3032.4 -5986.32 2 14
8400 609 -6089.69 4394.49 0 14
8400 610 3673.18 4213.6 1 14
8400 611 9730.63 -3059.61 0 14
8400 612 9817.46 9857.54 5 14
8400 613 -8964.05 -2772.15 0 14
8400 614 255.775 -723.396 2 14
8400 615 3776.07 1744.57 3 14
8400 616 5258.18 -5470.44 1 14
8400 617 4481.95 -6777.09 4 14
8400 618 -8698.12 -676.162 3 14
8400 619 -8645.33 1046.46 1 14
8400 620 -1900.7 -8573.91 0 14
8400 621 1271.74 -3740.46 1 14
8400 622 7966.35 5295.01 0 14
8400 623 -2090.75 2091.27 2 14
8400 624 -8815.6 7218.19 0 14
8400 625 6587.37 -5843.75 1 14
8400 626 2038.45 -3470.79 3 14
8400 627 7115.64 4240.66 2 14
8400 628 -3411 -5031.03 0 14
8400 629 -8733.17 -3818.47 2 14
8400 630 -6471.5 6324.13 1 14
8400 631 7223.12 -274.819 0 14
8400 632 9985.74 6058.51 2 14
8400 633 4583.31 -1113.91 5 14
8400 634 8317.81 -4216.15 4 14
8400 635 3703.39 -4969.34 0 14
8400 636 867.817 -3404.11 3 14
8400 637 3457.54 -9393.97 1 14
8400 638 3274.12 9591.21 1 14
8400 639 -4040.57 7660.96 5 10
8400 640 27.4003 732.76 2 14
8400 641 8203.58 7249.51 0 14
8400 642 1279.72 -536.684 2 14
8400 643 -3285.2 630.561 0 14
8400 644 -4226.65 9110.85 2 14
8400 645 5641.04 9890.23 0 14
8400 646 2295.49 -6758.14 1 14
8400 647 -1750.92 9980.06 1 14
8400 648 -3618.29 -1950.98 5 12
8400 649 2988.1 -9812.43 0 14
8400 650 538.259 -1389.18 2 14
8400 651 -4307.38 -7120.53 5 2
8400 652 -9578.36 -1309.93 0 14
8400 653 9876.01 1046.82 1 14
8400 654 -4539.01 -3619.4 3 14
8400 655 212.808 -5528.83 2 14
8400 656 -4093.55 -9762.84 1 14
8400 657 -3913.1 -3632.81 0 14
8400 658 9011.39 2503.51 1 14
8400 659 4927.32 8092.05 2 14
8400 660 9621.22 -6803.37 3 14
8400 661 4792.42 -9346.42 0 14
8400 662 2905.09 -2430.89 2 14
8400 663 9057.74 -7853.69 0 14
8400 664 -2594.09 8232.79 1 14
8400 665 4626.82 1596.09 1 14
8400 666 163.202 2793.96 0 14
8400 667 -2355.62 -5056.13 0 14
8400 668 9547.75 -6970.09 1 14
8400 669 -7827.87 -911.417 2 14
8400 670 -2162.45 6496.04 1 14
8400 671 -4558.26 6271.39 1 14
8400 672 -7865.86 9661.62 5 14
8400 673 -9224.57 -3000.89 0 14
8400 674 6198.98 -178.341 1 14
8400 675 -2196.04 -2019.76 0 14
8400 676 8642.06 5396.18 4 14
8400 677 -8340.28 4201.44 3 14
8400 678 5024.23 5034.85 0 14
8400 679 5253.9 -5807.18 1 14
8400 680 -1686.2 7262.16 0 14
8400 681 -5720.97 2889.31 2 14
8400 682 -6288.8 -9467.02 0 14
8400 683 6513.25 9412.19 1 14
8400 684 3216.66 -1174.68 0 14
8400 685 -2925.24 653.118 1 14
8400 686 1472.6 2878.66 0 14
8400 687 -1890.03 -2634.03 0 14
8400 688 9624.33 6250.45 1 14
8400 689 3315.74 -5576.94 2 14
8400 690 6125.33 -5561.25 1 14
8400 691 -1727.88 -1463.01 0 14
8400 692 -1408.91 4066.46 0 14
8400 693 -5303.66 6323.66 0 14
8400 694 -9596.26 -1922.94 2 14
8400 695 -4621.7 -896.623 0 14
8400 696 -1952 5375.86 1 14
8400 697 -8403.41 9803.75 5 2
8400 698 -3627.71 523.369 1 14
8400 699 -8828.95 4556.33 5 10
8400 700 -6113.89 4861 1 14
8400 701 -4350.39 9983 0 14
8400 702 3858.21 2518.28 2 14
8400 703 -3993.35 -4512.2 0 14
8400 704 -5991.37 -4440.78 0 14
8400 705 5192.21 3271.95 2 14
8400 706 -318.473 6655.77 1 14
8400 707 5607.77 -6220.21 1 14
8400 708 -2239.07 -5565.77 0 14
8400 709 -769.487 3269.48 1 14
8400 710 4831.13 -8956.13 1 14
8400 711 -1524.09 9590.51 0 14
8400 712 8264.48 5226.57 5 6
8400 713 4729.65 7318.23 5 10
8400 714 1045.56 6184.23 0 14
8400 715 4530.72 -5914.34 1 14
8400 716 -47.7859 -6019.05 1 14
8400 717 2249.02 4102.54 1 14
8400 718 6473.19 9717.02 2 14
8400 719 -8780.15 -9547.91 5 2
8400 720 4761.16 4649.1 0 14
8400 721 -3308.17 1942.07 0 14
8400 722 719.356 1154.53 0 14
8400 723 -7232.28 9998.71 2 14
8400 724 749.852 -2688.4 0 14
8400 725 -1048.74 -6159.6 1 14
8400 726 3267.1 7651.47 1 14
8400 727 -4293.17 8292 2 14
8400 728 1271.49 -4488.55 2 14
8400 729 -9191.84 -7400.22 0 14
8400 730 4478.42 8200.9 2 14
8400 731 -7319.09 -7248.74 0 14
8400 732 8540.27 -2025.49 0 14
8400 733 -4140.65 -5752.38 1 14
8400 734 -2045.03 9094.05 1 14
8400 735 -7191.33 -7183.41 1 14
8400 736 -6335.71 -5904.5 0 14
8400 737 7264.84 7469.21 1 14
8400 738 2598.61 7974.88 0 14
8400 739 4930.98 -7222 5 10
8400 740 8513.39 -9799.92 5 2
8400 741 -7293.73 -8318.77 1 14
8400 742 -9519.38 -1485.17 2 14
8400 743 -2237.55 1571.67 1 14
8400 744 -7932.53 2529.41 1 14
8400 745 6021.62 7857.7 1 14
8400 746 -1506.02 9082.41 2 14
8400 747 -5104.14 -4056.06 3 14
8400 748 1844.36 4276.18 2 14
8400 749 366.675 -3103.39 1 14
8400 750 -2467.12 1668.8 0 14
8400 751 -8.93484 3924.15 2 14
8400 752 593.813 -6531.91 1 14
8400 753 -8323.21 7259.17 1 14
8400 754 -3741.63 -6717.61 2 14
8400 755 2140.46 -7625.65 0 14
8400 756 4168.44 6393.43 1 14
8400 757 1682.56 -495.516 0 14
8400 758 -5008.06 -5261.22 1 14
8400 759 2444.69 -8444.69 1 14
8400 760 -2355.69 5385.86 1 14
8400 761 -9195.44 3252.5 1 14
8400 762 -2219.58 -9103.15 1 14
8400 763 -374.357 166.844 5 10
8400 764 6999.54 3263.23 0 14
8400 765 9002.38 5325.31 5 2
8400 766 -4469.16 303.426 0 14
8400 767 -1522.86 -3195.84 0 14
8400 768 5451.99 7865.58 2 14
8400 769 1967.53 8176.78 0 14
8400 770 4969.86 6638.56 1 14
8400 771 -2406.75 939.351 1 14
8400 772 -7882.49 -6671.12 3 14
8400 773 -6525.04 1761.55 1 14
8400 774 -1721.99 7801.14 0 14
8400 775 -754.13 426.514 3 14
8400 776 1063.84 3736 1 14
8400 777 5072.98 -6622.1 0 14
8400 778 -6493.61 3073.21 0 14
8400 779 -2528.27 -2087.02 1 14
8400 780 -3387.24 -9904.77 1 14
8400 781 3560.66 4592.33 1 14
8400 782 7814.06 6094.17 2 14
8400 783 2407.19 2399.69 1 14
8400 784 -3099.82 1118.58 0 14
8400 785 4498.37 -2016.48 5 4
8400 786 -4643.03 -3177.07 5 12
8400 787 3052.89 -7360.36 1 14
8400 788 8717.72 -3031.3 0 14
8400 789 188.929 7369.66 0 14
8400 790 -1658.62 5749.48 0 14
8400 791 -3074.86 2161.47 1 14
8400 792 -7344.25 4514.61 0 14
8400 793 -3491.38 6704.24 3 14
8400 794 3044.6 -1082.52 0 14
8400 795 -7713.04 -4632.77 4 14
8400 796 8435.81 -1965.3 2 14
8400 797 -8893.71 2901.06 1 14
8400 798 4043.84 -2564.28 5 8
8400 799 3168.6 -8400.09 3 14
8400 800 7304.97 -6377.54 1 14
8400 801 -1519.14 9599.92 0 14
8400 802 -1395.12 -6199.84 0 14
8400 803 442.388 -4978.51 5 14
8400 804 2432.74 -3831.19 1 14
8400 805 -5180.9 -9222.73 2 14
8400 806 -2021.5 4171.02 0 14
8400 807 6155.75 2418.14 1 14
8400 808 7473.38 8922.43 5 14
8400 809 -7858.24 3245.25 1 14
8400 810 1088.9 -2804.82 0 14
8400 811 -6284.88 -3716.36 0 14
8400 812 9453.34 -5471.99 3 14
8400 813 -1604.08 -6177.62 0 14
8400 814 -2527.13 -280.623 0 14
8400 815 1949.36 8434.49 0 14
8400 816 9686.46 -5695.29 1 14
8400 817 3472.37 -9425.89 1 14
8400 818 5232.91 -8158.59 2 14
8400 819 2693.13 2733.63 0 14
8400 820 -8306.13 482.96 5 8
8400 821 -4297.62 -637.383 1 14
8400 822 -840.732 -3736.47 0 14
8400 823 -3597.19 -9465.56 1 14
8400 824 -5257.93 3485.63 5 14
8400 825 5496.66 -8101.35 1 14
8400 826 -5654.75 -8514.33 3 14
8400 827 7228.66 -9937.18 3 14
8400 828 2660.79 5217.27 0 14
8400 829 9776.45 -3557.97 1 14
8400 830 8549.12 3730.04 0 14
8400 831 -5997.35 833.022 1 14
8400 832 -3913.96 -9881.03 1 14
8400 833 9592.44 3671.62 3 14
8400 834 5144.44 -7186.35 4 14
8400 835 -3084.32 -1376.38 0 14
8400 836 -5440.95 -4484.96 1 14
8400 837 -7439.69 6154.31 2 14
8400 838 -9417.91 -9521.93 5 6
8400 839 -5434.9 4712.36 2 14
8400 840 5311.49 -6529.39 0 14
8400 841 -9730.39 -9849.85 2 14
8400 842 3578.98 7984.11 3 14
8400 843 -7993.69 -3362.53 0 14
8400 844 9063.56 2477.54 1 14
8400 845 -9945.85 -7423.97 0 14
8400 846 3305.69 -9310.34 1 14
8400 847 -2204.45 -7990.82 0 14
8400 848 -484.692 -8023.65 1 14
8400 849 5249.77 8951.58 1 14
8400 850 1364.8 -1227.88 0 14
8400 851 552.932 -9843.71 4 14
8400 852 4373.87 5134.35 0 14
8400 853 -2046.62 8256.12 0 14
8400 854 2903.09 3318.54 0 14
8400 855 -4310.87 1539.12 3 14
8400 856 6986.52 7099.32 1 14
8400 857 936.788 5455.58 2 14
8400 858 5680.4 -6107.99 0 14
8400 859 2806.28 6560.41 0 14
8400 860 -1168.14 -310.506 4 14
8400 861 39.6185 9611.14 5 4
8400 862 -5535.39 1016.99 0 14
8400 863 7218.2 -3599.31 0 14
8400 864 9028.79 620.996 2 14
8400 865 -2242.3 4040.96 0 14
8400 866 -4388.83 -9314.6 1 14
8400 867 1846.69 9573.56 0 14
8400 868 6928.94 -7649.88 0 14
8400 869 -4011.62 5347.87 0 14
8400 870 977.008 -2501.81 0 14
8400 871 -1893.04 3576.43 0 14
8400 872 -1299.96 -1227.8 2 14
8400 873 -1308.34 -4565.04 1 14
8400 874 2341.32 7264.39 1 14
8400 875 4485.92 3307.38 2 14
8400 876 693.791 -1387.9 1 14
8400 877 -8709.7 -6553.34 1 14
8400 878 -2094.39 45.4745 1 14
8400 879 5361.27 -6178.36 0 14
8400 880 7789.91 1018.04 1 14
8400 881 5963.59 -7207.5 1 14
8400 882 9784.47 -129.243 1 14
8400 883 625.412 -2043.3 1 14
8400 884 -2132.86 -6182.01 0 14
8400 885 142.73 -5852.3 3 14
8400 886 7397.77 -9787.22 2 14
8400 887 -2473.81 -768.073 0 14
8400 888 4998.71 -7056.6 3 14
8400 889 5068.9 -8915.91 0 14
8400 890 -7287.52 6379.58 1 14
8400 891 -2011.08 4047.37 1 14
8400 892 3115.09 8773.37 1 14
8400 893 8826.24 -3456.31 1 14
8400 894 3043.96 -4182.68 0 14
8400 895 9865.71 6307.97 1 14
8400 896 -6951.36 -9928.66 2 14
8400 897 -5083.85 6099.97 2 14
8400 898 -1372.82 855.564 0 14
8400 899 9375.77 1293.18 1 14
8400 900 -2937.45 8969.54 1 14
8400 901 9110.61 -9038.52 3 14
8400 902 509.064 -7522.46 0 14
8400 903 7772.58 3710.35 0 14
8400 904 8926.91 4350.6 4 14
8400 905 -3329.78 3939 1 14
8400 906 -432.122 2973.18 0 14
8400 907 6009.62 -3187.27 0 14
8400 908 -1771.49 -2409.6 1 14
8400 909 5227.07 -6823.44 1 14
8400 910 -7958.29 -4734.77 2 14
8400 911 5245.25 -4669.65 0 14
8400 912 9226.78 -6155.59 0 14
8400 913 5936.21 729.139 0 14
8400 914 6102.02 -7532.84 1 14
8400 915 7265.87 1050.8 0 14
8400 916 -9552.74 4001.23 1 14
8400 917 -6443.25 -1849.98 1 14
8400 918 5003.9 -5980.74 0 14
8400 919 7785.2 1213.57 2 14
8400 920 1038.6 -9130.71 1 14
8400 921 -3798.65 -4594.89 2 14
8400 922 -4074.46 -919.862 1 14
8400 923 2695.11 1307.04 1 14
8400 924 -3835.51 8466.67 5 14
8400 925 9848.99 -8439.05 0 14
8400 926 -6365.2 6971.36 0 14
8400 927 9672.37 3727.39 1 14
8400 928 9307.59 -7851.18 1 14
8400 929 9575.27 5040.69 2 14
8400 930 -7588.92 7276.98 0 14
8400 931 7735.01 -5466.17 2 14
8400 932 1081.74 6332.65 2 14
8400 933 -6169.52 2880.07 0 14
8400 934 -8362.48 -4671.4 4 14
8400 935 -2017.5 9075.67 0 14
8400 936 -998.927 2273.75 0 14
8400 937 5223.52 5364.79 0 14
8400 938 5401.9 2665.68 1 14
8400 939 924.236 4763.47 5 14
8400 940 -6522.64 75.194 0 14
8400 941 5924.65 6987.48 1 14
8400 942 2255.76 -2621.85 0 14
8400 943 -4135.13 5774.45 1 14
8400 944 -3139.73 9472.96 1 14
8400 945 3428.21 7118.15 2 14
8400 946 -4293.09 -6916.17 5 6
8400 947 2934.57 3757.86 2 14
8400 948 9144.23 -8047.83 0 14
8400 949 -9840.34 5408.15 3 14
8400 950 8975.51 799.628 2 14
8400 951 6977.96 6375.95 0 14
8400 952 4309.85 7353.19 5 2
8400 953 9155.87 -7771.56 0 14
8400 954 -1938.95 -9662.94 1 14
8400 955 3553.08 -3269.63 3 14
8400 956 5119.1 -8218.22 2 14
8400 957 7336.96 6716.62 0 14
8400 958 2471.39 -6574.07 0 14
8400 959 1410.15 -5463.22 1 14
8400 960 3056.95 5754.89 0 14
8400 961 1171.47 -5225.85 4 14
8400 962 -2343.98 6505.6 0 14
8400 963 3895.67 9699.79 1 14
8400 964 5612.85 3676.53 2 14
8400 965 -2475.11 -7256.77 0 14
8400 966 -184.581 5107.88 5 2
8400 967 9528.27 -6782.69 1 14
8400 968 8073.32 -4937.73 0 14
8400 969 -9671.79 -9458.07 5 14
8400 970 -93.5957 -1552.3 0 14
8400 971 5234.41 -1525.22 0 14
8400 972 -6791.22 -1406.6 1 14
8400 973 1726.79 -881.06 0 14
8400 974 1584.04 -2667.1 1 14
8400 975 1038.49 9643.93 2 14
8400 976 7070.26 4452.65 1 14
8400 977 -2102.52 -6946.14 0 14
8400 978 704.667 -1737.4 1 14
8400 979 -7616.49 2169.39 0 14
8400 980 1212.48 9069.78 0 14
8400 981 2980.31 8494.01 0 14
8400 982 -3699.79 -4318.14 0 14
8400 983 -1947.17 -9144.93 0 14
8400 984 4080.95 -6571.79 1 14
8400 985 -8742.55 -8318.16 0 14
8400 986 -4812.7 5670.31 2 14
8400 987 2864.79 1635 1 14
8400 988 -3662.18 4087.73 0 14
8400 989 9154.31 3426.92 2 14
8400 990 -4945.73 890.957 0 14
8400 991 681.612 -4903.7 3 14
8400 992 7365.84 -2125.8 1 14
8400 993 8860.76 -271.873 5 2
8400 994 818.946 4230.03 1 14
8400 995 5515.69 -4954.6 0 14
8400 996 -7169.11 -2915.2 0 14
8400 997 -6113.07 -7665.64 0 14
8400 998 1614.41 -2284.91 0 14
8400 999 6063.29 -4988.05 0 14
8400 1000 6710.56 4237.39 2 14
8400 1001 -338.417 5764.44 2 14
8400 1002 -1738.42 -5862.64 0 14
8400 1003 1177.73 5780.69 5 14
8400 1004 -7519.55 -7278.53 1 14
8400 1005 -9378.43 -1072.04 4 14
8400 1006 -6483.97 7887.22 1 14
8400 1007 -7285.38 -293.611 3 14
8400 1008 -5791.11 9175 1 14
8400 1009 -2366.44 6617.17 0 14
8400 1010 -2336.42 -7673.43 0 14
8400 1011 6651.16 -8172.91 3 14
8400 1012 -6470.82 1704.13 0 14
8400 1013 -4608.7 6923.16 5 10
8400 1014 -747.642 -8398.31 0 14
8400 1015 -6343.29 9351.47 0 14
8400 1016 8319.86 3068.47 2 14
8400 1017 7419.95 -6616.28 0 14
8400 1018 2741.34 6213.16 1 14
8400 1019 -9550.88 -7414.48 1 14
8400 1020 -118.017 -2110.33 0 14
8400 1021 3581.46 -590.112 2 14
8400 1022 6108.79 -6193.42 0 14
8400 1023 -5482.89 703.324 0 14
8400 1024 926.946 6642.13 0 14
8400 1025 -5841.57 -4624.22 0 14
8400 1026 -3100.91 7934.4 1 14
8400 1027 8364.06 1142.71 2 14
8400 1028 5572.47 -2338.97 1 14
8400 1029 2884.95 -9850.69 1 14
8400 1030 7426.94 -8553.16 4 14
8400 1031 -9251.76 -9005.08 4 14
8400 1032 900.585 107.534 5 14
8400 1033 -8984.63 8474.91 1 14
8400 1034 -3784.64 4907.96 0 14
8400 1035 -8266.83 3747.2 1 14
8400 1036 -6088.49 6498.04 0 14
9600 37 5776.01 -3723.43 0 14
9600 38 -6929.44 -4978.88 0 14
9600 39 -7046.08 -6934.2 1 14
9600 40 6356.41 -2459.33 0 14
9600 41 5311.03 -7317.56 2 14
9600 42 -5830 9360.31 1 14
9600 43 -7163.82 5932.44 0 14
9600 44 6917.07 1162.03 0 14
9600 45 1970.24 -5092.32 0 14
9600 46 -652.807 -4667.99 4 14
9600 47 -1368.42 -1698.61 0 14
9600 48 4657.25 -7452.53 5 2
9600 49 3083.42 2843.65 2 14
9600 50 5000.59 -6743 1 14
9600 51 2490.71 -2117 1 14
9600 52 -2304.27 -2794.26 1 14
9600 53 -4254.74 -9136.61 2 14
9600 54 -8547.34 -5159.25 5 2
9600 55 1423.85 9552.13 2 14
9600 56 -5715.2 -1759 0 14
9600 57 -4359.61 -7592.59 5 2
9600 58 3942.81 5097.39 0 14
9600 59 9856.63 -6273.47 1 14
9600 60 -7934.88 -5422.22 2 14
9600 61 1493.58 -3459.75 0 14
9600 62 4423.34 -8204.35 0 14
9600 63 -8614.6 404.098 2 14
9600 64 3357.04 2753.71 4 14
9600 65 1576.5 589.58 2 14
9600 66 3935.4 4759.45 0 14
9600 67 -4274.89 -8191.27 2 14
9600 68 268.593 6898.82 1 14
9600 69 2159.15 -4129.83 0 14
9600 70 -1576.72 9691.01 0 14
9600 71 -2670.49 -4782.95 0 14
9600 72 1478.89 6818.95 0 14
9600 73 221.707 -3783.92 1 14
9600 74 -3442.79 2843.55 1 14
9600 75 -5106.95 6273.79 3 14
9600 76 -8560.12 -4621.3 5 2
9600 77 90.5277 9024.06 5 12
9600 78 8249.13 272.889 5 12
9600 79 8415.03 7391.53 2 14
9600 80 -2566.63 3779.84 2 14
9600 81 -3360.92 619.238 0 14
9600 82 -9874.6 -5636.14 1 14
9600 83 1473.31 -6980.73 1 14
9600 84 6412.91 6626.17 1 14
9600 85 -8121.37 6372.21 3 14
9600 86 -3272.22 1628.08 2 14
9600 87 -1806.55 4727.91 4 14
9600 88 -2758.28 -1748.47 1 14
9600 89 6548.16 6508.44 0 14
9600 90 4498.81 -7135.85 5 10
9600 91 8384.09 -2978.31 0 14
9600 92 608.596 -5351.09 5 14
9600 93 -975.063 6214.93 1 14
9600 94 -5177.73 2123.11 1 14
9600 95 -2535.9 -3648.31 1 14
9600 96 9369.65 3348.67 1 14
9600 97 9015.99 4511.64 4 14
9600 98 -3233.7 6591.66 2 14
9600 99 5804.48 -2131.28 2 14
9600 100 -8891.35 -6976.28 1 14
9600 101 -7688.6 -6703.19 1 14
9600 102 -2226.03 468.449 1 14
9600 103 712.66 -7757.68 2 14
9600 104 630.228 1668.2 1 14
9600 105 -5322.39 7430 3 14
9600 106 -6202.5 7274.89 1 14
9600 107 5594.74 2853.45 5 14
9600 108 -164.963 -1006.77 2 14
9600 109 8127.34 4040.02 2 14
9600 110 937.534 666.934 1 14
9600 111 -7242.88 5640.92 0 14
9600 112 5383.96 -6426.54 0 14
9600 113 -8642.24 4963.41 5 2
9600 114 -6145.79 9541.79 0 14
9600 115 -6432 6123.18 0 14
9600 116 9736.01 5728.42 1 14
9600 117 -5477.71 -3201.03 4 14
9600 118 -3709.37 2132.2 5 14
9600 119 -9798.74 1245.25 1 14
9600 120 -1629.89 3033.87 1 14
9600 121 -6227.16 9819.53 2 14
9600 122 -6221.34 -6953 0 14
9600 123 1586.98 -5484.02 0 14
9600 124 -7838.01 7702.9 0 14
9600 125 -9891.76 1695.74 1 14
9600 126 -3129.32 4893.48 0 14
9600 127 629.084 -577.515 2 14
9600 128 -5099.99 -4951.87 0 14
9600 129 -9166.4 -8394.07 3 14
9600 130 9114.12 -7109.69 1 14
9600 131 -7423.08 -2791.51 1 14
9600 132 2616.55 -3345.54 0 14
9600 133 679.83 6687.48 1 14
9600 134 1707.64 -3456.64 0 14
9600 135 1473.9 6125.85 2 14
9600 136 -5112.69 7894 5 12
9600 137 -9878.94 -7455.93 0 14
9600 138 -3130.39 -4045.25 1 14
9600 139 2492.38 2413.38 1 14
9600 140 6187.27 8922.17 2 14
9600 141 4560.64 4578.19 1 14
9600 142 -141.208 8738.14 5 12
9600 143 -2512.85 -3385.89 2 14
9600 144 -8542.67 2677.88 0 14
9600 145 -220.597 124.839 5 2
9600 146 8523.25 -1991.77 1 14
9600 147 7951.59 8970.69 5 14
9600 148 743.668 8431.15 1 14
9600 149 1337.55 9637.62 0 14
9600 150 -7621.95 5846.53 2 14
9600 151 -391.693 264.498 3 14
9600 152 -7811.88 7728.28 1 14
9600 153 4493.07 -5810.04 1 14
9600 154 -5441.17 2621.85 1 14
9600 155 7286.87 5034.11 2 14
9600 156 -4025.64 1532.49 5 12
9600 157 -8157.98 -8067.44 1 14
9600 158 2520.89 -7609.18 2 14
9600 159 -9040.74 -9279.93 5 6
9600 160 9495.15 -4088.78 1 14
9600 161 -7325.26 -2408.55 0 14
9600 162 -8324.24 5669.9 5 10
9600 163 6766.34 1857.43 1 14
9600 164 -1332.16 6879.31 0 14
9600 165 4500.37 9368.42 1 14
9600 166 -8973.44 9215.94 5 12
9600 167 9462.13 4055.34 1 14
9600 168 -5345.52 -1451.61 0 14
9600 169 -4536.55 -7398.25 5 2
9600 170 -2681.16 -8680.54 0 14
9600 171 -7596.94 -1049.21 1 14
9600 172 -8978.54 -1269.9 3 14
9600 173 7724.63 -8392.5 0 14
9600 174 -5254.37 -6003.95 1 14
9600 175 3212.36 -8674.55 1 14
9600 176 -9504.18 3522.8 1 14
9600 177 1604.9 5801.5 1 14
9600 178 3860.81 -8444.6 2 14
9600 179 -7193.85 -9268.68 1 14
9600 180 -3139.05 8089.6 1 14
9600 181 6336.75 -4714.23 0 14
9600 182 8316.66 5105.97 5 14
9600 183 6785 -7389.51 0 14
9600 184 9396.57 -5648.92 3 14
9600 185 -7082.5 5437.48 0 14
9600 186 4636.22 7250.3 5 12
9600 187 5372.68 -6401.72 0 14
9600 188 -2153.68 -8559.11 0 14
9600 189 5049.07 3267.16 1 14
9600 190 -7015.06 4388.7 1 14
9600 191 9607.62 -3572.32 0 14
9600 192 -8391.95 8636.12 4 14
9600 193 3971.08 -3545.83 5 6
9600 194 -3648.44 -9465.4 2 14
9600 195 5255.76 -8547 1 14
9600 196 4526.43 1736.86 5 12
9600 197 9613.5 -10.6149 1 14
9600 198 4653.56 -5374.19 1 14
9600 199 3033.7 6573.43 1 14
9600 200 -7730.63 -1244.2 3 14
9600 201 -5183.45 5294.2 0 14
9600 202 -7284.32 -4023.87 1 14
9600 203 -2597.62 -5352.4 0 14
9600 204 -9567.34 377.916 4 14
9600 205 6529.42 -4171.72 2 14
9600 206 -3048.36 -9278.28 1 14
9600 207 9495.53 -3783.9 1 14
9600 208 -1371.85 7520.64 0 14
9600 209 6580.8 9052.89 1 14
9600 210 -2259.89 -7156.19 1 14
9600 211 -7097.17 9609.69 2 14
9600 212 7357 -1136.32 1 14
9600 213 6003.11 2688.74 2 14
9600 214 -4023.03 -5095.98 1 14
9600 215 -749.396 5933.76 1 14
9600 216 -3032.77 -9493.31 0 14
9600 217 4812.66 -2380.45 3 14
9600 218 -4235.63 -8863.31 2 14
9600 219 7402.13 -3434.13 0 14
9600 220 2929.61 2261.97 2 14
9600 221 -8313.31 551.917 5 8
9600 222 1425.33 -5877.29 0 14
9600 223 1929.3 -5994.57 0 14
9600 224 1669.04 2208.12 1 14
9600 225 -2985.18 4295.69 2 14
9600 226 4534.59 9671.09 3 14
9600 227 -1635.22 -1788.72 1 14
9600 228 -8936.31 7419.55 1 14
9600 229 -8578.94 4113.49 3 14
9600 230 -3188.6 -4482.63 1 14
9600 231 -5183.99 -3706.59 3 14
9600 232 -8076 1651.19 0 14
9600 233 -1015.9 9917.97 3 14
9600 234 -9384.34 3103.6 0 14
9600 235 3326.89 3678.99 0 14
9600 236 3811.11 -7153.8 5 14
9600 237 2276.18 5534.53 1 14
9600 238 4003.47 8762.59 3 14
9600 239 7510.47 -6141.55 0 14
9600 240 1481.83 -4945.26 1 14
9600 241 -183.251 5738.75 5 12
9600 242 7758.8 4115.76 2 14
9600 243 9840.16 -3761.96 2 14
9600 244 9673.31 -701.293 2 14
9600 245 3965.99 965.082 0 14
9600 246 5972.21 6556.25 1 14
9600 247 2369.96 3330.86 1 14
9600 248 -9834.48 760.389 2 14
9600 249 -6370.49 4663.41 0 14
9600 250 1938.25 4678.8 0 14
9600 251 1715.29 -6377 0 14
9600 252 1292.23 355.139 5 14
9600 253 -7729.81 -2958.45 1 14
9600 254 1744.41 3311.63 1 14
9600 255 -1628.98 5482.6 1 14
9600 256 -564.069 1692.57 1 14
9600 257 -1937.15 104.681 1 14
9600 258 6460.02 8813.79 0 14
9600 259 -4827.84 7504.56 3 14
9600 260 -171.492 -2868.39 1 14
9600 261 5229.98 6713.81 5 6
9600 262 -199.871 -502.766 5 6
9600 263 3614.5 -6667.27 1 14
9600 264 -7280.17 5387 0 14
9600 265 -5363.09 -6840.89 2 14
9600 266 -3240.25 8760.2 1 14
9600 267 4389.68 7041.86 5 12
9600 268 -9803.59 -8425.96 0 14
9600 269 -823.137 -9062.4 0 14
9600 270 6700.26 8820.97 1 14
9600 271 8372.46 -2470.17 2 14
9600 272 3215.59 1089.35 0 14
9600 273 -5687.52 9574.84 1 14
9600 274 9082.39 -8680.79 1 14
9600 275 -6593.7 -9164.65 0 14
9600 276 -755.596 2496.71 0 14
9600 277 2616.84 -7773.38 1 14
9600 278 -8781.88 -2026.72 1 14
9600 279 -1105.03 6804.67 0 14
9600 280 -6374.64 7179.55 1 14
9600 281 8997.93 -9311.58 5 14
9600 282 -4404.35 566.947 1 14
9600 283 -5332.41 710.133 0 14
9600 284 -4938.89 -4789.2 1 14
9600 285 -9146.13 8480.57 2 14
9600 286 7013.94 2417.95 1 14
9600 287 1847.04 -4823.84 1 14
9600 288 -5199.63 -1978.56 2 14
9600 289 6392.62 -9248.51 2 14
9600 290 -6580.01 7895.57 0 14
9600 291 6598.74 -8267.39 1 14
9600 292 4748.72 5757.53 3 14
9600 293 1437.48 9450.49 0 14
9600 294 -9827.98 -9365.42 5 14
9600 295 -57.2011 8137.98 1 14
9600 296 -9123.49 -1606.82 0 14
9600 297 4330.75 -3244.26 5 12
9600 298 9718.97 1144.83 1 14
9600 299 4993.17 5494.27 1 14
9600 300 3872.99 8635.55 2 14
9600 301 7651.87 9793.58 5 10
9600 302 6497.94 -5513.57 1 14
9600 303 -4642.96 -1939.2 5 10
9600 304 5228.08 -7972.29 2 14
9600 305 7828.36 4590.34 2 14
9600 306 9952.84 1876.51 1 14
9600 307 7717.12 -1053.11 2 14
9600 308 1556.55 349.238 2 14
9600 309 -603.178 6167.08 0 14
9600 310 -6802.95 -8692.99 1 14
9600 311 2686.64 -6523 1 14
9600 312 9521.94 -385.484 3 14
9600 313 5627.5 -1045.91 1 14
9600 314 -2933.61 -6245.38 2 14
9600 315 -8631.05 -3016.65 0 14
9600 316 -7874.67 -1123.68 1 14
9600 317 -8381.75 3698.88 2 14
9600 318 3386.58 2991.66 3 14
9600 319 -7873.87 -5335.08 2 14
9600 320 3147.84 2632.88 1 14
9600 321 -140.099 1350.51 0 14
9600 322 -3775.01 -733.247 0 14
9600 323 3781.52 -1323.66 2 14
9600 324 7664.24 5234.81 1 14
9600 325 -9164.35 -4495.07 3 14
9600 326 271.01 995.434 2 14
9600 327 2284.53 2667.69 1 14
9600 328 -5781.92 7423.59 0 14
9600 329 -590.597 -7705.69 0 14
9600 330 -5491.04 -2852.09 5 14
9600 331 -7375.25 8473.68 0 14
9600 332 -3247.96 8117.58 1 14
9600 333 8599.4 1384.32 2 14
9600 334 9643.05 -1396.5 1 14
9600 335 -4750.24 9400.73 0 14
9600 336 2299.44 -1830.5 0 14
9600 337 89.5591 -7315.44 0 14
9600 338 1233.69 -4241.32 1 14
9600 339 327.284 282.951 5 2
9600 340 5716.67 -5149.34 0 14
9600 341 5326.36 -812.226 0 14
9600 342 -4273.9 7688.82 5 2
9600 343 8675.59 5293.34 5 2
9600 344 -3829.74 7514.49 3 14
9600 345 -8027.18 -2570.33 0 14
9600 346 7743.81 8411.56 2 14
9600 347 2306.56 7468.9 1 14
9600 348 5430.89 2293.63 5 12
9600 349 5661.55 4792.71 0 14
9600 350 -4682.58 -5725.36 1 14
9600 351 4589.25 8234.66 5 4
9600 352 -893.472 8964.07 1 14
9600 353 -4396.9 6456.96 4 14
9600 354 -3977.76 2644.82 5 4
9600 355 6152.38 -2072.96 1 14
9600 356 1471.65 5772.74 1 14
9600 357 6353.78 -7366.65 1 14
9600 358 -9502.55 -4108.17 1 14
9600 359 -1933.1 3607.28 0 14
9600 360 8691.06 -3412.04 0 14
9600 361 8517.87 9882.04 5 2
9600 362 -8206.91 -942.289 5 12
9600 363 7614.45 1793.42 1 14
9600 364 -1140.93 -1420 0 14
9600 365 4270.9 5526.18 1 14
9600 366 -3802.64 -2365.36 5 2
9600 367 -2777.14 -464.718 0 14
9600 368 4011.73 -9735.32 0 14
9600 369 9237.66 -6023.57 5 14
9600 370 -114.672 9211.1 2 14
9600 371 7543.36 -2950.8 1 14
9600 372 4827.07 4030.46 1 14
9600 373 7481.28 7927.84 0 14
9600 374 -8052.04 -4977.83 3 14
9600 375 -734.599 -6061.93 2 14
9600 376 -4564.67 7807.92 5 2
9600 377 6858.65 -1138.86 1 14
9600 378 -652.142 -106.815 5 2
9600 379 2683.34 7793.34 0 14
9600 380 -4474.02 -4436.74 0 14
9600 381 -1508.18 9426.87 1 14
9600 382 9250.1 -708.251 3 14
9600 383 6827.2 9525.41 0 14
9600 384 4894.91 5773.75 0 14
9600 385 -8463.65 -7225.74 1 14
9600 386 -4143.05 -1262.92 1 14
9600 387 -1423.85 -2118.31 0 14
9600 388 8001.78 -6052.28 4 14
9600 389 6730.61 -4453.56 0 14
9600 390 7745.21 2437.69 0 14
9600 391 5314.33 -569.779 2 14
9600 392 -8709.71 -2180.14 1 14
9600 393 955.386 -5707.82 0 14
9600 394 -6886.89 -7848.18 1 14
9600 395 6852.51 -7841.63 1 14
9600 396 -9081.94 -2101.86 1 14
9600 397 9217.88 3703.76 1 14
9600 398 3763.53 -7129.6 5 14
9600 399 -7982.74 -8141.51 1 14
9600 400 535.675 5782.04 1 14
9600 401 -5670.27 6865.94 3 14
9600 402 -7150.4 -1136.26 2 14
9600 403 -9454.76 6810.99 0 14
9600 404 -3450.77 -194.574 0 14
9600 405 -500.047 -3521.47 1 14
9600 406 -8035.16 -3693.9 2 14
9600 407 -6023.31 8629.8 1 14
9600 408 90.5797 1774.97 1 14
9600 409 -7150.83 -1026 1 14
9600 410 9481.61 -8799.49 2 14
9600 411 5194.91 -6936.74 2 14
9600 412 -1699.11 6359.21 1 14
9600 413 -2401.54 2290.5 0 14
9600 414 -6894.91 -4744.06 4 14
9600 415 -1278.95 927.431 0 14
9600 416 8521.6 742.958 2 14
9600 417 1387.81 9284.94 1 14
9600 418 -2078.74 718.415 1 14
9600 419 -4617.94 7873.11 5 12
9600 420 -9258.95 6959.93 2 14
9600 421 -1378.72 -1306.03 1 14
9600 422 -6297.44 -6271.09 2 14
9600 423 1282.91 -9010.06 1 14
9600 424 5320.32 1788.66 4 14
9600 425 881.932 2865.92 1 14
9600 426 2309.43 6535 0 14
9600 427 7647.95 -9520.73 5 10
9600 428 9006.75 -7325.65 1 14
9600 429 7399.16 -106.866 5 12
9600 430 2455.87 -3014.17 0 14
9600 431 4719.98 -9163.1 3 14
9600 432 1565.08 -5496.85 1 14
9600 433 -9307.37 9124.98 5 12
9600 434 -7235.37 9643.55 2 14
9600 435 2922.96 -3111.25 1 14
9600 436 8120.24 -2199.14 0 14
9600 437 919.548 -7635.52 1 14
9600 438 -799.529 6102.64 1 14
9600 439 2106.37 -5846.37 1 14
9600 440 5947.15 3121.12 2 14
9600 441 9253.49 268.763 5 10
9600 442 6457.19 -3134.39 1 14
9600 443 -8230.07 5575.64 3 14
9600 444 -760.469 3935.09 0 14
9600 445 -4977.41 -5970.61 5 14
9600 446 -7828.45 -5852.47 3 14
9600 447 4150.4 7941.22 5 8
9600 448 5395 9065.31 0 14
9600 449 -5210.86 -4491 0 14
9600 450 5279.78 -5948.17 3 14
9600 451 -3205.8 -3948.14 1 14
9600 452 -6125.39 9821.07 1 14
9600 453 7113.35 4295.14 1 14
9600 454 -604.928 -300.61 4 14
9600 455 8791.13 -1299.11 3 14
9600 456 -7265.77 -3897.54 0 14
9600 457 4203.05 -5396.76 2 14
9600 458 -8520.91 9804.58 5 2
9600 459 -8467.3 -3629 4 14
9600 460 -7200.87 -1061.58 1 14
9600 461 -456.227 -424.896 1 14
9600 462 4215.77 -799.6 1 14
9600 463 1041.13 3053.59 0 14
9600 464 -8273.75 -7940.05 0 14
9600 465 9887.47 -759.571 1 14
9600 466 -1219.64 -2604.54 0 14
9600 467 -2097.32 4756.66 1 14
9600 468 -1098.12 2167.7 0 14
9600 469 -7377.97 6689.5 0 14
9600 470 4327.78 -9360.22 1 14
9600 471 -8774.65 -2382.88 1 14
9600 472 -1033.39 -9917.84 2 14
9600 473 2449.74 7746.16 1 14
9600 474 -3415.96 -6843.75 3 14
9600 475 -9836.62 -8395.76 1 14
9600 476 -8061.44 4826.13 5 8
9600 477 8825.25 -8877.14 5 14
9600 478 6045.71 141.526 1 14
9600 479 7983.67 1268.16 0 14
9600 480 -9738.88 1066.34 1 14
9600 481 -8473.55 5334.32 5 2
9600 482 765.557 -3110.8 0 14
9600 483 -507.809 -4666.13 2 14
9600 484 -5853.02 -4702.19 0 14
9600 485 215.068 3251.86 2 14
9600 486 -1500.14 32.1996 2 14
9600 487 6750.09 -8452.15 1 14
9600 488 -3921.33 546.156 3 14
9600 489 1926.34 -4266.59 0 14
9600 490 -3361.69 7677.51 4 14
9600 491 7060.27 4569.7 1 14
9600 492 1478.1 5839.43 2 14
9600 493 2015.81 -4724.16 0 14
9600 494 -458.488 5845.3 4 14
9600 495 9109.57 9582.68 4 14
9600 496 -5923.34 12.7619 0 14
9600 497 -5585.25 444.196 1 14
9600 498 -8186.01 4096.17 3 14
9600 499 3977.57 2448.98 5 14
9600 500 -8421.99 -5864.66 1 14
9600 501 7162.35 3491.88 0 14
9600 502 5122.34 771.236 2 14
9600 503 8416.91 5338 5 2
9600 504 2379.22 -4251.45 0 14
9600 505 395.565 -8005.72 1 14
9600 506 -5335.68 -2264.18 2 14
9600 507 -215.472 8859.35 1 14
9600 508 -3552.73 -2621.11 4 14
9600 509 2337.67 6705.59 2 14
9600 510 -3867.89 2846.06 1 14
9600 511 -703.907 -9250.9 1 14
9600 512 2355.96 -3926.64 0 14
9600 513 7419.68 -2523.28 1 14
9600 514 3564.82 -346.956 0 14
9600 515 7566.35 -2207.53 0 14
9600 516 3994.9 1857.41 2 14
9600 517 723.542 233.067 5 6
9600 518 9454.42 -7311.92 2 14
9600 519 3872.77 5711.71 0 14
9600 520 -8655.6 -1696.3 0 14
9600 521 -8638.63 4476.06 3 14
9600 522 -9961.33 9081.83 3 14
9600 523 506.34 -4508.5 5 10
9600 524 7458.41 5026.2 1 14
9600 525 7397.57 5404.21 1 14
9600 526 2300.46 -5273.43 0 14
9600 527 -4539.05 9542.9 0 14
9600 528 6717.95 6345.67 3 14
9600 529 -5463.19 -9287.51 2 14
9600 530 1219.24 -3045.27 0 14
9600 531 -4159.18 672.131 1 14
9600 532 5016.17 -70.5433 1 14
9600 533 2713.82 -9579.64 0 14
9600 534 7560.69 -5398.96 5 12
9600 535 -980.497 -9542.27 2 14
9600 536 -4475.69 9034.95 4 14
9600 537 6383.51 8598.67 1 14
9600 538 -5896.43 -5320.15 2 14
9600 539 1640.27 9319.73 1 14
9600 540 -7092.66 11.0771 1 14
9600 541 5114.45 -3763.63 0 14
9600 542 -2987.86 -5594.43 2 14
9600 543 7060.19 -9913.54 3 14
9600 544 -2383.54 -9524.06 1 14
9600 545 -9403.28 7395.59 0 14
9600 546 615.821 -9070.57 5 6
9600 547 -7789.94 -2126.57 0 14
9600 548 3161.69 -1625.26 1 14
9600 549 1351.35 -1700.58 1 14
9600 550 7812.97 -3018.84 0 14
9600 551 7136.54 -4272.38 0 14
9600 552 5208.06 4642.69 0 14
9600 553 -5398.28 3210.22 2 14
9600 554 822.282 9784.05 2 14
9600 555 1079.56 6688.94 0 14
9600 556 -6643.74 -8722.38 0 14
9600 557 3560.49 -9299.51 0 14
9600 558 8547.6 -5335.86 5 2
9600 559 7687.16 -747.135 2 14
9600 560 -9275.99 -9492.26 5 10
9600 561 -6113.06 8422 2 14
9600 562 -2549.4 -1561.39 0 14
9600 563 4776.31 1688.04 3 14
9600 564 5922.42 9843.97 1 14
9600 565 -5836.23 -1969.42 1 14
9600 566 5497.08 864.736 0 14
9600 567 7983.46 4349.79 5 12
9600 568 3053.37 -8444.17 0 14
9600 569 -3100.44 -3543.35 1 14
9600 570 2508.54 6520.81 1 14
9600 571 5801.94 7393.52 0 14
9600 572 -1884.73 1397.57 0 14
9600 573 -8637.59 -4206.35 2 14
9600 574 3944.1 -8044.95 4 14
9600 575 -583.789 -1611.73 0 14
9600 576 -2180.3 8175.14 0 14
9600 577 882.471 5849.89 4 14
9600 578 -3978.72 -5601.59 0 14
9600 579 1158.05 2928.76 0 14
9600 580 -4272.2 -1650.44 1 14
9600 581 2181.07 -9034.59 1 14
9600 582 -8017.23 9934.99 5 2
9600 583 1403.32 -9566.8 0 14
9600 584 -2458.77 9098.79 1 14
9600 585 7049.61 -2672.83 0 14
9600 586 2911.23 5251.17 2 14
9600 587 5622.55 -1861.79 3 14
9600 588 -1651.4 9502.35 0 14
9600 589 6195.55 2984.43 0 14
9600 590 7900.84 2387.46 0 14
9600 591 -2605.29 -4063.08 0 14
9600 592 9765.45 4694.04 2 14
9600 593 -2848.98 6520.12 1 14
9600 594 6878.94 446.276 0 14
9600 595 -7668.99 4288.14 1 14
9600 596 1647.52 -2187.69 0 14
9600 597 7028.86 -3411.68 1 14
9600 598 5212.8 4924.93 0 14
9600 599 2576.45 -1453.48 0 14
9600 600 4448.85 -9524.84 0 14
9600 601 -3876.56 -7109.94 5 14
9600 602 1259.14 254.485 4 14
9600 603 7289.91 617.765 2 14
9600 604 -5566.18 5920.23 0 14
9600 605 -7367.48 -9308.46 1 14
9600 606 3701.91 -6041.5 1 14
9600 607 3840.4 -6776.02 2 14
9600 608 3032.4 -5986.32 3 14
9600 609 -6089.69 4394.49 0 14
9600 610 3673.18 4213.6 1 14
9600 611 9730.63 -3059.61 1 14
9600 612 9817.46 9857.54 5 10
9600 613 -8964.05 -2772.15 0 14
9600 614 255.775 -723.396 2 14
9600 615 3776.07 1744.57 3 14
9600 616 5258.18 -5470.44 0 14
9600 617 4481.95 -6777.09 1 14
9600 618 -8698.12 -676.162 5 12
9600 619 -8645.33 1046.46 1 14
9600 620 -1900.7 -8573.91 0 14
9600 621 1271.74 -3740.46 1 14
9600 622 7966.35 5295.01 1 14
9600 623 -2090.75 2091.27 2 14
9600 624 -8815.6 7218.19 1 14
9600 625 6587.37 -5843.75 1 14
9600 626 2038.45 -3470.79 2 14
9600 627 7115.64 4240.66 3 14
9600 628 -3411 -5031.03 0 14
9600 629 -8733.17 -3818.47 3 14
9600 630 -6471.5 6324.13 1 14
9600 631 7223.12 -274.819 1 14
9600 632 9985.74 6058.51 2 14
9600 633 4583.31 -1113.91 4 14
9600 634 8317.81 -4216.15 5 14
9600 635 3703.39 -4969.34 0 14
9600 636 867.817 -3404.11 2 14
9600 637 3457.54 -9393.97 0 14
9600 638 3274.12 9591.21 1 14
9600 639 -4040.57 7660.96 5 4
9600 640 27.4003 732.76 3 14
9600 641 8203.58 7249.51 0 14
9600 642 1279.72 -536.684 1 14
9600 643 -3285.2 630.561 0 14
9600 644 -4226.65 9110.85 2 14
9600 645 5641.04 9890.23 0 14
9600 646 2295.49 -6758.14 2 14
9600 647 -1750.92 9980.06 2 14
9600 648 -3618.29 -1950.98 5 8
9600 649 2988.1 -9812.43 0 14
9600 650 538.259 -1389.18 2 14
9600 651 -4307.38 -7120.53 5 2
9600 652 -9578.36 -1309.93 0 14
9600 653 9876.01 1046.82 1 14
9600 654 -4539.01 -3619.4 4 14
9600 655 212.808 -5528.83 4 14
9600 656 -4093.55 -9762.84 0 14
9600 657 -3913.1 -3632.81 0 14
9600 658 9011.39 2503.51 1 14
9600 659 4927.32 8092.05 2 14
9600 660 9621.22 -6803.37 3 14
9600 661 4792.42 -9346.42 0 14
9600 662 2905.09 -2430.89 2 14
9600 663 9057.74 -7853.69 0 14
9600 664 -2594.09 8232.79 1 14
9600 665 4626.82 1596.09 1 14
9600 666 163.202 2793.96 0 14
9600 667 -2355.62 -5056.13 0 14
9600 668 9547.75 -6970.09 1 14
9600 669 -7827.87 -911.417 3 14
9600 670 -2162.45 6496.04 1 14
9600 671 -4558.26 6271.39 2 14
9600 672 -7865.86 9661.62 5 12
9600 673 -9224.57 -3000.89 0 14
9600 674 6198.98 -178.341 1 14
9600 675 -2196.04 -2019.76 0 14
9600 676 8642.06 5396.18 5 10
9600 677 -8340.28 4201.44 5 14
9600 678 5024.23 5034.85 0 14
9600 679 5253.9 -5807.18 1 14
9600 680 -1686.2 7262.16 0 14
9600 681 -5720.97 2889.31 2 14
9600 682 -6288.8 -9467.02 0 14
9600 683 6513.25 9412.19 2 14
9600 684 3216.66 -1174.68 1 14
9600 685 -2925.24 653.118 1 14
9600 686 1472.6 2878.66 0 14
9600 687 -1890.03 -2634.03 0 14
9600 688 9624.33 6250.45 1 14
9600 689 3315.74 -5576.94 2 14
9600 690 6125.33 -5561.25 0 14
9600 691 -1727.88 -1463.01 0 14
9600 692 -1408.91 4066.46 0 14
9600 693 -5303.66 6323.66 0 14
9600 694 -9596.26 -1922.94 2 14
9600 695 -4621.7 -896.623 1 14
9600 696 -1952 5375.86 1 14
9600 697 -8403.41 9803.75 5 4
9600 698 -3627.71 523.369 1 14
9600 699 -8828.95 4556.33 5 2
9600 700 -6113.89 4861 1 14
9600 701 -4350.39 9983 0 14
9600 702 3858.21 2518.28 3 14
9600 703 -3993.35 -4512.2 0 14
9600 704 -5991.37 -4440.78 0 14
9600 705 5192.21 3271.95 2 14
9600 706 -318.473 6655.77 1 14
9600 707 5607.77 -6220.21 1 14
9600 708 -2239.07 -5565.77 0 14
9600 709 -769.487 3269.48 1 14
9600 710 4831.13 -8956.13 2 14
9600 711 -1524.09 9590.51 0 14
9600 712 8264.48 5226.57 5 2
9600 713 4729.65 7318.23 5 2
9600 714 1045.56 6184.23 0 14
9600 715 4530.72 -5914.34 1 14
9600 716 -47.7859 -6019.05 1 14
9600 717 2249.02 4102.54 0 14
9600 718 6473.19 9717.02 1 14
9600 719 -8780.15 -9547.91 5 2
9600 720 4761.16 4649.1 0 14
9600 721 -3308.17 1942.07 1 14
9600 722 719.356 1154.53 1 14
9600 723 -7232.28 9998.71 2 14
9600 724 749.852 -2688.4 0 14
9600 725 -1048.74 -6159.6 1 14
9600 726 3267.1 7651.47 2 14
9600 727 -4293.17 8292 3 14
9600 728 1271.49 -4488.55 2 14
9600 729 -9191.84 -7400.22 1 14
9600 730 4478.42 8200.9 3 14
9600 731 -7319.09 -7248.74 0 14
9600 732 8540.27 -2025.49 0 14
9600 733 -4140.65 -5752.38 1 14
9600 734 -2045.03 9094.05 1 14
9600 735 -7191.33 -7183.41 1 14
9600 736 -6335.71 -5904.5 0 14
9600 737 7264.84 7469.21 1 14
9600 738 2598.61 7974.88 0 14
9600 739 4930.98 -7222 5 2
9600 740 8513.39 -9799.92 5 2
9600 741 -7293.73 -8318.77 0 14
9600 742 -9519.38 -1485.17 2 14
9600 743 -2237.55 1571.67 1 14
9600 744 -7932.53 2529.41 1 14
9600 745 6021.62 7857.7 1 14
9600 746 -1506.02 9082.41 2 14
9600 747 -5104.14 -4056.06 3 14
9600 748 1844.36 4276.18 1 14
9600 749 366.675 -3103.39 1 14
9600 750 -2467.12 1668.8 0 14
9600 751 -8.93484 3924.15 2 14
9600 752 593.813 -6531.91 1 14
9600 753 -8323.21 7259.17 1 14
9600 754 -3741.63 -6717.61 2 14
9600 755 2140.46 -7625.65 0 14
9600 756 4168.44 6393.43 1 14
9600 757 1682.56 -495.516 0 14
9600 758 -5008.06 -5261.22 1 14
9600 759 2444.69 -8444.69 1 14
9600 760 -2355.69 5385.86 1 14
9600 761 -9195.44 3252.5 2 14
9600 762 -2219.58 -9103.15 2 14
9600 763 -374.357 166.844 5 2
9600 764 6999.54 3263.23 0 14
9600 765 9002.38 5325.31 5 2
9600 766 -4469.16 303.426 0 14
9600 767 -1522.86 -3195.84 0 14
9600 768 5451.99 7865.58 2 14
9600 769 1967.53 8176.78 0 14
9600 770 4969.86 6638.56 1 14
9600 771 -2406.75 939.351 0 14
9600 772 -7882.49 -6671.12 3 14
9600 773 -6525.04 1761.55 1 14
9600 774 -1721.99 7801.14 0 14
9600 775 -754.13 426.514 3 14
9600 776 1063.84 3736 1 14
9600 777 5072.98 -6622.1 0 14
9600 778 -6493.61 3073.21 0 14
9600 779 -2528.27 -2087.02 2 14
9600 780 -3387.24 -9904.77 1 14
9600 781 3560.66 4592.33 1 14
9600 782 7814.06 6094.17 2 14
9600 783 2407.19 2399.69 1 14
9600 784 -3099.82 1118.58 1 14
9600 785 4498.37 -2016.48 5 2
9600 786 -4643.03 -3177.07 5 6
9600 787 3052.89 -7360.36 1 14
9600 788 8717.72 -3031.3 1 14
9600 789 188.929 7369.66 0 14
9600 790 -1658.62 5749.48 0 14
9600 791 -3074.86 2161.47 1 14
9600 792 -7344.25 4514.61 0 14
9600 793 -3491.38 6704.24 4 14
9600 794 3044.6 -1082.52 0 14
9600 795 -7713.04 -4632.77 5 14
9600 796 8435.81 -1965.3 2 14
9600 797 -8893.71 2901.06 1 14
9600 798 4043.84 -2564.28 5 2
9600 799 3168.6 -8400.09 2 14
9600 800 7304.97 -6377.54 1 14
9600 801 -1519.14 9599.92 0 14
9600 802 -1395.12 -6199.84 0 14
9600 803 442.388 -4978.51 5 12
9600 804 2432.74 -3831.19 1 14
9600 805 -5180.9 -9222.73 2 14
9600 806 -2021.5 4171.02 0 14
9600 807 6155.75 2418.14 1 14
9600 808 7473.38 8922.43 5 14
9600 809 -7858.24 3245.25 1 14
9600 810 1088.9 -2804.82 0 14
9600 811 -6284.88 -3716.36 0 14
9600 812 9453.34 -5471.99 4 14
9600 813 -1604.08 -6177.62 1 14
9600 814 -2527.13 -280.623 0 14
9600 815 1949.36 8434.49 1 14
9600 816 9686.46 -5695.29 2 14
9600 817 3472.37 -9425.89 2 14
9600 818 5232.91 -8158.59 2 14
9600 819 2693.13 2733.63 0 14
9600 820 -8306.13 482.96 5 2
9600 821 -4297.62 -637.383 1 14
9600 822 -840.732 -3736.47 0 14
9600 823 -3597.19 -9465.56 0 14
9600 824 -5257.93 3485.63 5 14
9600 825 5496.66 -8101.35 2 14
9600 826 -5654.75 -8514.33 3 14
9600 827 7228.66 -9937.18 3 14
9600 828 2660.79 5217.27 0 14
9600 829 9776.45 -3557.97 1 14
9600 830 8549.12 3730.04 1 14
9600 831 -5997.35 833.022 0 14
9600 832 -3913.96 -9881.03 1 14
9600 833 9592.44 3671.62 3 14
9600 834 5144.44 -7186.35 5 14
9600 835 -3084.32 -1376.38 1 14
9600 836 -5440.95 -4484.96 1 14
9600 837 -7439.69 6154.31 2 14
9600 838 -9417.91 -9521.93 5 2
9600 839 -5434.9 4712.36 2 14
9600 840 5311.49 -6529.39 1 14
9600 841 -9730.39 -9849.85 4 14
9600 842 3578.98 7984.11 3 14
9600 843 -7993.69 -3362.53 0 14
9600 844 9063.56 2477.54 1 14
9600 845 -9945.85 -7423.97 1 14
9600 846 3305.69 -9310.34 1 14
9600 847 -2204.45 -7990.82 0 14
9600 848 -484.692 -8023.65 0 14
9600 849 5249.77 8951.58 1 14
9600 850 1364.8 -1227.88 0 14
9600 851 552.932 -9843.71 5 12
9600 852 4373.87 5134.35 0 14
9600 853 -2046.62 8256.12 0 14
9600 854 2903.09 3318.54 0 14
9600 855 -4310.87 1539.12 2 14
9600 856 6986.52 7099.32 1 14
9600 857 936.788 5455.58 2 14
9600 858 5680.4 -6107.99 1 14
9600 859 2806.28 6560.41 0 14
9600 860 -1168.14 -310.506 5 12
9600 861 39.6185 9611.14 5 2
9600 862 -5535.39 1016.99 0 14
9600 863 7218.2 -3599.31 0 14
9600 864 9028.79 620.996 1 14
9600 865 -2242.3 4040.96 0 14
9600 866 -4388.83 -9314.6 1 14
9600 867 1846.69 9573.56 0 14
9600 868 6928.94 -7649.88 1 14
9600 869 -4011.62 5347.87 0 14
9600 870 977.008 -2501.81 0 14
9600 871 -1893.04 3576.43 0 14
9600 872 -1299.96 -1227.8 1 14
9600 873 -1308.34 -4565.04 1 14
9600 874 2341.32 7264.39 2 14
9600 875 4485.92 3307.38 3 14
9600 876 693.791 -1387.9 1 14
9600 877 -8709.7 -6553.34 1 14
9600 878 -2094.39 45.4745 1 14
9600 879 5361.27 -6178.36 0 14
9600 880 7789.91 1018.04 2 14
9600 881 5963.59 -7207.5 1 14
9600 882 9784.47 -129.243 1 14
9600 883 625.412 -2043.3 1 14
9600 884 -2132.86 -6182.01 0 14
9600 885 142.73 -5852.3 4 14
9600 886 7397.77 -9787.22 2 14
9600 887 -2473.81 -768.073 0 14
9600 888 4998.71 -7056.6 3 14
9600 889 5068.9 -8915.91 1 14
9600 890 -7287.52 6379.58 0 14
9600 891 -2011.08 4047.37 1 14
9600 892 3115.09 8773.37 1 14
9600 893 8826.24 -3456.31 1 14
9600 894 3043.96 -4182.68 0 14
9600 895 9865.71 6307.97 1 14
9600 896 -6951.36 -9928.66 2 14
9600 897 -5083.85 6099.97 2 14
9600 898 -1372.82 855.564 0 14
9600 899 9375.77 1293.18 1 14
9600 900 -2937.45 8969.54 2 14
9600 901 9110.61 -9038.52 3 14
9600 902 509.064 -7522.46 0 14
9600 903 7772.58 3710.35 0 14
9600 904 8926.91 4350.6 5 14
9600 905 -3329.78 3939 2 14
9600 906 -432.122 2973.18 0 14
9600 907 6009.62 -3187.27 0 14
9600 908 -1771.49 -2409.6 1 14
9600 909 5227.07 -6823.44 1 14
9600 910 -7958.29 -4734.77 3 14
9600 911 5245.25 -4669.65 0 14
9600 912 9226.78 -6155.59 1 14
9600 913 5936.21 729.139 1 14
9600 914 6102.02 -7532.84 1 14
9600 915 7265.87 1050.8 1 14
9600 916 -9552.74 4001.23 1 14
9600 917 -6443.25 -1849.98 1 14
9600 918 5003.9 -5980.74 0 14
9600 919 7785.2 1213.57 2 14
9600 920 1038.6 -9130.71 1 14
9600 921 -3798.65 -4594.89 2 14
9600 922 -4074.46 -919.862 1 14
9600 923 2695.11 1307.04 1 14
9600 924 -3835.51 8466.67 5 12
9600 925 9848.99 -8439.05 0 14
9600 926 -6365.2 6971.36 0 14
9600 927 9672.37 3727.39 2 14
9600 928 9307.59 -7851.18 1 14
9600 929 9575.27 5040.69 2 14
9600 930 -7588.92 7276.98 0 14
9600 931 7735.01 -5466.17 2 14
9600 932 1081.74 6332.65 2 14
9600 933 -6169.52 2880.07 0 14
9600 934 -8362.48 -4671.4 5 14
9600 935 -2017.5 9075.67 0 14
9600 936 -998.927 2273.75 1 14
9600 937 5223.52 5364.79 0 14
9600 938 5401.9 2665.68 1 14
9600 939 924.236 4763.47 5 10
9600 940 -6522.64 75.194 0 14
9600 941 5924.65 6987.48 2 14
9600 942 2255.76 -2621.85 0 14
9600 943 -4135.13 5774.45 2 14
9600 944 -3139.73 9472.96 1 14
9600 945 3428.21 7118.15 2 14
9600 946 -4293.09 -6916.17 5 2
9600 947 2934.57 3757.86 3 14
9600 948 9144.23 -8047.83 0 14
9600 949 -9840.34 5408.15 3 14
9600 950 8975.51 799.628 2 14
9600 951 6977.96 6375.95 0 14
9600 952 4309.85 7353.19 5 2
9600 953 9155.87 -7771.56 0 14
9600 954 -1938.95 -9662.94 2 14
9600 955 3553.08 -3269.63 4 14
9600 956 5119.1 -8218.22 1 14
9600 957 7336.96 6716.62 0 14
9600 958 2471.39 -6574.07 1 14
9600 959 1410.15 -5463.22 1 14
9600 960 3056.95 5754.89 0 14
9600 961 1171.47 -5225.85 3 14
9600 962 -2343.98 6505.6 0 14
9600 963 3895.67 9699.79 1 14
9600 964 5612.85 3676.53 2 14
9600 965 -2475.11 -7256.77 0 14
9600 966 -184.581 5107.88 5 2
9600 967 9528.27 -6782.69 1 14
9600 968 8073.32 -4937.73 0 14
9600 969 -9671.79 -9458.07 5 10
9600 970 -93.5957 -1552.3 0 14
9600 971 5234.41 -1525.22 0 14
9600 972 -6791.22 -1406.6 1 14
9600 973 1726.79 -881.06 0 14
9600 974 1584.04 -2667.1 1 14
9600 975 1038.49 9643.93 2 14
9600 976 7070.26 4452.65 2 14
9600 977 -2102.52 -6946.14 0 14
9600 978 704.667 -1737.4 1 14
9600 979 -7616.49 2169.39 0 14
9600 980 1212.48 9069.78 0 14
9600 981 2980.31 8494.01 0 14
9600 982 -3699.79 -4318.14 0 14
9600 983 -1947.17 -9144.93 0 14
9600 984 4080.95 -6571.79 2 14
9600 985 -8742.55 -8318.16 1 14
9600 986 -4812.7 5670.31 2 14
9600 987 2864.79 1635 1 14
9600 988 -3662.18 4087.73 0 14
9600 989 9154.31 3426.92 2 14
9600 990 -4945.73 890.957 0 14
9600 991 681.612 -4903.7 4 14
9600 992 7365.84 -2125.8 0 14
9600 993 8860.76 -271.873 5 2
9600 994 818.946 4230.03 2 14
9600 995 5515.69 -4954.6 0 14
9600 996 -7169.11 -2915.2 0 14
9600 997 -6113.07 -7665.64 0 14
9600 998 1614.41 -2284.91 0 14
9600 999 6063.29 -4988.05 0 14
9600 1000 6710.56 4237.39 3 14
9600 1001 -338.417 5764.44 2 14
9600 1002 -1738.42 -5862.64 1 14
9600 1003 1177.73 5780.69 5 12
9600 1004 -7519.55 -7278.53 1 14
9600 1005 -9378.43 -1072.04 5 14
9600 1006 -6483.97 7887.22 1 14
9600 1007 -7285.38 -293.611 2 14
9600 1008 -5791.11 9175 1 14
9600 1009 -2366.44 6617.17 0 14
9600 1010 -2336.42 -7673.43 0 14
9600 1011 6651.16 -8172.91 2 14
9600 1012 -6470.82 1704.13 0 14
9600 1013 -4608.7 6923.16 5 4
9600 1014 -747.642 -8398.31 0 14
9600 1015 -6343.29 9351.47 0 14
9600 1016 8319.86 3068.47 1 14
9600 1017 7419.95 -6616.28 0 14
9600 1018 2741.34 6213.16 1 14
9600 1019 -9550.88 -7414.48 2 14
9600 1020 -118.017 -2110.33 0 14
9600 1021 3581.46 -590.112 1 14
9600 1022 6108.79 -6193.42 0 14
9600 1023 -5482.89 703.324 0 14
9600 1024 926.946 6642.13 0 14
9600 1025 -5841.57 -4624.22 0 14
9600 1026 -3100.91 7934.4 1 14
9600 1027 8364.06 1142.71 2 14
9600 1028 5572.47 -2338.97 1 14
9600 1029 2884.95 -9850.69 0 14
9600 1030 7426.94 -8553.16 4 14
9600 1031 -9251.76 -9005.08 5 12
9600 1032 900.585 107.534 5 14
9600 1033 -8984.63 8474.91 1 14
9600 1034 -3784.64 4907.96 0 14
9600 1035 -8266.83 3747.2 1 14
9600 1036 -6088.49 6498.04 0 14
10800 37 5776.01 -3723.43 0 14
10800 38 -6929.44 -4978.88 0 14
10800 39 -7046.08 -6934.2 1 14
10800 40 6356.41 -2459.33 0 14
10800 41 5311.03 -7317.56 2 14
10800 42 -5830 9360.31 1 14
10800 43 -7163.82 5932.44 0 14
10800 44 6917.07 1162.03 0 14
10800 45 1970.24 -5092.32 0 14
10800 46 -652.807 -4667.99 5 12
10800 47 -1368.42 -1698.61 0 14
10800 48 4657.25 -7452.53 5 2
10800 49 3083.42 2843.65 1 14
10800 50 5000.59 -6743 2 14
10800 51 2490.71 -2117 1 14
10800 52 -2304.27 -2794.26 1 14
10800 53 -4254.74 -9136.61 2 14
10800 54 -8547.34 -5159.25 5 2
10800 55 1423.85 9552.13 1 14
10800 56 -5715.2 -1759 0 14
10800 57 -4359.61 -7592.59 5 2
10800 58 3942.81 5097.39 0 14
10800 59 9856.63 -6273.47 1 14
10800 60 -7934.88 -5422.22 2 14
10800 61 1493.58 -3459.75 1 14
10800 62 4423.34 -8204.35 1 14
10800 63 -8614.6 404.098 4 14
10800 64 3357.04 2753.71 5 12
10800 65 1576.5 589.58 2 14
10800 66 3935.4 4759.45 0 14
10800 67 -4274.89 -8191.27 3 14
10800 68 268.593 6898.82 0 14
10800 69 2159.15 -4129.83 0 14
10800 70 -1576.72 9691.01 0 14
10800 71 -2670.49 -4782.95 0 14
10800 72 1478.89 6818.95 0 14
10800 73 221.707 -3783.92 1 14
10800 74 -3442.79 2843.55 1 14
10800 75 -5106.95 6273.79 3 14
10800 76 -8560.12 -4621.3 5 2
10800 77 90.5277 9024.06 5 8
10800 78 8249.13 272.889 5 6
10800 79 8415.03 7391.53 2 14
10800 80 -2566.63 3779.84 1 14
10800 81 -3360.92 619.238 1 14
10800 82 -9874.6 -5636.14 1 14
10800 83 1473.31 -6980.73 1 14
10800 84 6412.91 6626.17 0 14
10800 85 -8121.37 6372.21 4 14
10800 86 -3272.22 1628.08 2 14
10800 87 -1806.55 4727.91 4 14
10800 88 -2758.28 -1748.47 1 14
10800 89 6548.16 6508.44 0 14
10800 90 4498.81 -7135.85 5 2
10800 91 8384.09 -2978.31 0 14
10800 92 608.596 -5351.09 5 10
10800 93 -975.063 6214.93 1 14
10800 94 -5177.73 2123.11 2 14
10800 95 -2535.9 -3648.31 1 14
10800 96 9369.65 3348.67 1 14
10800 97 9015.99 4511.64 4 14
10800 98 -3233.7 6591.66 3 14
10800 99 5804.48 -2131.28 3 14
10800 100 -8891.35 -6976.28 1 14
10800 101 -7688.6 -6703.19 1 14
10800 102 -2226.03 468.449 0 14
10800 103 712.66 -7757.68 2 14
10800 104 630.228 1668.2 1 14
10800 105 -5322.39 7430 3 14
10800 106 -6202.5 7274.89 1 14
10800 107 5594.74 2853.45 5 12
10800 108 -164.963 -1006.77 2 14
10800 109 8127.34 4040.02 2 14
10800 110 937.534 666.934 1 14
10800 111 -7242.88 5640.92 0 14
10800 112 5383.96 -6426.54 0 14
10800 113 -8642.24 4963.41 5 2
10800 114 -6145.79 9541.79 1 14
10800 115 -6432 6123.18 1 14
10800 116 9736.01 5728.42 0 14
10800 117 -5477.71 -3201.03 5 14
10800 118 -3709.37 2132.2 5 12
10800 119 -9798.74 1245.25 1 14
10800 120 -1629.89 3033.87 1 14
10800 121 -6227.16 9819.53 0 14
10800 122 -6221.34 -6953 0 14
10800 123 1586.98 -5484.02 0 14
10800 124 -7838.01 7702.9 0 14
10800 125 -9891.76 1695.74 1 14
10800 126 -3129.32 4893.48 0 14
10800 127 629.084 -577.515 2 14
10800 128 -5099.99 -4951.87 0 14
10800 129 -9166.4 -8394.07 3 14
10800 130 9114.12 -7109.69 0 14
10800 131 -7423.08 -2791.51 1 14
10800 132 2616.55 -3345.54 0 14
10800 133 679.83 6687.48 1 14
10800 134 1707.64 -3456.64 0 14
10800 135 1473.9 6125.85 2 14
10800 136 -5112.69 7894 5 8
10800 137 -9878.94 -7455.93 0 14
10800 138 -3130.39 -4045.25 1 14
10800 139 2492.38 2413.38 1 14
10800 140 6187.27 8922.17 2 14
10800 141 4560.64 4578.19 0 14
10800 142 -141.208 8738.14 5 10
10800 143 -2512.85 -3385.89 2 14
10800 144 -8542.67 2677.88 0 14
10800 145 -220.597 124.839 5 2
10800 146 8523.25 -1991.77 1 14
10800 147 7951.59 8970.69 5 14
10800 148 743.668 8431.15 1 14
10800 149 1337.55 9637.62 0 14
10800 150 -7621.95 5846.53 1 14
10800 151 -391.693 264.498 5 14
10800 152 -7811.88 7728.28 1 14
10800 153 4493.07 -5810.04 1 14
10800 154 -5441.17 2621.85 1 14
10800 155 7286.87 5034.11 2 14
10800 156 -4025.64 1532.49 5 10
10800 157 -8157.98 -8067.44 1 14
10800 158 2520.89 -7609.18 2 14
10800 159 -9040.74 -9279.93 5 2
10800 160 9495.15 -4088.78 1 14
10800 161 -7325.26 -2408.55 0 14
10800 162 -8324.24 5669.9 5 4
10800 163 6766.34 1857.43 1 14
10800 164 -1332.16 6879.31 0 14
10800 165 4500.37 9368.42 1 14
10800 166 -8973.44 9215.94 5 10
10800 167 9462.13 4055.34 1 14
10800 168 -5345.52 -1451.61 0 14
10800 169 -4536.55 -7398.25 5 2
10800 170 -2681.16 -8680.54 0 14
10800 171 -7596.94 -1049.21 1 14
10800 172 -8978.54 -1269.9 2 14
10800 173 7724.63 -8392.5 0 14
10800 174 -5254.37 -6003.95 1 14
10800 175 3212.36 -8674.55 1 14
10800 176 -9504.18 3522.8 1 14
10800 177 1604.9 5801.5 1 14
10800 178 3860.81 -8444.6 3 14
10800 179 -7193.85 -9268.68 1 14
10800 180 -3139.05 8089.6 1 14
10800 181 6336.75 -4714.23 0 14
10800 182 8316.66 5105.97 5 8
10800 183 6785 -7389.51 0 14
10800 184 9396.57 -5648.92 3 14
10800 185 -7082.5 5437.48 0 14
10800 186 4636.22 7250.3 5 2
10800 187 5372.68 -6401.72 1 14
10800 188 -2153.68 -8559.11 0 14
10800 189 5049.07 3267.16 1 14
10800 190 -7015.06 4388.7 1 14
10800 191 9607.62 -3572.32 0 14
10800 192 -8391.95 8636.12 4 14
10800 193 3971.08 -3545.83 5 2
10800 194 -3648.44 -9465.4 2 14
10800 195 5255.76 -8547 1 14
10800 196 4526.43 1736.86 5 8
10800 197 9613.5 -10.6149 1 14
10800 198 4653.56 -5374.19 1 14
10800 199 3033.7 6573.43 1 14
10800 200 -7730.63 -1244.2 2 14
10800 201 -5183.45 5294.2 0 14
10800 202 -7284.32 -4023.87 2 14
10800 203 -2597.62 -5352.4 0 14
10800 204 -9567.34 377.916 5 12
10800 205 6529.42 -4171.72 2 14
10800 206 -3048.36 -9278.28 1 14
10800 207 9495.53 -3783.9 2 14
10800 208 -1371.85 7520.64 0 14
10800 209 6580.8 9052.89 0 14
10800 210 -2259.89 -7156.19 1 14
10800 211 -7097.17 9609.69 2 14
10800 212 7357 -1136.32 1 14
10800 213 6003.11 2688.74 3 14
10800 214 -4023.03 -5095.98 1 14
10800 215 -749.396 5933.76 1 14
10800 216 -3032.77 -9493.31 0 14
10800 217 4812.66 -2380.45 3 14
10800 218 -4235.63 -8863.31 2 14
10800 219 7402.13 -3434.13 0 14
10800 220 2929.61 2261.97 2 14
10800 221 -8313.31 551.917 5 2
10800 222 1425.33 -5877.29 0 14
10800 223 1929.3 -5994.57 0 14
10800 224 1669.04 2208.12 1 14
10800 225 -2985.18 4295.69 1 14
10800 226 4534.59 9671.09 2 14
10800 227 -1635.22 -1788.72 1 14
10800 228 -8936.31 7419.55 1 14
10800 229 -8578.94 4113.49 3 14
10800 230 -3188.6 -4482.63 1 14
10800 231 -5183.99 -3706.59 3 14
10800 232 -8076 1651.19 0 14
10800 233 -1015.9 9917.97 3 14
10800 234 -9384.34 3103.6 0 14
10800 235 3326.89 3678.99 0 14
10800 236 3811.11 -7153.8 5 12
10800 237 2276.18 5534.53 1 14
10800 238 4003.47 8762.59 4 14
10800 239 7510.47 -6141.55 0 14
10800 240 1481.83 -4945.26 2 14
10800 241 -183.251 5738.75 5 6
10800 242 7758.8 4115.76 2 14
10800 243 9840.16 -3761.96 2 14
10800 244 9673.31 -701.293 3 14
10800 245 3965.99 965.082 0 14
10800 246 5972.21 6556.25 0 14
10800 247 2369.96 3330.86 0 14
10800 248 -9834.48 760.389 2 14
10800 249 -6370.49 4663.41 0 14
10800 250 1938.25 4678.8 0 14
10800 251 1715.29 -6377 0 14
10800 252 1292.23 355.139 5 12
10800 253 -7729.81 -2958.45 1 14
10800 254 1744.41 3311.63 1 14
10800 255 -1628.98 5482.6 1 14
10800 256 -564.069 1692.57 1 14
10800 257 -1937.15 104.681 2 14
10800 258 6460.02 8813.79 0 14
10800 259 -4827.84 7504.56 1 14
10800 260 -171.492 -2868.39 2 14
10800 261 5229.98 6713.81 5 2
10800 262 -199.871 -502.766 5 8
10800 263 3614.5 -6667.27 1 14
10800 264 -7280.17 5387 1 14
10800 265 -5363.09 -6840.89 1 14
10800 266 -3240.25 8760.2 1 14
10800 267 4389.68 7041.86 5 6
10800 268 -9803.59 -8425.96 0 14
10800 269 -823.137 -9062.4 0 14
10800 270 6700.26 8820.97 1 14
10800 271 8372.46 -2470.17 2 14
10800 272 3215.59 1089.35 0 14
10800 273 -5687.52 9574.84 1 14
10800 274 9082.39 -8680.79 1 14
10800 275 -6593.7 -9164.65 0 14
10800 276 -755.596 2496.71 0 14
10800 277 2616.84 -7773.38 1 14
10800 278 -8781.88 -2026.72 1 14
10800 279 -1105.03 6804.67 0 14
10800 280 -6374.64 7179.55 1 14
10800 281 8997.93 -9311.58 5 8
10800 282 -4404.35 566.947 1 14
10800 283 -5332.41 710.133 0 14
10800 284 -4938.89 -4789.2 1 14
10800 285 -9146.13 8480.57 2 14
10800 286 7013.94 2417.95 1 14
10800 287 1847.04 -4823.84 1 14
10800 288 -5199.63 -1978.56 2 14
10800 289 6392.62 -9248.51 2 14
10800 290 -6580.01 7895.57 0 14
10800 291 6598.74 -8267.39 1 14
10800 292 4748.72 5757.53 4 14
10800 293 1437.48 9450.49 0 14
10800 294 -9827.98 -9365.42 5 10
10800 295 -57.2011 8137.98 1 14
10800 296 -9123.49 -1606.82 0 14
10800 297 4330.75 -3244.26 5 10
10800 298 9718.97 1144.83 1 14
10800 299 4993.17 5494.27 1 14
10800 300 3872.99 8635.55 1 14
10800 301 7651.87 9793.58 5 4
10800 302 6497.94 -5513.57 1 14
10800 303 -4642.96 -1939.2 5 6
10800 304 5228.08 -7972.29 3 14
10800 305 7828.36 4590.34 2 14
10800 306 9952.84 1876.51 1 14
10800 307 7717.12 -1053.11 2 14
10800 308 1556.55 349.238 2 14
10800 309 -603.178 6167.08 0 14
10800 310 -6802.95 -8692.99 1 14
10800 311 2686.64 -6523 1 14
10800 312 9521.94 -385.484 4 14
10800 313 5627.5 -1045.91 1 14
10800 314 -2933.61 -6245.38 2 14
10800 315 -8631.05 -3016.65 0 14
10800 316 -7874.67 -1123.68 1 14
10800 317 -8381.75 3698.88 2 14
10800 318 3386.58 2991.66 3 14
10800 319 -7873.87 -5335.08 2 14
10800 320 3147.84 2632.88 2 14
10800 321 -140.099 1350.51 0 14
10800 322 -3775.01 -733.247 0 14
10800 323 3781.52 -1323.66 2 14
10800 324 7664.24 5234.81 0 14
10800 325 -9164.35 -4495.07 4 14
10800 326 271.01 995.434 2 14
10800 327 2284.53 2667.69 1 14
10800 328 -5781.92 7423.59 1 14
10800 329 -590.597 -7705.69 0 14
10800 330 -5491.04 -2852.09 5 10
10800 331 -7375.25 8473.68 0 14
10800 332 -3247.96 8117.58 1 14
10800 333 8599.4 1384.32 2 14
10800 334 9643.05 -1396.5 1 14
10800 335 -4750.24 9400.73 1 14
10800 336 2299.44 -1830.5 1 14
10800 337 89.5591 -7315.44 0 14
10800 338 1233.69 -4241.32 1 14
10800 339 327.284 282.951 5 2
10800 340 5716.67 -5149.34 0 14
10800 341 5326.36 -812.226 0 14
10800 342 -4273.9 7688.82 5 2
10800 343 8675.59 5293.34 5 6
10800 344 -3829.74 7514.49 5 14
10800 345 -8027.18 -2570.33 0 14
10800 346 7743.81 8411.56 2 14
10800 347 2306.56 7468.9 1 14
10800 348 5430.89 2293.63 5 6
10800 349 5661.55 4792.71 0 14
10800 350 -4682.58 -5725.36 2 14
10800 351 4589.25 8234.66 5 2
10800 352 -893.472 8964.07 2 14
10800 353 -4396.9 6456.96 5 14
10800 354 -3977.76 2644.82 5 2
10800 355 6152.38 -2072.96 1 14
10800 356 1471.65 5772.74 1 14
10800 357 6353.78 -7366.65 0 14
10800 358 -9502.55 -4108.17 1 14
10800 359 -1933.1 3607.28 0 14
10800 360 8691.06 -3412.04 0 14
10800 361 8517.87 9882.04 5 2
10800 362 -8206.91 -942.289 5 12
10800 363 7614.45 1793.42 1 14
10800 364 -1140.93 -1420 0 14
10800 365 4270.9 5526.18 1 14
10800 366 -3802.64 -2365.36 5 2
10800 367 -2777.14 -464.718 0 14
10800 368 4011.73 -9735.32 1 14
10800 369 9237.66 -6023.57 5 12
10800 370 -114.672 9211.1 3 14
10800 371 7543.36 -2950.8 0 14
10800 372 4827.07 4030.46 1 14
10800 373 7481.28 7927.84 0 14
10800 374 -8052.04 -4977.83 4 14
10800 375 -734.599 -6061.93 2 14
10800 376 -4564.67 7807.92 5 2
10800 377 6858.65 -1138.86 1 14
10800 378 -652.142 -106.815 5 2
10800 379 2683.34 7793.34 0 14
10800 380 -4474.02 -4436.74 0 14
10800 381 -1508.18 9426.87 1 14
10800 382 9250.1 -708.251 4 14
10800 383 6827.2 9525.41 0 14
10800 384 4894.91 5773.75 0 14
10800 385 -8463.65 -7225.74 0 14
10800 386 -4143.05 -1262.92 2 14
10800 387 -1423.85 -2118.31 0 14
10800 388 8001.78 -6052.28 5 14
10800 389 6730.61 -4453.56 0 14
10800 390 7745.21 2437.69 0 14
10800 391 5314.33 -569.779 2 14
10800 392 -8709.71 -2180.14 1 14
10800 393 955.386 -5707.82 0 14
10800 394 -6886.89 -7848.18 1 14
10800 395 6852.51 -7841.63 1 14
10800 396 -9081.94 -2101.86 1 14
10800 397 9217.88 3703.76 1 14
10800 398 3763.53 -7129.6 5 10
10800 399 -7982.74 -8141.51 0 14
10800 400 535.675 5782.04 1 14
10800 401 -5670.27 6865.94 4 14
10800 402 -7150.4 -1136.26 2 14
10800 403 -9454.76 6810.99 1 14
10800 404 -3450.77 -194.574 0 14
10800 405 -500.047 -3521.47 1 14
10800 406 -8035.16 -3693.9 2 14
10800 407 -6023.31 8629.8 1 14
10800 408 90.5797 1774.97 1 14
10800 409 -7150.83 -1026 1 14
10800 410 9481.61 -8799.49 2 14
10800 411 5194.91 -6936.74 2 14
10800 412 -1699.11 6359.21 1 14
10800 413 -2401.54 2290.5 0 14
10800 414 -6894.91 -4744.06 3 14
10800 415 -1278.95 927.431 0 14
10800 416 8521.6 742.958 1 14
10800 417 1387.81 9284.94 2 14
10800 418 -2078.74 718.415 1 14
10800 419 -4617.94 7873.11 5 6
10800 420 -9258.95 6959.93 2 14
10800 421 -1378.72 -1306.03 1 14
10800 422 -6297.44 -6271.09 1 14
10800 423 1282.91 -9010.06 1 14
10800 424 5320.32 1788.66 5 12
10800 425 881.932 2865.92 1 14
10800 426 2309.43 6535 0 14
10800 427 7647.95 -9520.73 5 6
10800 428 9006.75 -7325.65 1 14
10800 429 7399.16 -106.866 5 10
10800 430 2455.87 -3014.17 0 14
10800 431 4719.98 -9163.1 2 14
10800 432 1565.08 -5496.85 1 14
10800 433 -9307.37 9124.98 5 8
10800 434 -7235.37 9643.55 2 14
10800 435 2922.96 -3111.25 0 14
10800 436 8120.24 -2199.14 0 14
10800 437 919.548 -7635.52 0 14
10800 438 -799.529 6102.64 1 14
10800 439 2106.37 -5846.37 1 14
10800 440 5947.15 3121.12 2 14
10800 441 9253.49 268.763 5 4
10800 442 6457.19 -3134.39 1 14
10800 443 -8230.07 5575.64 5 14
10800 444 -760.469 3935.09 0 14
10800 445 -4977.41 -5970.61 5 12
10800 446 -7828.45 -5852.47 3 14
10800 447 4150.4 7941.22 5 4
10800 448 5395 9065.31 0 14
10800 449 -5210.86 -4491 0 14
10800 450 5279.78 -5948.17 3 14
10800 451 -3205.8 -3948.14 1 14
10800 452 -6125.39 9821.07 1 14
10800 453 7113.35 4295.14 1 14
10800 454 -604.928 -300.61 5 14
10800 455 8791.13 -1299.11 3 14
10800 456 -7265.77 -3897.54 1 14
10800 457 4203.05 -5396.76 2 14
10800 458 -8520.91 9804.58 5 2
10800 459 -8467.3 -3629 4 14
10800 460 -7200.87 -1061.58 1 14
10800 461 -456.227 -424.896 1 14
10800 462 4215.77 -799.6 1 14
10800 463 1041.13 3053.59 0 14
10800 464 -8273.75 -7940.05 0 14
10800 465 9887.47 -759.571 1 14
10800 466 -1219.64 -2604.54 0 14
10800 467 -2097.32 4756.66 1 14
10800 468 -1098.12 2167.7 0 14
10800 469 -7377.97 6689.5 0 14
10800 470 4327.78 -9360.22 1 14
10800 471 -8774.65 -2382.88 1 14
10800 472 -1033.39 -9917.84 3 14
10800 473 2449.74 7746.16 1 14
10800 474 -3415.96 -6843.75 4 14
10800 475 -9836.62 -8395.76 1 14
10800 476 -8061.44 4826.13 5 8
10800 477 8825.25 -8877.14 5 12
10800 478 6045.71 141.526 1 14
10800 479 7983.67 1268.16 0 14
10800 480 -9738.88 1066.34 2 14
10800 481 -8473.55 5334.32 5 2
10800 482 765.557 -3110.8 0 14
10800 483 -507.809 -4666.13 2 14
10800 484 -5853.02 -4702.19 0 14
10800 485 215.068 3251.86 2 14
10800 486 -1500.14 32.1996 2 14
10800 487 6750.09 -8452.15 2 14
10800 488 -3921.33 546.156 3 14
10800 489 1926.34 -4266.59 0 14
10800 490 -3361.69 7677.51 4 14
10800 491 7060.27 4569.7 1 14
10800 492 1478.1 5839.43 2 14
10800 493 2015.81 -4724.16 0 14
10800 494 -458.488 5845.3 4 14
10800 495 9109.57 9582.68 5 12
10800 496 -5923.34 12.7619 1 14
10800 497 -5585.25 444.196 1 14
10800 498 -8186.01 4096.17 4 14
10800 499 3977.57 2448.98 5 10
10800 500 -8421.99 -5864.66 2 14
10800 501 7162.35 3491.88 0 14
10800 502 5122.34 771.236 2 14
10800 503 8416.91 5338 5 2
10800 504 2379.22 -4251.45 0 14
10800 505 395.565 -8005.72 1 14
10800 506 -5335.68 -2264.18 1 14
10800 507 -215.472 8859.35 1 14
10800 508 -3552.73 -2621.11 4 14
10800 509 2337.67 6705.59 2 14
10800 510 -3867.89 2846.06 1 14
10800 511 -703.907 -9250.9 1 14
10800 512 2355.96 -3926.64 0 14
10800 513 7419.68 -2523.28 0 14
10800 514 3564.82 -346.956 0 14
10800 515 7566.35 -2207.53 0 14
10800 516 3994.9 1857.41 3 14
10800 517 723.542 233.067 5 2
10800 518 9454.42 -7311.92 2 14
10800 519 3872.77 5711.71 0 14
10800 520 -8655.6 -1696.3 0 14
10800 521 -8638.63 4476.06 3 14
10800 522 -9961.33 9081.83 3 14
10800 523 506.34 -4508.5 5 12
10800 524 7458.41 5026.2 2 14
10800 525 7397.57 5404.21 2 14
10800 526 2300.46 -5273.43 0 14
10800 527 -4539.05 9542.9 0 14
10800 528 6717.95 6345.67 3 14
10800 529 -5463.19 -9287.51 2 14
10800 530 1219.24 -3045.27 0 14
10800 531 -4159.18 672.131 1 14
10800 532 5016.17 -70.5433 1 14
10800 533 2713.82 -9579.64 0 14
10800 534 7560.69 -5398.96 5 8
10800 535 -980.497 -9542.27 2 14
10800 536 -4475.69 9034.95 5 14
10800 537 6383.51 8598.67 1 14
10800 538 -5896.43 -5320.15 2 14
10800 539 1640.27 9319.73 1 14
10800 540 -7092.66 11.0771 1 14
10800 541 5114.45 -3763.63 2 14
10800 542 -2987.86 -5594.43 2 14
10800 543 7060.19 -9913.54 4 14
10800 544 -2383.54 -9524.06 1 14
10800 545 -9403.28 7395.59 0 14
10800 546 615.821 -9070.57 5 4
10800 547 -7789.94 -2126.57 0 14
10800 548 3161.69 -1625.26 2 14
10800 549 1351.35 -1700.58 1 14
10800 550 7812.97 -3018.84 0 14
10800 551 7136.54 -4272.38 0 14
10800 552 5208.06 4642.69 1 14
10800 553 -5398.28 3210.22 3 14
10800 554 822.282 9784.05 3 14
10800 555 1079.56 6688.94 0 14
10800 556 -6643.74 -8722.38 0 14
10800 557 3560.49 -9299.51 1 14
10800 558 8547.6 -5335.86 5 2
10800 559 7687.16 -747.135 2 14
10800 560 -9275.99 -9492.26 5 6
10800 561 -6113.06 8422 2 14
10800 562 -2549.4 -1561.39 0 14
10800 563 4776.31 1688.04 4 14
10800 564 5922.42 9843.97 1 14
10800 565 -5836.23 -1969.42 2 14
10800 566 5497.08 864.736 0 14
10800 567 7983.46 4349.79 5 6
10800 568 3053.37 -8444.17 1 14
10800 569 -3100.44 -3543.35 2 14
10800 570 2508.54 6520.81 1 14
10800 571 5801.94 7393.52 0 14
10800 572 -1884.73 1397.57 0 14
10800 573 -8637.59 -4206.35 3 14
10800 574 3944.1 -8044.95 5 14
10800 575 -583.789 -1611.73 0 14
10800 576 -2180.3 8175.14 0 14
10800 577 882.471 5849.89 5 12
10800 578 -3978.72 -5601.59 1 14
10800 579 1158.05 2928.76 0 14
10800 580 -4272.2 -1650.44 2 14
10800 581 2181.07 -9034.59 0 14
10800 582 -8017.23 9934.99 5 2
10800 583 1403.32 -9566.8 0 14
10800 584 -2458.77 9098.79 1 14
10800 585 7049.61 -2672.83 0 14
10800 586 2911.23 5251.17 1 14
10800 587 5622.55 -1861.79 4 14
10800 588 -1651.4 9502.35 0 14
10800 589 6195.55 2984.43 0 14
10800 590 7900.84 2387.46 0 14
10800 591 -2605.29 -4063.08 0 14
10800 592 9765.45 4694.04 2 14
10800 593 -2848.98 6520.12 1 14
10800 594 6878.94 446.276 0 14
10800 595 -7668.99 4288.14 2 14
10800 596 1647.52 -2187.69 0 14
10800 597 7028.86 -3411.68 1 14
10800 598 5212.8 4924.93 0 14
10800 599 2576.45 -1453.48 0 14
10800 600 4448.85 -9524.84 0 14
10800 601 -3876.56 -7109.94 5 10
10800 602 1259.14 254.485 4 14
10800 603 7289.91 617.765 1 14
10800 604 -5566.18 5920.23 0 14
10800 605 -7367.48 -9308.46 1 14
10800 606 3701.91 -6041.5 2 14
10800 607 3840.4 -6776.02 2 14
10800 608 3032.4 -5986.32 3 14
10800 609 -6089.69 4394.49 0 14
10800 610 3673.18 4213.6 2 14
10800 611 9730.63 -3059.61 1 14
10800 612 9817.46 9857.54 5 6
10800 613 -8964.05 -2772.15 0 14
10800 614 255.775 -723.396 3 14
10800 615 3776.07 1744.57 3 14
10800 616 5258.18 -5470.44 0 14
10800 617 4481.95 -6777.09 5 14
10800 618 -8698.12 -676.162 5 6
10800 619 -8645.33 1046.46 2 14
10800 620 -1900.7 -8573.91 0 14
10800 621 1271.74 -3740.46 1 14
10800 622 7966.35 5295.01 1 14
10800 623 -2090.75 2091.27 2 14
10800 624 -8815.6 7218.19 1 14
10800 625 6587.37 -5843.75 1 14
10800 626 2038.45 -3470.79 2 14
10800 627 7115.64 4240.66 3 14
10800 628 -3411 -5031.03 0 14
10800 629 -8733.17 -3818.47 4 14
10800 630 -6471.5 6324.13 1 14
10800 631 7223.12 -274.819 0 14
10800 632 9985.74 6058.51 2 14
10800 633 4583.31 -1113.91 5 14
10800 634 8317.81 -4216.15 5 12
10800 635 3703.39 -4969.34 0 14
10800 636 867.817 -3404.11 3 14
10800 637 3457.54 -9393.97 0 14
10800 638 3274.12 9591.21 0 14
10800 639 -4040.57 7660.96 5 2
10800 640 27.4003 732.76 4 14
10800 641 8203.58 7249.51 0 14
10800 642 1279.72 -536.684 1 14
10800 643 -3285.2 630.561 0 14
10800 644 -4226.65 9110.85 3 14
10800 645 5641.04 9890.23 0 14
10800 646 2295.49 -6758.14 2 14
10800 647 -1750.92 9980.06 2 14
10800 648 -3618.29 -1950.98 5 8
10800 649 2988.1 -9812.43 0 14
10800 650 538.259 -1389.18 3 14
10800 651 -4307.38 -7120.53 5 2
10800 652 -9578.36 -1309.93 0 14
10800 653 9876.01 1046.82 1 14
10800 654 -4539.01 -3619.4 4 14
10800 655 212.808 -5528.83 5 10
10800 656 -4093.55 -9762.84 0 14
10800 657 -3913.1 -3632.81 1 14
10800 658 9011.39 2503.51 1 14
10800 659 4927.32 8092.05 3 14
10800 660 9621.22 -6803.37 3 14
10800 661 4792.42 -9346.42 0 14
10800 662 2905.09 -2430.89 2 14
10800 663 9057.74 -7853.69 0 14
10800 664 -2594.09 8232.79 2 14
10800 665 4626.82 1596.09 1 14
10800 666 163.202 2793.96 0 14
10800 667 -2355.62 -5056.13 0 14
10800 668 9547.75 -6970.09 1 14
10800 669 -7827.87 -911.417 3 14
10800 670 -2162.45 6496.04 1 14
10800 671 -4558.26 6271.39 2 14
10800 672 -7865.86 9661.62 5 6
10800 673 -9224.57 -3000.89 0 14
10800 674 6198.98 -178.341 0 14
10800 675 -2196.04 -2019.76 0 14
10800 676 8642.06 5396.18 5 2
10800 677 -8340.28 4201.44 5 10
10800 678 5024.23 5034.85 0 14
10800 679 5253.9 -5807.18 1 14
10800 680 -1686.2 7262.16 0 14
10800 681 -5720.97 2889.31 2 14
10800 682 -6288.8 -9467.02 0 14
10800 683 6513.25 9412.19 2 14
10800 684 3216.66 -1174.68 1 14
10800 685 -2925.24 653.118 1 14
10800 686 1472.6 2878.66 0 14
10800 687 -1890.03 -2634.03 0 14
10800 688 9624.33 6250.45 1 14
10800 689 3315.74 -5576.94 3 14
10800 690 6125.33 -5561.25 0 14
10800 691 -1727.88 -1463.01 0 14
10800 692 -1408.91 4066.46 1 14
10800 693 -5303.66 6323.66 0 14
10800 694 -9596.26 -1922.94 2 14
10800 695 -4621.7 -896.623 1 14
10800 696 -1952 5375.86 1 14
10800 697 -8403.41 9803.75 5 2
10800 698 -3627.71 523.369 1 14
10800 699 -8828.95 4556.33 5 2
10800 700 -6113.89 4861 1 14
10800 701 -4350.39 9983 0 14
10800 702 3858.21 2518.28 5 14
10800 703 -3993.35 -4512.2 0 14
10800 704 -5991.37 -4440.78 0 14
10800 705 5192.21 3271.95 2 14
10800 706 -318.473 6655.77 1 14
10800 707 5607.77 -6220.21 1 14
10800 708 -2239.07 -5565.77 0 14
10800 709 -769.487 3269.48 1 14
10800 710 4831.13 -8956.13 2 14
10800 711 -1524.09 9590.51 0 14
10800 712 8264.48 5226.57 5 2
10800 713 4729.65 7318.23 5 2
10800 714 1045.56 6184.23 0 14
10800 715 4530.72 -5914.34 1 14
10800 716 -47.7859 -6019.05 1 14
10800 717 2249.02 4102.54 1 14
10800 718 6473.19 9717.02 1 14
10800 719 -8780.15 -9547.91 5 2
10800 720 4761.16 4649.1 0 14
10800 721 -3308.17 1942.07 2 14
10800 722 719.356 1154.53 1 14
10800 723 -7232.28 9998.71 2 14
10800 724 749.852 -2688.4 0 14
10800 725 -1048.74 -6159.6 1 14
10800 726 3267.1 7651.47 2 14
10800 727 -4293.17 8292 4 14
10800 728 1271.49 -4488.55 3 14
10800 729 -9191.84 -7400.22 1 14
10800 730 4478.42 8200.9 4 14
10800 731 -7319.09 -7248.74 0 14
10800 732 8540.27 -2025.49 0 14
10800 733 -4140.65 -5752.38 2 14
10800 734 -2045.03 9094.05 2 14
10800 735 -7191.33 -7183.41 1 14
10800 736 -6335.71 -5904.5 1 14
10800 737 7264.84 7469.21 1 14
10800 738 2598.61 7974.88 0 14
10800 739 4930.98 -7222 5 2
10800 740 8513.39 -9799.92 5 2
10800 741 -7293.73 -8318.77 1 14
10800 742 -9519.38 -1485.17 2 14
10800 743 -2237.55 1571.67 1 14
10800 744 -7932.53 2529.41 1 14
10800 745 6021.62 7857.7 1 14
10800 746 -1506.02 9082.41 1 14
10800 747 -5104.14 -4056.06 3 14
10800 748 1844.36 4276.18 1 14
10800 749 366.675 -3103.39 2 14
10800 750 -2467.12 1668.8 0 14
10800 751 -8.93484 3924.15 3 14
10800 752 593.813 -6531.91 0 14
10800 753 -8323.21 7259.17 1 14
10800 754 -3741.63 -6717.61 2 14
10800 755 2140.46 -7625.65 0 14
10800 756 4168.44 6393.43 1 14
10800 757 1682.56 -495.516 1 14
10800 758 -5008.06 -5261.22 2 14
10800 759 2444.69 -8444.69 1 14
10800 760 -2355.69 5385.86 1 14
10800 761 -9195.44 3252.5 2 14
10800 762 -2219.58 -9103.15 2 14
10800 763 -374.357 166.844 5 2
10800 764 6999.54 3263.23 0 14
10800 765 9002.38 5325.31 5 2
10800 766 -4469.16 303.426 0 14
10800 767 -1522.86 -3195.84 0 14
10800 768 5451.99 7865.58 3 14
10800 769 1967.53 8176.78 0 14
10800 770 4969.86 6638.56 1 14
10800 771 -2406.75 939.351 1 14
10800 772 -7882.49 -6671.12 3 14
10800 773 -6525.04 1761.55 1 14
10800 774 -1721.99 7801.14 0 14
10800 775 -754.13 426.514 5 14
10800 776 1063.84 3736 1 14
10800 777 5072.98 -6622.1 0 14
10800 778 -6493.61 3073.21 0 14
10800 779 -2528.27 -2087.02 2 14
10800 780 -3387.24 -9904.77 1 14
10800 781 3560.66 4592.33 0 14
10800 782 7814.06 6094.17 3 14
10800 783 2407.19 2399.69 2 14
10800 784 -3099.82 1118.58 1 14
10800 785 4498.37 -2016.48 5 6
10800 786 -4643.03 -3177.07 5 6
10800 787 3052.89 -7360.36 1 14
10800 788 8717.72 -3031.3 1 14
10800 789 188.929 7369.66 0 14
10800 790 -1658.62 5749.48 1 14
10800 791 -3074.86 2161.47 1 14
10800 792 -7344.25 4514.61 0 14
10800 793 -3491.38 6704.24 5 14
10800 794 3044.6 -1082.52 0 14
10800 795 -7713.04 -4632.77 5 12
10800 796 8435.81 -1965.3 2 14
10800 797 -8893.71 2901.06 1 14
10800 798 4043.84 -2564.28 5 2
10800 799 3168.6 -8400.09 2 14
10800 800 7304.97 -6377.54 2 14
10800 801 -1519.14 9599.92 0 14
10800 802 -1395.12 -6199.84 0 14
10800 803 442.388 -4978.51 5 4
10800 804 2432.74 -3831.19 1 14
10800 805 -5180.9 -9222.73 2 14
10800 806 -2021.5 4171.02 0 14
10800 807 6155.75 2418.14 1 14
10800 808 7473.38 8922.43 5 12
10800 809 -7858.24 3245.25 1 14
10800 810 1088.9 -2804.82 0 14
10800 811 -6284.88 -3716.36 0 14
10800 812 9453.34 -5471.99 4 14
10800 813 -1604.08 -6177.62 1 14
10800 814 -2527.13 -280.623 0 14
10800 815 1949.36 8434.49 1 14
10800 816 9686.46 -5695.29 2 14
10800 817 3472.37 -9425.89 2 14
10800 818 5232.91 -8158.59 3 14
10800 819 2693.13 2733.63 1 14
10800 820 -8306.13 482.96 5 4
10800 821 -4297.62 -637.383 1 14
10800 822 -840.732 -3736.47 0 14
10800 823 -3597.19 -9465.56 0 14
10800 824 -5257.93 3485.63 5 14
10800 825 5496.66 -8101.35 3 14
10800 826 -5654.75 -8514.33 3 14
10800 827 7228.66 -9937.18 3 14
10800 828 2660.79 5217.27 0 14
10800 829 9776.45 -3557.97 1 14
10800 830 8549.12 3730.04 2 14
10800 831 -5997.35 833.022 1 14
10800 832 -3913.96 -9881.03 0 14
10800 833 9592.44 3671.62 5 14
10800 834 5144.44 -7186.35 5 12
10800 835 -3084.32 -1376.38 1 14
10800 836 -5440.95 -4484.96 1 14
10800 837 -7439.69 6154.31 3 14
10800 838 -9417.91 -9521.93 5 2
10800 839 -5434.9 4712.36 2 14
10800 840 5311.49 -6529.39 1 14
10800 841 -9730.39 -9849.85 5 14
10800 842 3578.98 7984.11 4 14
10800 843 -7993.69 -3362.53 0 14
10800 844 9063.56 2477.54 1 14
10800 845 -9945.85 -7423.97 1 14
10800 846 3305.69 -9310.34 1 14
10800 847 -2204.45 -7990.82 0 14
10800 848 -484.692 -8023.65 0 14
10800 849 5249.77 8951.58 0 14
10800 850 1364.8 -1227.88 1 14
10800 851 552.932 -9843.71 5 8
10800 852 4373.87 5134.35 0 14
10800 853 -2046.62 8256.12 1 14
10800 854 2903.09 3318.54 1 14
10800 855 -4310.87 1539.12 2 14
10800 856 6986.52 7099.32 1 14
10800 857 936.788 5455.58 2 14
10800 858 5680.4 -6107.99 1 14
10800 859 2806.28 6560.41 0 14
10800 860 -1168.14 -310.506 5 10
10800 861 39.6185 9611.14 5 2
10800 862 -5535.39 1016.99 0 14
10800 863 7218.2 -3599.31 1 14
10800 864 9028.79 620.996 2 14
10800 865 -2242.3 4040.96 1 14
10800 866 -4388.83 -9314.6 2 14
10800 867 1846.69 9573.56 0 14
10800 868 6928.94 -7649.88 1 14
10800 869 -4011.62 5347.87 0 14
10800 870 977.008 -2501.81 0 14
10800 871 -1893.04 3576.43 0 14
10800 872 -1299.96 -1227.8 1 14
10800 873 -1308.34 -4565.04 2 14
10800 874 2341.32 7264.39 2 14
10800 875 4485.92 3307.38 4 14
10800 876 693.791 -1387.9 1 14
10800 877 -8709.7 -6553.34 1 14
10800 878 -2094.39 45.4745 1 14
10800 879 5361.27 -6178.36 0 14
10800 880 7789.91 1018.04 2 14
10800 881 5963.59 -7207.5 1 14
10800 882 9784.47 -129.243 1 14
10800 883 625.412 -2043.3 1 14
10800 884 -2132.86 -6182.01 0 14
10800 885 142.73 -5852.3 5 12
10800 886 7397.77 -9787.22 3 14
10800 887 -2473.81 -768.073 0 14
10800 888 4998.71 -7056.6 4 14
10800 889 5068.9 -8915.91 1 14
10800 890 -7287.52 6379.58 1 14
10800 891 -2011.08 4047.37 1 14
10800 892 3115.09 8773.37 1 14
10800 893 8826.24 -3456.31 1 14
10800 894 3043.96 -4182.68 0 14
10800 895 9865.71 6307.97 1 14
10800 896 -6951.36 -9928.66 2 14
10800 897 -5083.85 6099.97 2 14
10800 898 -1372.82 855.564 0 14
10800 899 9375.77 1293.18 1 14
10800 900 -2937.45 8969.54 2 14
10800 901 9110.61 -9038.52 3 14
10800 902 509.064 -7522.46 1 14
10800 903 7772.58 3710.35 0 14
10800 904 8926.91 4350.6 5 10
10800 905 -3329.78 3939 2 14
10800 906 -432.122 2973.18 0 14
10800 907 6009.62 -3187.27 0 14
10800 908 -1771.49 -2409.6 1 14
10800 909 5227.07 -6823.44 1 14
10800 910 -7958.29 -4734.77 5 14
10800 911 5245.25 -4669.65 0 14
10800 912 9226.78 -6155.59 1 14
10800 913 5936.21 729.139 1 14
10800 914 6102.02 -7532.84 1 14
10800 915 7265.87 1050.8 1 14
10800 916 -9552.74 4001.23 1 14
10800 917 -6443.25 -1849.98 1 14
10800 918 5003.9 -5980.74 0 14
10800 919 7785.2 1213.57 2 14
10800 920 1038.6 -9130.71 1 14
10800 921 -3798.65 -4594.89 2 14
10800 922 -4074.46 -919.862 1 14
10800 923 2695.11 1307.04 1 14
10800 924 -3835.51 8466.67 5 12
10800 925 9848.99 -8439.05 1 14
10800 926 -6365.2 6971.36 0 14
10800 927 9672.37 3727.39 2 14
10800 928 9307.59 -7851.18 1 14
10800 929 9575.27 5040.69 3 14
10800 930 -7588.92 7276.98 0 14
10800 931 7735.01 -5466.17 2 14
10800 932 1081.74 6332.65 2 14
10800 933 -6169.52 2880.07 1 14
10800 934 -8362.48 -4671.4 5 10
10800 935 -2017.5 9075.67 0 14
10800 936 -998.927 2273.75 1 14
10800 937 5223.52 5364.79 0 14
10800 938 5401.9 2665.68 1 14
10800 939 924.236 4763.47 5 10
10800 940 -6522.64 75.194 0 14
10800 941 5924.65 6987.48 2 14
10800 942 2255.76 -2621.85 0 14
10800 943 -4135.13 5774.45 3 14
10800 944 -3139.73 9472.96 0 14
10800 945 3428.21 7118.15 3 14
10800 946 -4293.09 -6916.17 5 2
10800 947 2934.57 3757.86 3 14
10800 948 9144.23 -8047.83 1 14
10800 949 -9840.34 5408.15 5 14
10800 950 8975.51 799.628 2 14
10800 951 6977.96 6375.95 0 14
10800 952 4309.85 7353.19 5 2
10800 953 9155.87 -7771.56 0 14
10800 954 -1938.95 -9662.94 2 14
10800 955 3553.08 -3269.63 5 14
10800 956 5119.1 -8218.22 1 14
10800 957 7336.96 6716.62 0 14
10800 958 2471.39 -6574.07 1 14
10800 959 1410.15 -5463.22 1 14
10800 960 3056.95 5754.89 1 14
10800 961 1171.47 -5225.85 3 14
10800 962 -2343.98 6505.6 1 14
10800 963 3895.67 9699.79 1 14
10800 964 5612.85 3676.53 2 14
10800 965 -2475.11 -7256.77 0 14
10800 966 -184.581 5107.88 5 2
10800 967 9528.27 -6782.69 1 14
10800 968 8073.32 -4937.73 0 14
10800 969 -9671.79 -9458.07 5 6
10800 970 -93.5957 -1552.3 1 14
10800 971 5234.41 -1525.22 0 14
10800 972 -6791.22 -1406.6 1 14
10800 973 1726.79 -881.06 0 14
10800 974 1584.04 -2667.1 1 14
10800 975 1038.49 9643.93 2 14
10800 976 7070.26 4452.65 2 14
10800 977 -2102.52 -6946.14 0 14
10800 978 704.667 -1737.4 1 14
10800 979 -7616.49 2169.39 0 14
10800 980 1212.48 9069.78 0 14
10800 981 2980.31 8494.01 0 14
10800 982 -3699.79 -4318.14 0 14
10800 983 -1947.17 -9144.93 0 14
10800 984 4080.95 -6571.79 3 14
10800 985 -8742.55 -8318.16 0 14
10800 986 -4812.7 5670.31 3 14
10800 987 2864.79 1635 2 14
10800 988 -3662.18 4087.73 0 14
10800 989 9154.31 3426.92 2 14
10800 990 -4945.73 890.957 0 14
10800 991 681.612 -4903.7 5 10
10800 992 7365.84 -2125.8 0 14
10800 993 8860.76 -271.873 5 2
10800 994 818.946 4230.03 2 14
10800 995 5515.69 -4954.6 0 14
10800 996 -7169.11 -2915.2 0 14
10800 997 -6113.07 -7665.64 0 14
10800 998 1614.41 -2284.91 0 14
10800 999 6063.29 -4988.05 0 14
10800 1000 6710.56 4237.39 3 14
10800 1001 -338.417 5764.44 2 14
10800 1002 -1738.42 -5862.64 1 14
10800 1003 1177.73 5780.69 5 10
10800 1004 -7519.55 -7278.53 1 14
10800 1005 -9378.43 -1072.04 5 14
10800 1006 -6483.97 7887.22 1 14
10800 1007 -7285.38 -293.611 3 14
10800 1008 -5791.11 9175 1 14
10800 1009 -2366.44 6617.17 0 14
10800 1010 -2336.42 -7673.43 0 14
10800 1011 6651.16 -8172.91 2 14
10800 1012 -6470.82 1704.13 0 14
10800 1013 -4608.7 6923.16 5 2
10800 1014 -747.642 -8398.31 0 14
10800 1015 -6343.29 9351.47 0 14
10800 1016 8319.86 3068.47 1 14
10800 1017 7419.95 -6616.28 0 14
10800 1018 2741.34 6213.16 1 14
10800 1019 -9550.88 -7414.48 1 14
10800 1020 -118.017 -2110.33 1 14
10800 1021 3581.46 -590.112 1 14
10800 1022 6108.79 -6193.42 0 14
10800 1023 -5482.89 703.324 0 14
10800 1024 926.946 6642.13 0 14
10800 1025 -5841.57 -4624.22 0 14
10800 1026 -3100.91 7934.4 1 14
10800 1027 8364.06 1142.71 3 14
10800 1028 5572.47 -2338.97 1 14
10800 1029 2884.95 -9850.69 0 14
10800 1030 7426.94 -8553.16 4 14
10800 1031 -9251.76 -9005.08 4 14
10800 1032 900.585 107.534 5 12
10800 1033 -8984.63 8474.91 2 14
10800 1034 -3784.64 4907.96 0 14
10800 1035 -8266.83 3747.2 1 14
10800 1036 -6088.49 6498.04 0 14
12000 37 5776.01 -3723.43 0 14
12000 38 -6929.44 -4978.88 0 14
12000 39 -7046.08 -6934.2 1 14
12000 40 6356.41 -2459.33 0 14
12000 41 5311.03 -7317.56 3 14
12000 42 -5830 9360.31 1 14
12000 43 -7163.82 5932.44 0 14
12000 44 6917.07 1162.03 0 14
12000 45 1970.24 -5092.32 0 14
12000 46 -652.807 -4667.99 5 8
12000 47 -1368.42 -1698.61 0 14
12000 48 4657.25 -7452.53 5 2
12000 49 3083.42 2843.65 1 14
12000 50 5000.59 -6743 2 14
12000 51 2490.71 -2117 2 14
12000 52 -2304.27 -2794.26 1 14
12000 53 -4254.74 -9136.61 2 14
12000 54 -8547.34 -5159.25 5 2
12000 55 1423.85 9552.13 2 14
12000 56 -5715.2 -1759 0 14
12000 57 -4359.61 -7592.59 5 2
12000 58 3942.81 5097.39 0 14
12000 59 9856.63 -6273.47 2 14
12000 60 -7934.88 -5422.22 3 14
12000 61 1493.58 -3459.75 1 14
12000 62 4423.34 -8204.35 1 14
12000 63 -8614.6 404.098 5 14
12000 64 3357.04 2753.71 5 8
12000 65 1576.5 589.58 1 14
12000 66 3935.4 4759.45 0 14
12000 67 -4274.89 -8191.27 3 14
12000 68 268.593 6898.82 0 14
12000 69 2159.15 -4129.83 0 14
12000 70 -1576.72 9691.01 0 14
12000 71 -2670.49 -4782.95 0 14
12000 72 1478.89 6818.95 0 14
12000 73 221.707 -3783.92 2 14
12000 74 -3442.79 2843.55 1 14
12000 75 -5106.95 6273.79 3 14
12000 76 -8560.12 -4621.3 5 2
12000 77 90.5277 9024.06 5 4
12000 78 8249.13 272.889 5 2
12000 79 8415.03 7391.53 2 14
12000 80 -2566.63 3779.84 1 14
12000 81 -3360.92 619.238 1 14
12000 82 -9874.6 -5636.14 1 14
12000 83 1473.31 -6980.73 1 14
12000 84 6412.91 6626.17 1 14
12000 85 -8121.37 6372.21 5 14
12000 86 -3272.22 1628.08 2 14
12000 87 -1806.55 4727.91 3 14
12000 88 -2758.28 -1748.47 1 14
12000 89 6548.16 6508.44 1 14
12000 90 4498.81 -7135.85 5 2
12000 91 8384.09 -2978.31 0 14
12000 92 608.596 -5351.09 5 4
12000 93 -975.063 6214.93 1 14
12000 94 -5177.73 2123.11 2 14
12000 95 -2535.9 -3648.31 0 14
12000 96 9369.65 3348.67 0 14
12000 97 9015.99 4511.64 5 14
12000 98 -3233.7 6591.66 4 14
12000 99 5804.48 -2131.28 3 14
12000 100 -8891.35 -6976.28 2 14
12000 101 -7688.6 -6703.19 1 14
12000 102 -2226.03 468.449 1 14
12000 103 712.66 -7757.68 2 14
12000 104 630.228 1668.2 2 14
12000 105 -5322.39 7430 3 14
12000 106 -6202.5 7274.89 1 14
12000 107 5594.74 2853.45 5 8
12000 108 -164.963 -1006.77 3 14
12000 109 8127.34 4040.02 2 14
12000 110 937.534 666.934 1 14
12000 111 -7242.88 5640.92 0 14
12000 112 5383.96 -6426.54 0 14
12000 113 -8642.24 4963.41 5 2
12000 114 -6145.79 9541.79 0 14
12000 115 -6432 6123.18 1 14
12000 116 9736.01 5728.42 0 14
12000 117 -5477.71 -3201.03 5 12
12000 118 -3709.37 2132.2 5 12
12000 119 -9798.74 1245.25 1 14
12000 120 -1629.89 3033.87 1 14
12000 121 -6227.16 9819.53 1 14
12000 122 -6221.34 -6953 0 14
12000 123 1586.98 -5484.02 0 14
12000 124 -7838.01 7702.9 0 14
12000 125 -9891.76 1695.74 1 14
12000 126 -3129.32 4893.48 0 14
12000 127 629.084 -577.515 2 14
12000 128 -5099.99 -4951.87 0 14
12000 129 -9166.4 -8394.07 4 14
12000 130 9114.12 -7109.69 1 14
12000 131 -7423.08 -2791.51 1 14
12000 132 2616.55 -3345.54 0 14
12000 133 679.83 6687.48 1 14
12000 134 1707.64 -3456.64 0 14
12000 135 1473.9 6125.85 2 14
12000 136 -5112.69 7894 5 4
12000 137 -9878.94 -7455.93 0 14
12000 138 -3130.39 -4045.25 0 14
12000 139 2492.38 2413.38 2 14
12000 140 6187.27 8922.17 2 14
12000 141 4560.64 4578.19 1 14
12000 142 -141.208 8738.14 5 10
12000 143 -2512.85 -3385.89 2 14
12000 144 -8542.67 2677.88 0 14
12000 145 -220.597 124.839 5 2
12000 146 8523.25 -1991.77 1 14
12000 147 7951.59 8970.69 5 12
12000 148 743.668 8431.15 1 14
12000 149 1337.55 9637.62 0 14
12000 150 -7621.95 5846.53 1 14
12000 151 -391.693 264.498 5 8
12000 152 -7811.88 7728.28 1 14
12000 153 4493.07 -5810.04 2 14
12000 154 -5441.17 2621.85 2 14
12000 155 7286.87 5034.11 2 14
12000 156 -4025.64 1532.49 5 8
12000 157 -8157.98 -8067.44 1 14
12000 158 2520.89 -7609.18 3 14
12000 159 -9040.74 -9279.93 5 2
12000 160 9495.15 -4088.78 2 14
12000 161 -7325.26 -2408.55 0 14
12000 162 -8324.24 5669.9 5 8
12000 163 6766.34 1857.43 1 14
12000 164 -1332.16 6879.31 0 14
12000 165 4500.37 9368.42 1 14
12000 166 -8973.44 9215.94 5 4
12000 167 9462.13 4055.34 2 14
12000 168 -5345.52 -1451.61 0 14
12000 169 -4536.55 -7398.25 5 2
12000 170 -2681.16 -8680.54 0 14
12000 171 -7596.94 -1049.21 2 14
12000 172 -8978.54 -1269.9 2 14
12000 173 7724.63 -8392.5 0 14
12000 174 -5254.37 -6003.95 0 14
12000 175 3212.36 -8674.55 1 14
12000 176 -9504.18 3522.8 1 14
12000 177 1604.9 5801.5 1 14
12000 178 3860.81 -8444.6 3 14
12000 179 -7193.85 -9268.68 2 14
12000 180 -3139.05 8089.6 2 14
12000 181 6336.75 -4714.23 0 14
12000 182 8316.66 5105.97 5 2
12000 183 6785 -7389.51 0 14
12000 184 9396.57 -5648.92 4 14
12000 185 -7082.5 5437.48 1 14
12000 186 4636.22 7250.3 5 2
12000 187 5372.68 -6401.72 1 14
12000 188 -2153.68 -8559.11 0 14
12000 189 5049.07 3267.16 2 14
12000 190 -7015.06 4388.7 2 14
12000 191 9607.62 -3572.32 0 14
12000 192 -8391.95 8636.12 4 14
12000 193 3971.08 -3545.83 5 2
12000 194 -3648.44 -9465.4 2 14
12000 195 5255.76 -8547 0 14
12000 196 4526.43 1736.86 5 4
12000 197 9613.5 -10.6149 1 14
12000 198 4653.56 -5374.19 1 14
12000 199 3033.7 6573.43 1 14
12000 200 -7730.63 -1244.2 2 14
12000 201 -5183.45 5294.2 0 14
12000 202 -7284.32 -4023.87 2 14
12000 203 -2597.62 -5352.4 0 14
12000 204 -9567.34 377.916 5 8
12000 205 6529.42 -4171.72 2 14
12000 206 -3048.36 -9278.28 1 14
12000 207 9495.53 -3783.9 2 14
12000 208 -1371.85 7520.64 0 14
12000 209 6580.8 9052.89 1 14
12000 210 -2259.89 -7156.19 1 14
12000 211 -7097.17 9609.69 3 14
12000 212 7357 -1136.32 1 14
12000 213 6003.11 2688.74 3 14
12000 214 -4023.03 -5095.98 1 14
12000 215 -749.396 5933.76 1 14
12000 216 -3032.77 -9493.31 0 14
12000 217 4812.66 -2380.45 5 14
12000 218 -4235.63 -8863.31 2 14
12000 219 7402.13 -3434.13 0 14
12000 220 2929.61 2261.97 2 14
12000 221 -8313.31 551.917 5 2
12000 222 1425.33 -5877.29 0 14
12000 223 1929.3 -5994.57 0 14
12000 224 1669.04 2208.12 1 14
12000 225 -2985.18 4295.69 2 14
12000 226 4534.59 9671.09 2 14
12000 227 -1635.22 -1788.72 1 14
12000 228 -8936.31 7419.55 1 14
12000 229 -8578.94 4113.49 3 14
12000 230 -3188.6 -4482.63 1 14
12000 231 -5183.99 -3706.59 3 14
12000 232 -8076 1651.19 0 14
12000 233 -1015.9 9917.97 4 14
12000 234 -9384.34 3103.6 0 14
12000 235 3326.89 3678.99 0 14
12000 236 3811.11 -7153.8 5 4
12000 237 2276.18 5534.53 1 14
12000 238 4003.47 8762.59 4 14
12000 239 7510.47 -6141.55 0 14
12000 240 1481.83 -4945.26 2 14
12000 241 -183.251 5738.75 5 2
12000 242 7758.8 4115.76 3 14
12000 243 9840.16 -3761.96 2 14
12000 244 9673.31 -701.293 3 14
12000 245 3965.99 965.082 0 14
12000 246 5972.21 6556.25 0 14
12000 247 2369.96 3330.86 0 14
12000 248 -9834.48 760.389 2 14
12000 249 -6370.49 4663.41 0 14
12000 250 1938.25 4678.8 0 14
12000 251 1715.29 -6377 0 14
12000 252 1292.23 355.139 5 10
12000 253 -7729.81 -2958.45 1 14
12000 254 1744.41 3311.63 1 14
12000 255 -1628.98 5482.6 1 14
12000 256 -564.069 1692.57 1 14
12000 257 -1937.15 104.681 3 14
12000 258 6460.02 8813.79 0 14
12000 259 -4827.84 7504.56 3 14
12000 260 -171.492 -2868.39 2 14
12000 261 5229.98 6713.81 5 2
12000 262 -199.871 -502.766 5 4
12000 263 3614.5 -6667.27 0 14
12000 264 -7280.17 5387 2 14
12000 265 -5363.09 -6840.89 1 14
12000 266 -3240.25 8760.2 2 14
12000 267 4389.68 7041.86 5 6
12000 268 -9803.59 -8425.96 0 14
12000 269 -823.137 -9062.4 0 14
12000 270 6700.26 8820.97 1 14
12000 271 8372.46 -2470.17 1 14
12000 272 3215.59 1089.35 0 14
12000 273 -5687.52 9574.84 1 14
12000 274 9082.39 -8680.79 2 14
12000 275 -6593.7 -9164.65 0 14
12000 276 -755.596 2496.71 0 14
12000 277 2616.84 -7773.38 2 14
12000 278 -8781.88 -2026.72 1 14
12000 279 -1105.03 6804.67 0 14
12000 280 -6374.64 7179.55 0 14
12000 281 8997.93 -9311.58 5 2
12000 282 -4404.35 566.947 1 14
12000 283 -5332.41 710.133 0 14
12000 284 -4938.89 -4789.2 1 14
12000 285 -9146.13 8480.57 2 14
12000 286 7013.94 2417.95 1 14
12000 287 1847.04 -4823.84 1 14
12000 288 -5199.63 -1978.56 3 14
12000 289 6392.62 -9248.51 2 14
12000 290 -6580.01 7895.57 1 14
12000 291 6598.74 -8267.39 1 14
12000 292 4748.72 5757.53 4 14
12000 293 1437.48 9450.49 1 14
12000 294 -9827.98 -9365.42 5 6
12000 295 -57.2011 8137.98 0 14
12000 296 -9123.49 -1606.82 0 14
12000 297 4330.75 -3244.26 5 4
12000 298 9718.97 1144.83 1 14
12000 299 4993.17 5494.27 1 14
12000 300 3872.99 8635.55 1 14
12000 301 7651.87 9793.58 5 2
12000 302 6497.94 -5513.57 1 14
12000 303 -4642.96 -1939.2 5 8
12000 304 5228.08 -7972.29 4 14
12000 305 7828.36 4590.34 3 14
12000 306 9952.84 1876.51 1 14
12000 307 7717.12 -1053.11 2 14
12000 308 1556.55 349.238 2 14
12000 309 -603.178 6167.08 0 14
12000 310 -6802.95 -8692.99 1 14
12000 311 2686.64 -6523 1 14
12000 312 9521.94 -385.484 5 14
12000 313 5627.5 -1045.91 1 14
12000 314 -2933.61 -6245.38 2 14
12000 315 -8631.05 -3016.65 0 14
12000 316 -7874.67 -1123.68 1 14
12000 317 -8381.75 3698.88 2 14
12000 318 3386.58 2991.66 4 14
12000 319 -7873.87 -5335.08 2 14
12000 320 3147.84 2632.88 2 14
12000 321 -140.099 1350.51 0 14
12000 322 -3775.01 -733.247 0 14
12000 323 3781.52 -1323.66 2 14
12000 324 7664.24 5234.81 1 14
12000 325 -9164.35 -4495.07 5 14
12000 326 271.01 995.434 3 14
12000 327 2284.53 2667.69 1 14
12000 328 -5781.92 7423.59 1 14
12000 329 -590.597 -7705.69 0 14
12000 330 -5491.04 -2852.09 5 10
12000 331 -7375.25 8473.68 0 14
12000 332 -3247.96 8117.58 1 14
12000 333 8599.4 1384.32 2 14
12000 334 9643.05 -1396.5 2 14
12000 335 -4750.24 9400.73 1 14
12000 336 2299.44 -1830.5 1 14
12000 337 89.5591 -7315.44 1 14
12000 338 1233.69 -4241.32 1 14
12000 339 327.284 282.951 5 2
12000 340 5716.67 -5149.34 0 14
12000 341 5326.36 -812.226 1 14
12000 342 -4273.9 7688.82 5 2
12000 343 8675.59 5293.34 5 2
12000 344 -3829.74 7514.49 5 8
12000 345 -8027.18 -2570.33 0 14
12000 346 7743.81 8411.56 2 14
12000 347 2306.56 7468.9 2 14
12000 348 5430.89 2293.63 5 10
12000 349 5661.55 4792.71 0 14
12000 350 -4682.58 -5725.36 2 14
12000 351 4589.25 8234.66 5 8
12000 352 -893.472 8964.07 2 14
12000 353 -4396.9 6456.96 5 12
12000 354 -3977.76 2644.82 5 2
12000 355 6152.38 -2072.96 1 14
12000 356 1471.65 5772.74 1 14
12000 357 6353.78 -7366.65 1 14
12000 358 -9502.55 -4108.17 1 14
12000 359 -1933.1 3607.28 1 14
12000 360 8691.06 -3412.04 0 14
12000 361 8517.87 9882.04 5 2
12000 362 -8206.91 -942.289 4 14
12000 363 7614.45 1793.42 1 14
12000 364 -1140.93 -1420 1 14
12000 365 4270.9 5526.18 1 14
12000 366 -3802.64 -2365.36 5 2
12000 367 -2777.14 -464.718 0 14
12000 368 4011.73 -9735.32 2 14
12000 369 9237.66 -6023.57 5 8
12000 370 -114.672 9211.1 4 14
12000 371 7543.36 -2950.8 0 14
12000 372 4827.07 4030.46 1 14
12000 373 7481.28 7927.84 0 14
12000 374 -8052.04 -4977.83 5 12
12000 375 -734.599 -6061.93 2 14
12000 376 -4564.67 7807.92 5 2
12000 377 6858.65 -1138.86 1 14
12000 378 -652.142 -106.815 5 2
12000 379 2683.34 7793.34 0 14
12000 380 -4474.02 -4436.74 0 14
12000 381 -1508.18 9426.87 2 14
12000 382 9250.1 -708.251 5 12
12000 383 6827.2 9525.41 0 14
12000 384 4894.91 5773.75 0 14
12000 385 -8463.65 -7225.74 0 14
12000 386 -4143.05 -1262.92 3 14
12000 387 -1423.85 -2118.31 0 14
12000 388 8001.78 -6052.28 5 12
12000 389 6730.61 -4453.56 1 14
12000 390 7745.21 2437.69 1 14
12000 391 5314.33 -569.779 3 14
12000 392 -8709.71 -2180.14 0 14
12000 393 955.386 -5707.82 1 14
12000 394 -6886.89 -7848.18 1 14
12000 395 6852.51 -7841.63 0 14
12000 396 -9081.94 -2101.86 1 14
12000 397 9217.88 3703.76 1 14
12000 398 3763.53 -7129.6 5 2
12000 399 -7982.74 -8141.51 1 14
12000 400 535.675 5782.04 2 14
12000 401 -5670.27 6865.94 4 14
12000 402 -7150.4 -1136.26 2 14
12000 403 -9454.76 6810.99 0 14
12000 404 -3450.77 -194.574 0 14
12000 405 -500.047 -3521.47 1 14
12000 406 -8035.16 -3693.9 2 14
12000 407 -6023.31 8629.8 1 14
12000 408 90.5797 1774.97 0 14
12000 409 -7150.83 -1026 1 14
12000 410 9481.61 -8799.49 3 14
12000 411 5194.91 -6936.74 4 14
12000 412 -1699.11 6359.21 1 14
12000 413 -2401.54 2290.5 0 14
12000 414 -6894.91 -4744.06 3 14
12000 415 -1278.95 927.431 0 14
12000 416 8521.6 742.958 2 14
12000 417 1387.81 9284.94 2 14
12000 418 -2078.74 718.415 1 14
12000 419 -4617.94 7873.11 5 6
12000 420 -9258.95 6959.93 2 14
12000 421 -1378.72 -1306.03 1 14
12000 422 -6297.44 -6271.09 2 14
12000 423 1282.91 -9010.06 1 14
12000 424 5320.32 1788.66 5 10
12000 425 881.932 2865.92 1 14
12000 426 2309.43 6535 0 14
12000 427 7647.95 -9520.73 5 4
12000 428 9006.75 -7325.65 0 14
12000 429 7399.16 -106.866 5 8
12000 430 2455.87 -3014.17 0 14
12000 431 4719.98 -9163.1 2 14
12000 432 1565.08 -5496.85 1 14
12000 433 -9307.37 9124.98 5 4
12000 434 -7235.37 9643.55 2 14
12000 435 2922.96 -3111.25 1 14
12000 436 8120.24 -2199.14 0 14
12000 437 919.548 -7635.52 0 14
12000 438 -799.529 6102.64 1 14
12000 439 2106.37 -5846.37 1 14
12000 440 5947.15 3121.12 2 14
12000 441 9253.49 268.763 5 2
12000 442 6457.19 -3134.39 1 14
12000 443 -8230.07 5575.64 5 12
12000 444 -760.469 3935.09 0 14
12000 445 -4977.41 -5970.61 5 14
12000 446 -7828.45 -5852.47 4 14
12000 447 4150.4 7941.22 5 10
12000 448 5395 9065.31 0 14
12000 449 -5210.86 -4491 0 14
12000 450 5279.78 -5948.17 2 14
12000 451 -3205.8 -3948.14 1 14
12000 452 -6125.39 9821.07 1 14
12000 453 7113.35 4295.14 2 14
12000 454 -604.928 -300.61 5 14
12000 455 8791.13 -1299.11 4 14
12000 456 -7265.77 -3897.54 1 14
12000 457 4203.05 -5396.76 2 14
12000 458 -8520.91 9804.58 5 2
12000 459 -8467.3 -3629 4 14
12000 460 -7200.87 -1061.58 1 14
12000 461 -456.227 -424.896 1 14
12000 462 4215.77 -799.6 1 14
12000 463 1041.13 3053.59 0 14
12000 464 -8273.75 -7940.05 0 14
12000 465 9887.47 -759.571 1 14
12000 466 -1219.64 -2604.54 0 14
12000 467 -2097.32 4756.66 1 14
12000 468 -1098.12 2167.7 0 14
12000 469 -7377.97 6689.5 0 14
12000 470 4327.78 -9360.22 1 14
12000 471 -8774.65 -2382.88 1 14
12000 472 -1033.39 -9917.84 4 14
12000 473 2449.74 7746.16 1 14
12000 474 -3415.96 -6843.75 5 12
12000 475 -9836.62 -8395.76 1 14
12000 476 -8061.44 4826.13 5 8
12000 477 8825.25 -8877.14 5 8
12000 478 6045.71 141.526 1 14
12000 479 7983.67 1268.16 0 14
12000 480 -9738.88 1066.34 2 14
12000 481 -8473.55 5334.32 5 2
12000 482 765.557 -3110.8 0 14
12000 483 -507.809 -4666.13 2 14
12000 484 -5853.02 -4702.19 0 14
12000 485 215.068 3251.86 3 14
12000 486 -1500.14 32.1996 2 14
12000 487 6750.09 -8452.15 1 14
12000 488 -3921.33 546.156 3 14
12000 489 1926.34 -4266.59 1 14
12000 490 -3361.69 7677.51 5 14
12000 491 7060.27 4569.7 1 14
12000 492 1478.1 5839.43 3 14
12000 493 2015.81 -4724.16 0 14
12000 494 -458.488 5845.3 5 14
12000 495 9109.57 9582.68 5 8
12000 496 -5923.34 12.7619 1 14
12000 497 -5585.25 444.196 2 14
12000 498 -8186.01 4096.17 5 12
12000 499 3977.57 2448.98 5 2
12000 500 -8421.99 -5864.66 2 14
12000 501 7162.35 3491.88 0 14
12000 502 5122.34 771.236 1 14
12000 503 8416.91 5338 5 2
12000 504 2379.22 -4251.45 0 14
12000 505 395.565 -8005.72 1 14
12000 506 -5335.68 -2264.18 2 14
12000 507 -215.472 8859.35 1 14
12000 508 -3552.73 -2621.11 5 14
12000 509 2337.67 6705.59 2 14
12000 510 -3867.89 2846.06 3 14
12000 511 -703.907 -9250.9 1 14
12000 512 2355.96 -3926.64 1 14
12000 513 7419.68 -2523.28 0 14
12000 514 3564.82 -346.956 0 14
12000 515 7566.35 -2207.53 0 14
12000 516 3994.9 1857.41 3 14
12000 517 723.542 233.067 5 2
12000 518 9454.42 -7311.92 2 14
12000 519 3872.77 5711.71 0 14
12000 520 -8655.6 -1696.3 0 14
12000 521 -8638.63 4476.06 5 12
12000 522 -9961.33 9081.83 3 14
12000 523 506.34 -4508.5 5 4
12000 524 7458.41 5026.2 0 14
12000 525 7397.57 5404.21 2 14
12000 526 2300.46 -5273.43 0 14
12000 527 -4539.05 9542.9 0 14
12000 528 6717.95 6345.67 2 14
12000 529 -5463.19 -9287.51 2 14
12000 530 1219.24 -3045.27 0 14
12000 531 -4159.18 672.131 1 14
12000 532 5016.17 -70.5433 1 14
12000 533 2713.82 -9579.64 0 14
12000 534 7560.69 -5398.96 5 4
12000 535 -980.497 -9542.27 2 14
12000 536 -4475.69 9034.95 5 14
12000 537 6383.51 8598.67 2 14
12000 538 -5896.43 -5320.15 2 14
12000 539 1640.27 9319.73 1 14
12000 540 -7092.66 11.0771 1 14
12000 541 5114.45 -3763.63 1 14
12000 542 -2987.86 -5594.43 3 14
12000 543 7060.19 -9913.54 5 14
12000 544 -2383.54 -9524.06 1 14
12000 545 -9403.28 7395.59 0 14
12000 546 615.821 -9070.57 5 12
12000 547 -7789.94 -2126.57 0 14
12000 548 3161.69 -1625.26 2 14
12000 549 1351.35 -1700.58 1 14
12000 550 7812.97 -3018.84 0 14
12000 551 7136.54 -4272.38 0 14
12000 552 5208.06 4642.69 1 14
12000 553 -5398.28 3210.22 4 14
12000 554 822.282 9784.05 4 14
12000 555 1079.56 6688.94 0 14
12000 556 -6643.74 -8722.38 1 14
12000 557 3560.49 -9299.51 1 14
12000 558 8547.6 -5335.86 5 2
12000 559 7687.16 -747.135 3 14
12000 560 -9275.99 -9492.26 5 2
12000 561 -6113.06 8422 2 14
12000 562 -2549.4 -1561.39 0 14
12000 563 4776.31 1688.04 4 14
12000 564 5922.42 9843.97 1 14
12000 565 -5836.23 -1969.42 3 14
12000 566 5497.08 864.736 0 14
12000 567 7983.46 4349.79 5 2
12000 568 3053.37 -8444.17 1 14
12000 569 -3100.44 -3543.35 2 14
12000 570 2508.54 6520.81 1 14
12000 571 5801.94 7393.52 0 14
12000 572 -1884.73 1397.57 0 14
12000 573 -8637.59 -4206.35 3 14
12000 574 3944.1 -8044.95 5 10
12000 575 -583.789 -1611.73 0 14
12000 576 -2180.3 8175.14 0 14
12000 577 882.471 5849.89 5 8
12000 578 -3978.72 -5601.59 1 14
12000 579 1158.05 2928.76 0 14
12000 580 -4272.2 -1650.44 2 14
12000 581 2181.07 -9034.59 0 14
12000 582 -8017.23 9934.99 5 2
12000 583 1403.32 -9566.8 0 14
12000 584 -2458.77 9098.79 1 14
12000 585 7049.61 -2672.83 0 14
12000 586 2911.23 5251.17 0 14
12000 587 5622.55 -1861.79 5 14
12000 588 -1651.4 9502.35 0 14
12000 589 6195.55 2984.43 0 14
12000 590 7900.84 2387.46 0 14
12000 591 -2605.29 -4063.08 0 14
12000 592 9765.45 4694.04 2 14
12000 593 -2848.98 6520.12 1 14
12000 594 6878.94 446.276 0 14
12000 595 -7668.99 4288.14 2 14
12000 596 1647.52 -2187.69 0 14
12000 597 7028.86 -3411.68 2 14
12000 598 5212.8 4924.93 1 14
12000 599 2576.45 -1453.48 0 14
12000 600 4448.85 -9524.84 1 14
12000 601 -3876.56 -7109.94 5 6
12000 602 1259.14 254.485 5 14
12000 603 7289.91 617.765 2 14
12000 604 -5566.18 5920.23 0 14
12000 605 -7367.48 -9308.46 1 14
12000 606 3701.91 -6041.5 3 14
12000 607 3840.4 -6776.02 3 14
12000 608 3032.4 -5986.32 3 14
12000 609 -6089.69 4394.49 0 14
12000 610 3673.18 4213.6 2 14
12000 611 9730.63 -3059.61 1 14
12000 612 9817.46 9857.54 5 2
12000 613 -8964.05 -2772.15 0 14
12000 614 255.775 -723.396 4 14
12000 615 3776.07 1744.57 4 14
12000 616 5258.18 -5470.44 0 14
12000 617 4481.95 -6777.09 5 10
12000 618 -8698.12 -676.162 5 2
12000 619 -8645.33 1046.46 3 14
12000 620 -1900.7 -8573.91 1 14
12000 621 1271.74 -3740.46 1 14
12000 622 7966.35 5295.01 1 14
12000 623 -2090.75 2091.27 2 14
12000 624 -8815.6 7218.19 2 14
12000 625 6587.37 -5843.75 0 14
12000 626 2038.45 -3470.79 2 14
12000 627 7115.64 4240.66 3 14
12000 628 -3411 -5031.03 0 14
12000 629 -8733.17 -3818.47 5 14
12000 630 -6471.5 6324.13 1 14
12000 631 7223.12 -274.819 0 14
12000 632 9985.74 6058.51 2 14
12000 633 4583.31 -1113.91 5 14
12000 634 8317.81 -4216.15 5 10
12000 635 3703.39 -4969.34 0 14
12000 636 867.817 -3404.11 2 14
12000 637 3457.54 -9393.97 1 14
12000 638 3274.12 9591.21 0 14
12000 639 -4040.57 7660.96 5 2
12000 640 27.4003 732.76 4 14
12000 641 8203.58 7249.51 0 14
12000 642 1279.72 -536.684 1 14
12000 643 -3285.2 630.561 1 14
12000 644 -4226.65 9110.85 3 14
12000 645 5641.04 9890.23 0 14
12000 646 2295.49 -6758.14 2 14
12000 647 -1750.92 9980.06 2 14
12000 648 -3618.29 -1950.98 5 10
12000 649 2988.1 -9812.43 1 14
12000 650 538.259 -1389.18 3 14
12000 651 -4307.38 -7120.53 5 4
12000 652 -9578.36 -1309.93 0 14
12000 653 9876.01 1046.82 1 14
12000 654 -4539.01 -3619.4 5 14
12000 655 212.808 -5528.83 5 2
12000 656 -4093.55 -9762.84 0 14
12000 657 -3913.1 -3632.81 1 14
12000 658 9011.39 2503.51 1 14
12000 659 4927.32 8092.05 3 14
12000 660 9621.22 -6803.37 3 14
12000 661 4792.42 -9346.42 0 14
12000 662 2905.09 -2430.89 1 14
12000 663 9057.74 -7853.69 1 14
12000 664 -2594.09 8232.79 2 14
12000 665 4626.82 1596.09 2 14
12000 666 163.202 2793.96 0 14
12000 667 -2355.62 -5056.13 1 14
12000 668 9547.75 -6970.09 1 14
12000 669 -7827.87 -911.417 3 14
12000 670 -2162.45 6496.04 2 14
12000 671 -4558.26 6271.39 2 14
12000 672 -7865.86 9661.62 5 2
12000 673 -9224.57 -3000.89 0 14
12000 674 6198.98 -178.341 0 14
12000 675 -2196.04 -2019.76 0 14
12000 676 8642.06 5396.18 5 4
12000 677 -8340.28 4201.44 5 6
12000 678 5024.23 5034.85 0 14
12000 679 5253.9 -5807.18 1 14
12000 680 -1686.2 7262.16 0 14
12000 681 -5720.97 2889.31 2 14
12000 682 -6288.8 -9467.02 0 14
12000 683 6513.25 9412.19 1 14
12000 684 3216.66 -1174.68 1 14
12000 685 -2925.24 653.118 2 14
12000 686 1472.6 2878.66 0 14
12000 687 -1890.03 -2634.03 0 14
12000 688 9624.33 6250.45 1 14
12000 689 3315.74 -5576.94 3 14
12000 690 6125.33 -5561.25 0 14
12000 691 -1727.88 -1463.01 1 14
12000 692 -1408.91 4066.46 1 14
12000 693 -5303.66 6323.66 0 14
12000 694 -9596.26 -1922.94 2 14
12000 695 -4621.7 -896.623 1 14
12000 696 -1952 5375.86 1 14
12000 697 -8403.41 9803.75 5 2
12000 698 -3627.71 523.369 1 14
12000 699 -8828.95 4556.33 5 2
12000 700 -6113.89 4861 1 14
12000 701 -4350.39 9983 0 14
12000 702 3858.21 2518.28 5 12
12000 703 -3993.35 -4512.2 0 14
12000 704 -5991.37 -4440.78 0 14
12000 705 5192.21 3271.95 2 14
12000 706 -318.473 6655.77 1 14
12000 707 5607.77 -6220.21 1 14
12000 708 -2239.07 -5565.77 0 14
12000 709 -769.487 3269.48 1 14
12000 710 4831.13 -8956.13 2 14
12000 711 -1524.09 9590.51 0 14
12000 712 8264.48 5226.57 5 2
12000 713 4729.65 7318.23 5 6
12000 714 1045.56 6184.23 0 14
12000 715 4530.72 -5914.34 1 14
12000 716 -47.7859 -6019.05 2 14
12000 717 2249.02 4102.54 1 14
12000 718 6473.19 9717.02 1 14
12000 719 -8780.15 -9547.91 5 2
12000 720 4761.16 4649.1 0 14
12000 721 -3308.17 1942.07 2 14
12000 722 719.356 1154.53 1 14
12000 723 -7232.28 9998.71 2 14
12000 724 749.852 -2688.4 0 14
12000 725 -1048.74 -6159.6 1 14
12000 726 3267.1 7651.47 3 14
12000 727 -4293.17 8292 5 14
12000 728 1271.49 -4488.55 4 14
12000 729 -9191.84 -7400.22 0 14
12000 730 4478.42 8200.9 4 14
12000 731 -7319.09 -7248.74 0 14
12000 732 8540.27 -2025.49 0 14
12000 733 -4140.65 -5752.38 2 14
12000 734 -2045.03 9094.05 2 14
12000 735 -7191.33 -7183.41 1 14
12000 736 -6335.71 -5904.5 1 14
12000 737 7264.84 7469.21 1 14
12000 738 2598.61 7974.88 0 14
12000 739 4930.98 -7222 5 2
12000 740 8513.39 -9799.92 5 2
12000 741 -7293.73 -8318.77 1 14
12000 742 -9519.38 -1485.17 2 14
12000 743 -2237.55 1571.67 1 14
12000 744 -7932.53 2529.41 1 14
12000 745 6021.62 7857.7 1 14
12000 746 -1506.02 9082.41 1 14
12000 747 -5104.14 -4056.06 2 14
12000 748 1844.36 4276.18 1 14
12000 749 366.675 -3103.39 2 14
12000 750 -2467.12 1668.8 1 14
12000 751 -8.93484 3924.15 2 14
12000 752 593.813 -6531.91 1 14
12000 753 -8323.21 7259.17 1 14
12000 754 -3741.63 -6717.61 3 14
12000 755 2140.46 -7625.65 0 14
12000 756 4168.44 6393.43 1 14
12000 757 1682.56 -495.516 1 14
12000 758 -5008.06 -5261.22 2 14
12000 759 2444.69 -8444.69 1 14
12000 760 -2355.69 5385.86 1 14
12000 761 -9195.44 3252.5 2 14
12000 762 -2219.58 -9103.15 2 14
12000 763 -374.357 166.844 5 2
12000 764 6999.54 3263.23 1 14
12000 765 9002.38 5325.31 5 2
12000 766 -4469.16 303.426 0 14
12000 767 -1522.86 -3195.84 0 14
12000 768 5451.99 7865.58 3 14
12000 769 1967.53 8176.78 0 14
12000 770 4969.86 6638.56 2 14
12000 771 -2406.75 939.351 1 14
12000 772 -7882.49 -6671.12 3 14
12000 773 -6525.04 1761.55 1 14
12000 774 -1721.99 7801.14 0 14
12000 775 -754.13 426.514 5 10
12000 776 1063.84 3736 2 14
12000 777 5072.98 -6622.1 0 14
12000 778 -6493.61 3073.21 0 14
12000 779 -2528.27 -2087.02 3 14
12000 780 -3387.24 -9904.77 1 14
12000 781 3560.66 4592.33 0 14
12000 782 7814.06 6094.17 3 14
12000 783 2407.19 2399.69 3 14
12000 784 -3099.82 1118.58 1 14
12000 785 4498.37 -2016.48 5 2
12000 786 -4643.03 -3177.07 5 2
12000 787 3052.89 -7360.36 1 14
12000 788 8717.72 -3031.3 1 14
12000 789 188.929 7369.66 0 14
12000 790 -1658.62 5749.48 2 14
12000 791 -3074.86 2161.47 1 14
12000 792 -7344.25 4514.61 1 14
12000 793 -3491.38 6704.24 5 14
12000 794 3044.6 -1082.52 0 14
12000 795 -7713.04 -4632.77 5 8
12000 796 8435.81 -1965.3 2 14
12000 797 -8893.71 2901.06 1 14
12000 798 4043.84 -2564.28 5 2
12000 799 3168.6 -8400.09 1 14
12000 800 7304.97 -6377.54 2 14
12000 801 -1519.14 9599.92 0 14
12000 802 -1395.12 -6199.84 0 14
12000 803 442.388 -4978.51 5 2
12000 804 2432.74 -3831.19 1 14
12000 805 -5180.9 -9222.73 2 14
12000 806 -2021.5 4171.02 0 14
12000 807 6155.75 2418.14 1 14
12000 808 7473.38 8922.43 5 12
12000 809 -7858.24 3245.25 1 14
12000 810 1088.9 -2804.82 0 14
12000 811 -6284.88 -3716.36 0 14
12000 812 9453.34 -5471.99 3 14
12000 813 -1604.08 -6177.62 1 14
12000 814 -2527.13 -280.623 0 14
12000 815 1949.36 8434.49 1 14
12000 816 9686.46 -5695.29 2 14
12000 817 3472.37 -9425.89 2 14
12000 818 5232.91 -8158.59 3 14
12000 819 2693.13 2733.63 1 14
12000 820 -8306.13 482.96 5 2
12000 821 -4297.62 -637.383 0 14
12000 822 -840.732 -3736.47 0 14
12000 823 -3597.19 -9465.56 0 14
12000 824 -5257.93 3485.63 5 12
12000 825 5496.66 -8101.35 4 14
12000 826 -5654.75 -8514.33 3 14
12000 827 7228.66 -9937.18 3 14
12000 828 2660.79 5217.27 0 14
12000 829 9776.45 -3557.97 1 14
12000 830 8549.12 3730.04 2 14
12000 831 -5997.35 833.022 1 14
12000 832 -3913.96 -9881.03 1 14
12000 833 9592.44 3671.62 4 14
12000 834 5144.44 -7186.35 5 8
12000 835 -3084.32 -1376.38 1 14
12000 836 -5440.95 -4484.96 1 14
12000 837 -7439.69 6154.31 4 14
12000 838 -9417.91 -9521.93 5 12
12000 839 -5434.9 4712.36 2 14
12000 840 5311.49 -6529.39 1 14
12000 841 -9730.39 -9849.85 5 12
12000 842 3578.98 7984.11 5 14
12000 843 -7993.69 -3362.53 0 14
12000 844 9063.56 2477.54 1 14
12000 845 -9945.85 -7423.97 1 14
12000 846 3305.69 -9310.34 1 14
12000 847 -2204.45 -7990.82 0 14
12000 848 -484.692 -8023.65 0 14
12000 849 5249.77 8951.58 1 14
12000 850 1364.8 -1227.88 1 14
12000 851 552.932 -9843.71 5 2
12000 852 4373.87 5134.35 0 14
12000 853 -2046.62 8256.12 1 14
12000 854 2903.09 3318.54 1 14
12000 855 -4310.87 1539.12 4 14
12000 856 6986.52 7099.32 1 14
12000 857 936.788 5455.58 1 14
12000 858 5680.4 -6107.99 1 14
12000 859 2806.28 6560.41 1 14
12000 860 -1168.14 -310.506 5 12
12000 861 39.6185 9611.14 5 2
12000 862 -5535.39 1016.99 0 14
12000 863 7218.2 -3599.31 1 14
12000 864 9028.79 620.996 2 14
12000 865 -2242.3 4040.96 1 14
12000 866 -4388.83 -9314.6 1 14
12000 867 1846.69 9573.56 0 14
12000 868 6928.94 -7649.88 1 14
12000 869 -4011.62 5347.87 0 14
12000 870 977.008 -2501.81 0 14
12000 871 -1893.04 3576.43 0 14
12000 872 -1299.96 -1227.8 1 14
12000 873 -1308.34 -4565.04 2 14
12000 874 2341.32 7264.39 2 14
12000 875 4485.92 3307.38 5 12
12000 876 693.791 -1387.9 1 14
12000 877 -8709.7 -6553.34 1 14
12000 878 -2094.39 45.4745 1 14
12000 879 5361.27 -6178.36 0 14
12000 880 7789.91 1018.04 0 14
12000 881 5963.59 -7207.5 1 14
12000 882 9784.47 -129.243 0 14
12000 883 625.412 -2043.3 1 14
12000 884 -2132.86 -6182.01 0 14
12000 885 142.73 -5852.3 5 8
12000 886 7397.77 -9787.22 4 14
12000 887 -2473.81 -768.073 0 14
12000 888 4998.71 -7056.6 5 12
12000 889 5068.9 -8915.91 2 14
12000 890 -7287.52 6379.58 1 14
12000 891 -2011.08 4047.37 1 14
12000 892 3115.09 8773.37 1 14
12000 893 8826.24 -3456.31 1 14
12000 894 3043.96 -4182.68 0 14
12000 895 9865.71 6307.97 1 14
12000 896 -6951.36 -9928.66 2 14
12000 897 -5083.85 6099.97 2 14
12000 898 -1372.82 855.564 0 14
12000 899 9375.77 1293.18 1 14
12000 900 -2937.45 8969.54 2 14
12000 901 9110.61 -9038.52 2 14
12000 902 509.064 -7522.46 1 14
12000 903 7772.58 3710.35 0 14
12000 904 8926.91 4350.6 5 4
12000 905 -3329.78 3939 2 14
12000 906 -432.122 2973.18 1 14
12000 907 6009.62 -3187.27 0 14
12000 908 -1771.49 -2409.6 2 14
12000 909 5227.07 -6823.44 1 14
12000 910 -7958.29 -4734.77 5 12
12000 911 5245.25 -4669.65 0 14
12000 912 9226.78 -6155.59 1 14
12000 913 5936.21 729.139 1 14
12000 914 6102.02 -7532.84 1 14
12000 915 7265.87 1050.8 1 14
12000 916 -9552.74 4001.23 1 14
12000 917 -6443.25 -1849.98 0 14
12000 918 5003.9 -5980.74 0 14
12000 919 7785.2 1213.57 4 14
12000 920 1038.6 -9130.71 2 14
12000 921 -3798.65 -4594.89 2 14
12000 922 -4074.46 -919.862 2 14
12000 923 2695.11 1307.04 1 14
12000 924 -3835.51 8466.67 5 10
12000 925 9848.99 -8439.05 1 14
12000 926 -6365.2 6971.36 0 14
12000 927 9672.37 3727.39 2 14
12000 928 9307.59 -7851.18 1 14
12000 929 9575.27 5040.69 2 14
12000 930 -7588.92 7276.98 0 14
12000 931 7735.01 -5466.17 2 14
12000 932 1081.74 6332.65 1 14
12000 933 -6169.52 2880.07 1 14
12000 934 -8362.48 -4671.4 5 4
12000 935 -2017.5 9075.67 0 14
12000 936 -998.927 2273.75 1 14
12000 937 5223.52 5364.79 0 14
12000 938 5401.9 2665.68 2 14
12000 939 924.236 4763.47 5 8
12000 940 -6522.64 75.194 0 14
12000 941 5924.65 6987.48 1 14
12000 942 2255.76 -2621.85 0 14
12000 943 -4135.13 5774.45 4 14
12000 944 -3139.73 9472.96 0 14
12000 945 3428.21 7118.15 4 14
12000 946 -4293.09 -6916.17 5 2
12000 947 2934.57 3757.86 3 14
12000 948 9144.23 -8047.83 1 14
12000 949 -9840.34 5408.15 5 12
12000 950 8975.51 799.628 2 14
12000 951 6977.96 6375.95 0 14
12000 952 4309.85 7353.19 5 2
12000 953 9155.87 -7771.56 0 14
12000 954 -1938.95 -9662.94 2 14
12000 955 3553.08 -3269.63 5 12
12000 956 5119.1 -8218.22 1 14
12000 957 7336.96 6716.62 0 14
12000 958 2471.39 -6574.07 2 14
12000 959 1410.15 -5463.22 2 14
12000 960 3056.95 5754.89 1 14
12000 961 1171.47 -5225.85 3 14
12000 962 -2343.98 6505.6 1 14
12000 963 3895.67 9699.79 0 14
12000 964 5612.85 3676.53 3 14
12000 965 -2475.11 -7256.77 0 14
12000 966 -184.581 5107.88 5 2
12000 967 9528.27 -6782.69 1 14
12000 968 8073.32 -4937.73 1 14
12000 969 -9671.79 -9458.07 5 10
12000 970 -93.5957 -1552.3 1 14
12000 971 5234.41 -1525.22 0 14
12000 972 -6791.22 -1406.6 0 14
12000 973 1726.79 -881.06 0 14
12000 974 1584.04 -2667.1 1 14
12000 975 1038.49 9643.93 3 14
12000 976 7070.26 4452.65 2 14
12000 977 -2102.52 -6946.14 0 14
12000 978 704.667 -1737.4 1 14
12000 979 -7616.49 2169.39 0 14
12000 980 1212.48 9069.78 0 14
12000 981 2980.31 8494.01 0 14
12000 982 -3699.79 -4318.14 0 14
12000 983 -1947.17 -9144.93 0 14
12000 984 4080.95 -6571.79 3 14
12000 985 -8742.55 -8318.16 0 14
12000 986 -4812.7 5670.31 3 14
12000 987 2864.79 1635 2 14
12000 988 -3662.18 4087.73 0 14
12000 989 9154.31 3426.92 3 14
12000 990 -4945.73 890.957 0 14
12000 991 681.612 -4903.7 5 8
12000 992 7365.84 -2125.8 0 14
12000 993 8860.76 -271.873 5 2
12000 994 818.946 4230.03 3 14
12000 995 5515.69 -4954.6 0 14
12000 996 -7169.11 -2915.2 0 14
12000 997 -6113.07 -7665.64 0 14
12000 998 1614.41 -2284.91 0 14
12000 999 6063.29 -4988.05 0 14
12000 1000 6710.56 4237.39 3 14
12000 1001 -338.417 5764.44 1 14
12000 1002 -1738.42 -5862.64 1 14
12000 1003 1177.73 5780.69 5 8
12000 1004 -7519.55 -7278.53 0 14
12000 1005 -9378.43 -1072.04 5 12
12000 1006 -6483.97 7887.22 0 14
12000 1007 -7285.38 -293.611 3 14
12000 1008 -5791.11 9175 1 14
12000 1009 -2366.44 6617.17 0 14
12000 1010 -2336.42 -7673.43 0 14
12000 1011 6651.16 -8172.91 3 14
12000 1012 -6470.82 1704.13 0 14
12000 1013 -4608.7 6923.16 5 2
12000 1014 -747.642 -8398.31 0 14
12000 1015 -6343.29 9351.47 0 14
12000 1016 8319.86 3068.47 2 14
12000 1017 7419.95 -6616.28 0 14
12000 1018 2741.34 6213.16 1 14
12000 1019 -9550.88 -7414.48 1 14
12000 1020 -118.017 -2110.33 1 14
12000 1021 3581.46 -590.112 1 14
12000 1022 6108.79 -6193.42 0 14
12000 1023 -5482.89 703.324 0 14
12000 1024 926.946 6642.13 0 14
12000 1025 -5841.57 -4624.22 0 14
12000 1026 -3100.91 7934.4 1 14
12000 1027 8364.06 1142.71 4 14
12000 1028 5572.47 -2338.97 1 14
12000 1029 2884.95 -9850.69 0 14
12000 1030 7426.94 -8553.16 4 14
12000 1031 -9251.76 -9005.08 5 14
12000 1032 900.585 107.534 5 6
12000 1033 -8984.63 8474.91 1 14
12000 1034 -3784.64 4907.96 0 14
12000 1035 -8266.83 3747.2 1 14
12000 1036 -6088.49 6498.04 0 14
13200 37 5776.01 -3723.43 0 14
13200 38 -6929.44 -4978.88 1 14
13200 39 -7046.08 -6934.2 1 14
13200 40 6356.41 -2459.33 0 14
13200 41 5311.03 -7317.56 2 14
13200 42 -5830 9360.31 1 14
13200 43 -7163.82 5932.44 0 14
13200 44 6917.07 1162.03 0 14
13200 45 1970.24 -5092.32 1 14
13200 46 -652.807 -4667.99 5 2
13200 47 -1368.42 -1698.61 0 14
13200 48 4657.25 -7452.53 5 6
13200 49 3083.42 2843.65 2 14
13200 50 5000.59 -6743 1 14
13200 51 2490.71 -2117 2 14
13200 52 -2304.27 -2794.26 1 14
13200 53 -4254.74 -9136.61 3 14
13200 54 -8547.34 -5159.25 5 2
13200 55 1423.85 9552.13 2 14
13200 56 -5715.2 -1759 0 14
13200 57 -4359.61 -7592.59 5 2
13200 58 3942.81 5097.39 0 14
13200 59 9856.63 -6273.47 2 14
13200 60 -7934.88 -5422.22 3 14
13200 61 1493.58 -3459.75 1 14
13200 62 4423.34 -8204.35 0 14
13200 63 -8614.6 404.098 5 10
13200 64 3357.04 2753.71 5 10
13200 65 1576.5 589.58 1 14
13200 66 3935.4 4759.45 0 14
13200 67 -4274.89 -8191.27 5 14
13200 68 268.593 6898.82 0 14
13200 69 2159.15 -4129.83 0 14
13200 70 -1576.72 9691.01 0 14
13200 71 -2670.49 -4782.95 0 14
13200 72 1478.89 6818.95 0 14
13200 73 221.707 -3783.92 2 14
13200 74 -3442.79 2843.55 1 14
13200 75 -5106.95 6273.79 4 14
13200 76 -8560.12 -4621.3 5 2
13200 77 90.5277 9024.06 5 2
13200 78 8249.13 272.889 5 2
13200 79 8415.03 7391.53 2 14
13200 80 -2566.63 3779.84 1 14
13200 81 -3360.92 619.238 1 14
13200 82 -9874.6 -5636.14 1 14
13200 83 1473.31 -6980.73 1 14
13200 84 6412.91 6626.17 1 14
13200 85 -8121.37 6372.21 5 10
13200 86 -3272.22 1628.08 3 14
13200 87 -1806.55 4727.91 3 14
13200 88 -2758.28 -1748.47 2 14
13200 89 6548.16 6508.44 1 14
13200 90 4498.81 -7135.85 5 2
13200 91 8384.09 -2978.31 0 14
13200 92 608.596 -5351.09 5 2
13200 93 -975.063 6214.93 1 14
13200 94 -5177.73 2123.11 2 14
13200 95 -2535.9 -3648.31 0 14
13200 96 9369.65 3348.67 0 14
13200 97 9015.99 4511.64 5 10
13200 98 -3233.7 6591.66 4 14
13200 99 5804.48 -2131.28 4 14
13200 100 -8891.35 -6976.28 2 14
13200 101 -7688.6 -6703.19 1 14
13200 102 -2226.03 468.449 0 14
13200 103 712.66 -7757.68 2 14
13200 104 630.228 1668.2 2 14
13200 105 -5322.39 7430 3 14
13200 106 -6202.5 7274.89 0 14
13200 107 5594.74 2853.45 5 6
13200 108 -164.963 -1006.77 4 14
13200 109 8127.34 4040.02 2 14
13200 110 937.534 666.934 2 14
13200 111 -7242.88 5640.92 0 14
13200 112 5383.96 -6426.54 0 14
13200 113 -8642.24 4963.41 5 2
13200 114 -6145.79 9541.79 1 14
13200 115 -6432 6123.18 0 14
13200 116 9736.01 5728.42 0 14
13200 117 -5477.71 -3201.03 5 10
13200 118 -3709.37 2132.2 5 14
13200 119 -9798.74 1245.25 1 14
13200 120 -1629.89 3033.87 1 14
13200 121 -6227.16 9819.53 1 14
13200 122 -6221.34 -6953 0 14
13200 123 1586.98 -5484.02 0 14
13200 124 -7838.01 7702.9 0 14
13200 125 -9891.76 1695.74 1 14
13200 126 -3129.32 4893.48 0 14
13200 127 629.084 -577.515 3 14
13200 128 -5099.99 -4951.87 0 14
13200 129 -9166.4 -8394.07 3 14
13200 130 9114.12 -7109.69 1 14
13200 131 -7423.08 -2791.51 2 14
13200 132 2616.55 -3345.54 0 14
13200 133 679.83 6687.48 1 14
13200 134 1707.64 -3456.64 0 14
13200 135 1473.9 6125.85 2 14
13200 136 -5112.69 7894 5 2
13200 137 -9878.94 -7455.93 0 14
13200 138 -3130.39 -4045.25 1 14
13200 139 2492.38 2413.38 2 14
13200 140 6187.27 8922.17 2 14
13200 141 4560.64 4578.19 1 14
13200 142 -141.208 8738.14 5 10
13200 143 -2512.85 -3385.89 2 14
13200 144 -8542.67 2677.88 1 14
13200 145 -220.597 124.839 5 2
13200 146 8523.25 -1991.77 0 14
13200 147 7951.59 8970.69 5 10
13200 148 743.668 8431.15 2 14
13200 149 1337.55 9637.62 0 14
13200 150 -7621.95 5846.53 1 14
13200 151 -391.693 264.498 5 2
13200 152 -7811.88 7728.28 1 14
13200 153 4493.07 -5810.04 3 14
13200 154 -5441.17 2621.85 2 14
13200 155 7286.87 5034.11 2 14
13200 156 -4025.64 1532.49 5 4
13200 157 -8157.98 -8067.44 1 14
13200 158 2520.89 -7609.18 2 14
13200 159 -9040.74 -9279.93 5 2
13200 160 9495.15 -4088.78 3 14
13200 161 -7325.26 -2408.55 0 14
13200 162 -8324.24 5669.9 5 6
13200 163 6766.34 1857.43 1 14
13200 164 -1332.16 6879.31 0 14
13200 165 4500.37 9368.42 0 14
13200 166 -8973.44 9215.94 5 2
13200 167 9462.13 4055.34 2 14
13200 168 -5345.52 -1451.61 0 14
13200 169 -4536.55 -7398.25 5 2
13200 170 -2681.16 -8680.54 0 14
13200 171 -7596.94 -1049.21 3 14
13200 172 -8978.54 -1269.9 2 14
13200 173 7724.63 -8392.5 0 14
13200 174 -5254.37 -6003.95 0 14
13200 175 3212.36 -8674.55 1 14
13200 176 -9504.18 3522.8 1 14
13200 177 1604.9 5801.5 0 14
13200 178 3860.81 -8444.6 4 14
13200 179 -7193.85 -9268.68 2 14
13200 180 -3139.05 8089.6 1 14
13200 181 6336.75 -4714.23 0 14
13200 182 8316.66 5105.97 5 2
13200 183 6785 -7389.51 0 14
13200 184 9396.57 -5648.92 5 14
13200 185 -7082.5 5437.48 1 14
13200 186 4636.22 7250.3 5 2
13200 187 5372.68 -6401.72 1 14
13200 188 -2153.68 -8559.11 1 14
13200 189 5049.07 3267.16 2 14
13200 190 -7015.06 4388.7 3 14
13200 191 9607.62 -3572.32 0 14
13200 192 -8391.95 8636.12 5 14
13200 193 3971.08 -3545.83 5 2
13200 194 -3648.44 -9465.4 2 14
13200 195 5255.76 -8547 0 14
13200 196 4526.43 1736.86 5 2
13200 197 9613.5 -10.6149 2 14
13200 198 4653.56 -5374.19 2 14
13200 199 3033.7 6573.43 1 14
13200 200 -7730.63 -1244.2 2 14
13200 201 -5183.45 5294.2 0 14
13200 202 -7284.32 -4023.87 2 14
13200 203 -2597.62 -5352.4 0 14
13200 204 -9567.34 377.916 5 12
13200 205 6529.42 -4171.72 2 14
13200 206 -3048.36 -9278.28 1 14
13200 207 9495.53 -3783.9 2 14
13200 208 -1371.85 7520.64 0 14
13200 209 6580.8 9052.89 1 14
13200 210 -2259.89 -7156.19 1 14
13200 211 -7097.17 9609.69 3 14
13200 212 7357 -1136.32 2 14
13200 213 6003.11 2688.74 3 14
13200 214 -4023.03 -5095.98 1 14
13200 215 -749.396 5933.76 2 14
13200 216 -3032.77 -9493.31 0 14
13200 217 4812.66 -2380.45 5 8
13200 218 -4235.63 -8863.31 2 14
13200 219 7402.13 -3434.13 0 14
13200 220 2929.61 2261.97 2 14
13200 221 -8313.31 551.917 5 2
13200 222 1425.33 -5877.29 1 14
13200 223 1929.3 -5994.57 0 14
13200 224 1669.04 2208.12 1 14
13200 225 -2985.18 4295.69 3 14
13200 226 4534.59 9671.09 2 14
13200 227 -1635.22 -1788.72 1 14
13200 228 -8936.31 7419.55 1 14
13200 229 -8578.94 4113.49 3 14
13200 230 -3188.6 -4482.63 2 14
13200 231 -5183.99 -3706.59 3 14
13200 232 -8076 1651.19 0 14
13200 233 -1015.9 9917.97 5 14
13200 234 -9384.34 3103.6 1 14
13200 235 3326.89 3678.99 0 14
13200 236 3811.11 -7153.8 5 2
13200 237 2276.18 5534.53 1 14
13200 238 4003.47 8762.59 5 14
13200 239 7510.47 -6141.55 0 14
13200 240 1481.83 -4945.26 2 14
13200 241 -183.251 5738.75 5 2
13200 242 7758.8 4115.76 2 14
13200 243 9840.16 -3761.96 2 14
13200 244 9673.31 -701.293 4 14
13200 245 3965.99 965.082 0 14
13200 246 5972.21 6556.25 0 14
13200 247 2369.96 3330.86 0 14
13200 248 -9834.48 760.389 2 14
13200 249 -6370.49 4663.41 0 14
13200 250 1938.25 4678.8 0 14
13200 251 1715.29 -6377 0 14
13200 252 1292.23 355.139 5 14
13200 253 -7729.81 -2958.45 1 14
13200 254 1744.41 3311.63 1 14
13200 255 -1628.98 5482.6 1 14
13200 256 -564.069 1692.57 0 14
13200 257 -1937.15 104.681 3 14
13200 258 6460.02 8813.79 1 14
13200 259 -4827.84 7504.56 5 14
13200 260 -171.492 -2868.39 2 14
13200 261 5229.98 6713.81 5 14
13200 262 -199.871 -502.766 5 2
13200 263 3614.5 -6667.27 0 14
13200 264 -7280.17 5387 2 14
13200 265 -5363.09 -6840.89 1 14
13200 266 -3240.25 8760.2 2 14
13200 267 4389.68 7041.86 5 2
13200 268 -9803.59 -8425.96 0 14
13200 269 -823.137 -9062.4 0 14
13200 270 6700.26 8820.97 1 14
13200 271 8372.46 -2470.17 1 14
13200 272 3215.59 1089.35 0 14
13200 273 -5687.52 9574.84 1 14
13200 274 9082.39 -8680.79 2 14
13200 275 -6593.7 -9164.65 1 14
13200 276 -755.596 2496.71 0 14
13200 277 2616.84 -7773.38 2 14
13200 278 -8781.88 -2026.72 1 14
13200 279 -1105.03 6804.67 0 14
13200 280 -6374.64 7179.55 1 14
13200 281 8997.93 -9311.58 5 2
13200 282 -4404.35 566.947 1 14
13200 283 -5332.41 710.133 0 14
13200 284 -4938.89 -4789.2 1 14
13200 285 -9146.13 8480.57 2 14
13200 286 7013.94 2417.95 1 14
13200 287 1847.04 -4823.84 1 14
13200 288 -5199.63 -1978.56 4 14
13200 289 6392.62 -9248.51 2 14
13200 290 -6580.01 7895.57 0 14
13200 291 6598.74 -8267.39 0 14
13200 292 4748.72 5757.53 4 14
13200 293 1437.48 9450.49 1 14
13200 294 -9827.98 -9365.42 5 4
13200 295 -57.2011 8137.98 1 14
13200 296 -9123.49 -1606.82 0 14
13200 297 4330.75 -3244.26 5 8
13200 298 9718.97 1144.83 1 14
13200 299 4993.17 5494.27 1 14
13200 300 3872.99 8635.55 0 14
13200 301 7651.87 9793.58 5 2
13200 302 6497.94 -5513.57 1 14
13200 303 -4642.96 -1939.2 5 6
13200 304 5228.08 -7972.29 5 14
13200 305 7828.36 4590.34 4 14
13200 306 9952.84 1876.51 1 14
13200 307 7717.12 -1053.11 2 14
13200 308 1556.55 349.238 2 14
13200 309 -603.178 6167.08 1 14
13200 310 -6802.95 -8692.99 1 14
13200 311 2686.64 -6523 1 14
13200 312 9521.94 -385.484 5 12
13200 313 5627.5 -1045.91 0 14
13200 314 -2933.61 -6245.38 3 14
13200 315 -8631.05 -3016.65 0 14
13200 316 -7874.67 -1123.68 2 14
13200 317 -8381.75 3698.88 2 14
13200 318 3386.58 2991.66 4 14
13200 319 -7873.87 -5335.08 1 14
13200 320 3147.84 2632.88 2 14
13200 321 -140.099 1350.51 0 14
13200 322 -3775.01 -733.247 1 14
13200 323 3781.52 -1323.66 3 14
13200 324 7664.24 5234.81 1 14
13200 325 -9164.35 -4495.07 5 12
13200 326 271.01 995.434 2 14
13200 327 2284.53 2667.69 1 14
13200 328 -5781.92 7423.59 1 14
13200 329 -590.597 -7705.69 0 14
13200 330 -5491.04 -2852.09 5 10
13200 331 -7375.25 8473.68 0 14
13200 332 -3247.96 8117.58 1 14
13200 333 8599.4 1384.32 3 14
13200 334 9643.05 -1396.5 2 14
13200 335 -4750.24 9400.73 1 14
13200 336 2299.44 -1830.5 0 14
13200 337 89.5591 -7315.44 1 14
13200 338 1233.69 -4241.32 1 14
13200 339 327.284 282.951 5 2
13200 340 5716.67 -5149.34 1 14
13200 341 5326.36 -812.226 0 14
13200 342 -4273.9 7688.82 5 2
13200 343 8675.59 5293.34 5 2
13200 344 -3829.74 7514.49 5 2
13200 345 -8027.18 -2570.33 0 14
13200 346 7743.81 8411.56 2 14
13200 347 2306.56 7468.9 2 14
13200 348 5430.89 2293.63 5 6
13200 349 5661.55 4792.71 0 14
13200 350 -4682.58 -5725.36 3 14
13200 351 4589.25 8234.66 5 4
13200 352 -893.472 8964.07 2 14
13200 353 -4396.9 6456.96 5 10
13200 354 -3977.76 2644.82 5 2
13200 355 6152.38 -2072.96 1 14
13200 356 1471.65 5772.74 0 14
13200 357 6353.78 -7366.65 0 14
13200 358 -9502.55 -4108.17 2 14
13200 359 -1933.1 3607.28 1 14
13200 360 8691.06 -3412.04 0 14
13200 361 8517.87 9882.04 5 2
13200 362 -8206.91 -942.289 5 14
13200 363 7614.45 1793.42 1 14
13200 364 -1140.93 -1420 1 14
13200 365 4270.9 5526.18 1 14
13200 366 -3802.64 -2365.36 4 14
13200 367 -2777.14 -464.718 1 14
13200 368 4011.73 -9735.32 2 14
13200 369 9237.66 -6023.57 5 4
13200 370 -114.672 9211.1 5 14
13200 371 7543.36 -2950.8 0 14
13200 372 4827.07 4030.46 1 14
13200 373 7481.28 7927.84 1 14
13200 374 -8052.04 -4977.83 5 10
13200 375 -734.599 -6061.93 3 14
13200 376 -4564.67 7807.92 5 2
13200 377 6858.65 -1138.86 1 14
13200 378 -652.142 -106.815 5 2
13200 379 2683.34 7793.34 0 14
13200 380 -4474.02 -4436.74 0 14
13200 381 -1508.18 9426.87 2 14
13200 382 9250.1 -708.251 5 8
13200 383 6827.2 9525.41 0 14
13200 384 4894.91 5773.75 0 14
13200 385 -8463.65 -7225.74 0 14
13200 386 -4143.05 -1262.92 3 14
13200 387 -1423.85 -2118.31 0 14
13200 388 8001.78 -6052.28 5 10
13200 389 6730.61 -4453.56 1 14
13200 390 7745.21 2437.69 1 14
13200 391 5314.33 -569.779 4 14
13200 392 -8709.71 -2180.14 0 14
13200 393 955.386 -5707.82 1 14
13200 394 -6886.89 -7848.18 1 14
13200 395 6852.51 -7841.63 0 14
13200 396 -9081.94 -2101.86 1 14
13200 397 9217.88 3703.76 1 14
13200 398 3763.53 -7129.6 5 8
13200 399 -7982.74 -8141.51 1 14
13200 400 535.675 5782.04 3 14
13200 401 -5670.27 6865.94 4 14
13200 402 -7150.4 -1136.26 3 14
13200 403 -9454.76 6810.99 1 14
13200 404 -3450.77 -194.574 0 14
13200 405 -500.047 -3521.47 2 14
13200 406 -8035.16 -3693.9 2 14
13200 407 -6023.31 8629.8 1 14
13200 408 90.5797 1774.97 0 14
13200 409 -7150.83 -1026 1 14
13200 410 9481.61 -8799.49 3 14
13200 411 5194.91 -6936.74 5 14
13200 412 -1699.11 6359.21 1 14
13200 413 -2401.54 2290.5 0 14
13200 414 -6894.91 -4744.06 2 14
13200 415 -1278.95 927.431 0 14
13200 416 8521.6 742.958 2 14
13200 417 1387.81 9284.94 2 14
13200 418 -2078.74 718.415 1 14
13200 419 -4617.94 7873.11 5 2
13200 420 -9258.95 6959.93 2 14
13200 421 -1378.72 -1306.03 0 14
13200 422 -6297.44 -6271.09 1 14
13200 423 1282.91 -9010.06 2 14
13200 424 5320.32 1788.66 2 14
13200 425 881.932 2865.92 1 14
13200 426 2309.43 6535 0 14
13200 427 7647.95 -9520.73 5 2
13200 428 9006.75 -7325.65 0 14
13200 429 7399.16 -106.866 5 8
13200 430 2455.87 -3014.17 0 14
13200 431 4719.98 -9163.1 2 14
13200 432 1565.08 -5496.85 1 14
13200 433 -9307.37 9124.98 5 2
13200 434 -7235.37 9643.55 2 14
13200 435 2922.96 -3111.25 1 14
13200 436 8120.24 -2199.14 0 14
13200 437 919.548 -7635.52 1 14
13200 438 -799.529 6102.64 1 14
13200 439 2106.37 -5846.37 1 14
13200 440 5947.15 3121.12 2 14
13200 441 9253.49 268.763 5 2
13200 442 6457.19 -3134.39 1 14
13200 443 -8230.07 5575.64 5 8
13200 444 -760.469 3935.09 0 14
13200 445 -4977.41 -5970.61 5 14
13200 446 -7828.45 -5852.47 5 14
13200 447 4150.4 7941.22 5 2
13200 448 5395 9065.31 0 14
13200 449 -5210.86 -4491 0 14
13200 450 5279.78 -5948.17 3 14
13200 451 -3205.8 -3948.14 1 14
13200 452 -6125.39 9821.07 1 14
13200 453 7113.35 4295.14 1 14
13200 454 -604.928 -300.61 5 10
13200 455 8791.13 -1299.11 4 14
13200 456 -7265.77 -3897.54 2 14
13200 457 4203.05 -5396.76 2 14
13200 458 -8520.91 9804.58 5 2
13200 459 -8467.3 -3629 5 12
13200 460 -7200.87 -1061.58 1 14
13200 461 -456.227 -424.896 3 14
13200 462 4215.77 -799.6 2 14
13200 463 1041.13 3053.59 0 14
13200 464 -8273.75 -7940.05 1 14
13200 465 9887.47 -759.571 2 14
13200 466 -1219.64 -2604.54 0 14
13200 467 -2097.32 4756.66 1 14
13200 468 -1098.12 2167.7 1 14
13200 469 -7377.97 6689.5 0 14
13200 470 4327.78 -9360.22 1 14
13200 471 -8774.65 -2382.88 1 14
13200 472 -1033.39 -9917.84 5 14
13200 473 2449.74 7746.16 1 14
13200 474 -3415.96 -6843.75 5 12
13200 475 -9836.62 -8395.76 2 14
13200 476 -8061.44 4826.13 5 8
13200 477 8825.25 -8877.14 5 2
13200 478 6045.71 141.526 1 14
13200 479 7983.67 1268.16 1 14
13200 480 -9738.88 1066.34 2 14
13200 481 -8473.55 5334.32 5 2
13200 482 765.557 -3110.8 0 14
13200 483 -507.809 -4666.13 2 14
13200 484 -5853.02 -4702.19 0 14
13200 485 215.068 3251.86 3 14
13200 486 -1500.14 32.1996 3 14
13200 487 6750.09 -8452.15 1 14
13200 488 -3921.33 546.156 2 14
13200 489 1926.34 -4266.59 1 14
13200 490 -3361.69 7677.51 5 12
13200 491 7060.27 4569.7 2 14
13200 492 1478.1 5839.43 3 14
13200 493 2015.81 -4724.16 0 14
13200 494 -458.488 5845.3 5 10
13200 495 9109.57 9582.68 5 2
13200 496 -5923.34 12.7619 2 14
13200 497 -5585.25 444.196 2 14
13200 498 -8186.01 4096.17 5 10
13200 499 3977.57 2448.98 5 6
13200 500 -8421.99 -5864.66 3 14
13200 501 7162.35 3491.88 0 14
13200 502 5122.34 771.236 2 14
13200 503 8416.91 5338 5 2
13200 504 2379.22 -4251.45 0 14
13200 505 395.565 -8005.72 0 14
13200 506 -5335.68 -2264.18 3 14
13200 507 -215.472 8859.35 2 14
13200 508 -3552.73 -2621.11 5 12
13200 509 2337.67 6705.59 2 14
13200 510 -3867.89 2846.06 5 12
13200 511 -703.907 -9250.9 1 14
13200 512 2355.96 -3926.64 2 14
13200 513 7419.68 -2523.28 0 14
13200 514 3564.82 -346.956 0 14
13200 515 7566.35 -2207.53 0 14
13200 516 3994.9 1857.41 3 14
13200 517 723.542 233.067 5 2
13200 518 9454.42 -7311.92 2 14
13200 519 3872.77 5711.71 0 14
13200 520 -8655.6 -1696.3 0 14
13200 521 -8638.63 4476.06 5 6
13200 522 -9961.33 9081.83 3 14
13200 523 506.34 -4508.5 5 2
13200 524 7458.41 5026.2 2 14
13200 525 7397.57 5404.21 2 14
13200 526 2300.46 -5273.43 0 14
13200 527 -4539.05 9542.9 1 14
13200 528 6717.95 6345.67 2 14
13200 529 -5463.19 -9287.51 2 14
13200 530 1219.24 -3045.27 0 14
13200 531 -4159.18 672.131 1 14
13200 532 5016.17 -70.5433 1 14
13200 533 2713.82 -9579.64 0 14
13200 534 7560.69 -5398.96 5 12
13200 535 -980.497 -9542.27 2 14
13200 536 -4475.69 9034.95 5 14
13200 537 6383.51 8598.67 2 14
13200 538 -5896.43 -5320.15 1 14
13200 539 1640.27 9319.73 1 14
13200 540 -7092.66 11.0771 1 14
13200 541 5114.45 -3763.63 1 14
13200 542 -2987.86 -5594.43 3 14
13200 543 7060.19 -9913.54 5 14
13200 544 -2383.54 -9524.06 1 14
13200 545 -9403.28 7395.59 0 14
13200 546 615.821 -9070.57 5 12
13200 547 -7789.94 -2126.57 0 14
13200 548 3161.69 -1625.26 2 14
13200 549 1351.35 -1700.58 1 14
13200 550 7812.97 -3018.84 0 14
13200 551 7136.54 -4272.38 0 14
13200 552 5208.06 4642.69 1 14
13200 553 -5398.28 3210.22 4 14
13200 554 822.282 9784.05 5 12
13200 555 1079.56 6688.94 0 14
13200 556 -6643.74 -8722.38 1 14
13200 557 3560.49 -9299.51 1 14
13200 558 8547.6 -5335.86 5 2
13200 559 7687.16 -747.135 4 14
13200 560 -9275.99 -9492.26 5 2
13200 561 -6113.06 8422 2 14
13200 562 -2549.4 -1561.39 0 14
13200 563 4776.31 1688.04 5 14
13200 564 5922.42 9843.97 1 14
13200 565 -5836.23 -1969.42 3 14
13200 566 5497.08 864.736 0 14
13200 567 7983.46 4349.79 5 2
13200 568 3053.37 -8444.17 1 14
13200 569 -3100.44 -3543.35 2 14
13200 570 2508.54 6520.81 2 14
13200 571 5801.94 7393.52 0 14
13200 572 -1884.73 1397.57 0 14
13200 573 -8637.59 -4206.35 0 14
13200 574 3944.1 -8044.95 5 8
13200 575 -583.789 -1611.73 0 14
13200 576 -2180.3 8175.14 1 14
13200 577 882.471 5849.89 5 4
13200 578 -3978.72 -5601.59 1 14
13200 579 1158.05 2928.76 0 14
13200 580 -4272.2 -1650.44 3 14
13200 581 2181.07 -9034.59 0 14
13200 582 -8017.23 9934.99 5 2
13200 583 1403.32 -9566.8 0 14
13200 584 -2458.77 9098.79 1 14
13200 585 7049.61 -2672.83 0 14
13200 586 2911.23 5251.17 0 14
13200 587 5622.55 -1861.79 5 12
13200 588 -1651.4 9502.35 0 14
13200 589 6195.55 2984.43 0 14
13200 590 7900.84 2387.46 0 14
13200 591 -2605.29 -4063.08 0 14
13200 592 9765.45 4694.04 2 14
13200 593 -2848.98 6520.12 1 14
13200 594 6878.94 446.276 0 14
13200 595 -7668.99 4288.14 2 14
13200 596 1647.52 -2187.69 0 14
13200 597 7028.86 -3411.68 2 14
13200 598 5212.8 4924.93 1 14
13200 599 2576.45 -1453.48 0 14
13200 600 4448.85 -9524.84 1 14
13200 601 -3876.56 -7109.94 5 2
13200 602 1259.14 254.485 5 12
13200 603 7289.91 617.765 2 14
13200 604 -5566.18 5920.23 0 14
13200 605 -7367.48 -9308.46 1 14
13200 606 3701.91 -6041.5 4 14
13200 607 3840.4 -6776.02 2 14
13200 608 3032.4 -5986.32 3 14
13200 609 -6089.69 4394.49 1 14
13200 610 3673.18 4213.6 2 14
13200 611 9730.63 -3059.61 1 14
13200 612 9817.46 9857.54 5 12
13200 613 -8964.05 -2772.15 0 14
13200 614 255.775 -723.396 5 12
13200 615 3776.07 1744.57 5 12
13200 616 5258.18 -5470.44 0 14
13200 617 4481.95 -6777.09 5 4
13200 618 -8698.12 -676.162 5 2
13200 619 -8645.33 1046.46 4 14
13200 620 -1900.7 -8573.91 1 14
13200 621 1271.74 -3740.46 1 14
13200 622 7966.35 5295.01 1 14
13200 623 -2090.75 2091.27 2 14
13200 624 -8815.6 7218.19 2 14
13200 625 6587.37 -5843.75 0 14
13200 626 2038.45 -3470.79 2 14
13200 627 7115.64 4240.66 3 14
13200 628 -3411 -5031.03 0 14
13200 629 -8733.17 -3818.47 5 12
13200 630 -6471.5 6324.13 0 14
13200 631 7223.12 -274.819 0 14
13200 632 9985.74 6058.51 2 14
13200 633 4583.31 -1113.91 5 14
13200 634 8317.81 -4216.15 5 4
13200 635 3703.39 -4969.34 0 14
13200 636 867.817 -3404.11 2 14
13200 637 3457.54 -9393.97 1 14
13200 638 3274.12 9591.21 0 14
13200 639 -4040.57 7660.96 5 2
13200 640 27.4003 732.76 5 14
13200 641 8203.58 7249.51 0 14
13200 642 1279.72 -536.684 1 14
13200 643 -3285.2 630.561 1 14
13200 644 -4226.65 9110.85 3 14
13200 645 5641.04 9890.23 0 14
13200 646 2295.49 -6758.14 1 14
13200 647 -1750.92 9980.06 2 14
13200 648 -3618.29 -1950.98 5 6
13200 649 2988.1 -9812.43 1 14
13200 650 538.259 -1389.18 4 14
13200 651 -4307.38 -7120.53 5 2
13200 652 -9578.36 -1309.93 0 14
13200 653 9876.01 1046.82 1 14
13200 654 -4539.01 -3619.4 5 12
13200 655 212.808 -5528.83 5 6
13200 656 -4093.55 -9762.84 0 14
13200 657 -3913.1 -3632.81 1 14
13200 658 9011.39 2503.51 1 14
13200 659 4927.32 8092.05 5 14
13200 660 9621.22 -6803.37 2 14
13200 661 4792.42 -9346.42 0 14
13200 662 2905.09 -2430.89 1 14
13200 663 9057.74 -7853.69 1 14
13200 664 -2594.09 8232.79 2 14
13200 665 4626.82 1596.09 2 14
13200 666 163.202 2793.96 0 14
13200 667 -2355.62 -5056.13 1 14
13200 668 9547.75 -6970.09 1 14
13200 669 -7827.87 -911.417 4 14
13200 670 -2162.45 6496.04 2 14
13200 671 -4558.26 6271.39 3 14
13200 672 -7865.86 9661.62 5 2
13200 673 -9224.57 -3000.89 0 14
13200 674 6198.98 -178.341 0 14
13200 675 -2196.04 -2019.76 0 14
13200 676 8642.06 5396.18 5 2
13200 677 -8340.28 4201.44 5 2
13200 678 5024.23 5034.85 0 14
13200 679 5253.9 -5807.18 1 14
13200 680 -1686.2 7262.16 0 14
13200 681 -5720.97 2889.31 2 14
13200 682 -6288.8 -9467.02 1 14
13200 683 6513.25 9412.19 2 14
13200 684 3216.66 -1174.68 1 14
13200 685 -2925.24 653.118 2 14
13200 686 1472.6 2878.66 0 14
13200 687 -1890.03 -2634.03 0 14
13200 688 9624.33 6250.45 1 14
13200 689 3315.74 -5576.94 3 14
13200 690 6125.33 -5561.25 1 14
13200 691 -1727.88 -1463.01 1 14
13200 692 -1408.91 4066.46 0 14
13200 693 -5303.66 6323.66 0 14
13200 694 -9596.26 -1922.94 2 14
13200 695 -4621.7 -896.623 1 14
13200 696 -1952 5375.86 1 14
13200 697 -8403.41 9803.75 5 4
13200 698 -3627.71 523.369 1 14
13200 699 -8828.95 4556.33 5 2
13200 700 -6113.89 4861 1 14
13200 701 -4350.39 9983 0 14
13200 702 3858.21 2518.28 5 10
13200 703 -3993.35 -4512.2 0 14
13200 704 -5991.37 -4440.78 0 14
13200 705 5192.21 3271.95 2 14
13200 706 -318.473 6655.77 0 14
13200 707 5607.77 -6220.21 1 14
13200 708 -2239.07 -5565.77 0 14
13200 709 -769.487 3269.48 1 14
13200 710 4831.13 -8956.13 2 14
13200 711 -1524.09 9590.51 0 14
13200 712 8264.48 5226.57 5 2
13200 713 4729.65 7318.23 5 2
13200 714 1045.56 6184.23 0 14
13200 715 4530.72 -5914.34 1 14
13200 716 -47.7859 -6019.05 1 14
13200 717 2249.02 4102.54 1 14
13200 718 6473.19 9717.02 1 14
13200 719 -8780.15 -9547.91 5 2
13200 720 4761.16 4649.1 0 14
13200 721 -3308.17 1942.07 3 14
13200 722 719.356 1154.53 1 14
13200 723 -7232.28 9998.71 3 14
13200 724 749.852 -2688.4 0 14
13200 725 -1048.74 -6159.6 1 14
13200 726 3267.1 7651.47 3 14
13200 727 -4293.17 8292 5 12
13200 728 1271.49 -4488.55 5 14
13200 729 -9191.84 -7400.22 0 14
13200 730 4478.42 8200.9 5 12
13200 731 -7319.09 -7248.74 0 14
13200 732 8540.27 -2025.49 0 14
13200 733 -4140.65 -5752.38 2 14
13200 734 -2045.03 9094.05 2 14
13200 735 -7191.33 -7183.41 1 14
13200 736 -6335.71 -5904.5 1 14
13200 737 7264.84 7469.21 1 14
13200 738 2598.61 7974.88 0 14
13200 739 4930.98 -7222 5 2
13200 740 8513.39 -9799.92 5 2
13200 741 -7293.73 -8318.77 1 14
13200 742 -9519.38 -1485.17 2 14
13200 743 -2237.55 1571.67 2 14
13200 744 -7932.53 2529.41 1 14
13200 745 6021.62 7857.7 1 14
13200 746 -1506.02 9082.41 1 14
13200 747 -5104.14 -4056.06 2 14
13200 748 1844.36 4276.18 1 14
13200 749 366.675 -3103.39 2 14
13200 750 -2467.12 1668.8 2 14
13200 751 -8.93484 3924.15 2 14
13200 752 593.813 -6531.91 1 14
13200 753 -8323.21 7259.17 1 14
13200 754 -3741.63 -6717.61 3 14
13200 755 2140.46 -7625.65 0 14
13200 756 4168.44 6393.43 0 14
13200 757 1682.56 -495.516 1 14
13200 758 -5008.06 -5261.22 2 14
13200 759 2444.69 -8444.69 1 14
13200 760 -2355.69 5385.86 1 14
13200 761 -9195.44 3252.5 2 14
13200 762 -2219.58 -9103.15 2 14
13200 763 -374.357 166.844 5 2
13200 764 6999.54 3263.23 1 14
13200 765 9002.38 5325.31 5 2
13200 766 -4469.16 303.426 0 14
13200 767 -1522.86 -3195.84 0 14
13200 768 5451.99 7865.58 3 14
13200 769 1967.53 8176.78 1 14
13200 770 4969.86 6638.56 2 14
13200 771 -2406.75 939.351 1 14
13200 772 -7882.49 -6671.12 3 14
13200 773 -6525.04 1761.55 1 14
13200 774 -1721.99 7801.14 0 14
13200 775 -754.13 426.514 5 6
13200 776 1063.84 3736 2 14
13200 777 5072.98 -6622.1 0 14
13200 778 -6493.61 3073.21 0 14
13200 779 -2528.27 -2087.02 3 14
13200 780 -3387.24 -9904.77 1 14
13200 781 3560.66 4592.33 0 14
13200 782 7814.06 6094.17 3 14
13200 783 2407.19 2399.69 3 14
13200 784 -3099.82 1118.58 1 14
13200 785 4498.37 -2016.48 5 2
13200 786 -4643.03 -3177.07 5 2
13200 787 3052.89 -7360.36 1 14
13200 788 8717.72 -3031.3 1 14
13200 789 188.929 7369.66 0 14
13200 790 -1658.62 5749.48 2 14
13200 791 -3074.86 2161.47 1 14
13200 792 -7344.25 4514.61 1 14
13200 793 -3491.38 6704.24 4 14
13200 794 3044.6 -1082.52 0 14
13200 795 -7713.04 -4632.77 5 4
13200 796 8435.81 -1965.3 2 14
13200 797 -8893.71 2901.06 1 14
13200 798 4043.84 -2564.28 5 2
13200 799 3168.6 -8400.09 1 14
13200 800 7304.97 -6377.54 2 14
13200 801 -1519.14 9599.92 0 14
13200 802 -1395.12 -6199.84 0 14
13200 803 442.388 -4978.51 5 2
13200 804 2432.74 -3831.19 1 14
13200 805 -5180.9 -9222.73 2 14
13200 806 -2021.5 4171.02 1 14
13200 807 6155.75 2418.14 1 14
13200 808 7473.38 8922.43 5 12
13200 809 -7858.24 3245.25 1 14
13200 810 1088.9 -2804.82 0 14
13200 811 -6284.88 -3716.36 0 14
13200 812 9453.34 -5471.99 4 14
13200 813 -1604.08 -6177.62 1 14
13200 814 -2527.13 -280.623 0 14
13200 815 1949.36 8434.49 1 14
13200 816 9686.46 -5695.29 3 14
13200 817 3472.37 -9425.89 2 14
13200 818 5232.91 -8158.59 4 14
13200 819 2693.13 2733.63 2 14
13200 820 -8306.13 482.96 5 2
13200 821 -4297.62 -637.383 0 14
13200 822 -840.732 -3736.47 0 14
13200 823 -3597.19 -9465.56 0 14
13200 824 -5257.93 3485.63 5 8
13200 825 5496.66 -8101.35 4 14
13200 826 -5654.75 -8514.33 3 14
13200 827 7228.66 -9937.18 4 14
13200 828 2660.79 5217.27 1 14
13200 829 9776.45 -3557.97 1 14
13200 830 8549.12 3730.04 3 14
13200 831 -5997.35 833.022 1 14
13200 832 -3913.96 -9881.03 1 14
13200 833 9592.44 3671.62 4 14
13200 834 5144.44 -7186.35 5 2
13200 835 -3084.32 -1376.38 1 14
13200 836 -5440.95 -4484.96 1 14
13200 837 -7439.69 6154.31 4 14
13200 838 -9417.91 -9521.93 5 14
13200 839 -5434.9 4712.36 1 14
13200 840 5311.49 -6529.39 1 14
13200 841 -9730.39 -9849.85 5 6
13200 842 3578.98 7984.11 5 10
13200 843 -7993.69 -3362.53 0 14
13200 844 9063.56 2477.54 1 14
13200 845 -9945.85 -7423.97 1 14
13200 846 3305.69 -9310.34 1 14
13200 847 -2204.45 -7990.82 0 14
13200 848 -484.692 -8023.65 0 14
13200 849 5249.77 8951.58 1 14
13200 850 1364.8 -1227.88 1 14
13200 851 552.932 -9843.71 5 2
13200 852 4373.87 5134.35 0 14
13200 853 -2046.62 8256.12 1 14
13200 854 2903.09 3318.54 2 14
13200 855 -4310.87 1539.12 5 14
13200 856 6986.52 7099.32 1 14
13200 857 936.788 5455.58 1 14
13200 858 5680.4 -6107.99 0 14
13200 859 2806.28 6560.41 1 14
13200 860 -1168.14 -310.506 5 8
13200 861 39.6185 9611.14 5 2
13200 862 -5535.39 1016.99 0 14
13200 863 7218.2 -3599.31 1 14
13200 864 9028.79 620.996 3 14
13200 865 -2242.3 4040.96 1 14
13200 866 -4388.83 -9314.6 2 14
13200 867 1846.69 9573.56 0 14
13200 868 6928.94 -7649.88 1 14
13200 869 -4011.62 5347.87 0 14
13200 870 977.008 -2501.81 1 14
13200 871 -1893.04 3576.43 0 14
13200 872 -1299.96 -1227.8 2 14
13200 873 -1308.34 -4565.04 2 14
13200 874 2341.32 7264.39 2 14
13200 875 4485.92 3307.38 5 6
13200 876 693.791 -1387.9 1 14
13200 877 -8709.7 -6553.34 1 14
13200 878 -2094.39 45.4745 1 14
13200 879 5361.27 -6178.36 0 14
13200 880 7789.91 1018.04 1 14
13200 881 5963.59 -7207.5 1 14
13200 882 9784.47 -129.243 1 14
13200 883 625.412 -2043.3 0 14
13200 884 -2132.86 -6182.01 0 14
13200 885 142.73 -5852.3 5 4
13200 886 7397.77 -9787.22 5 14
13200 887 -2473.81 -768.073 0 14
13200 888 4998.71 -7056.6 5 10
13200 889 5068.9 -8915.91 1 14
13200 890 -7287.52 6379.58 1 14
13200 891 -2011.08 4047.37 1 14
13200 892 3115.09 8773.37 1 14
13200 893 8826.24 -3456.31 2 14
13200 894 3043.96 -4182.68 0 14
13200 895 9865.71 6307.97 1 14
13200 896 -6951.36 -9928.66 2 14
13200 897 -5083.85 6099.97 3 14
13200 898 -1372.82 855.564 1 14
13200 899 9375.77 1293.18 1 14
13200 900 -2937.45 8969.54 2 14
13200 901 9110.61 -9038.52 2 14
13200 902 509.064 -7522.46 1 14
13200 903 7772.58 3710.35 0 14
13200 904 8926.91 4350.6 5 2
13200 905 -3329.78 3939 2 14
13200 906 -432.122 2973.18 1 14
13200 907 6009.62 -3187.27 0 14
13200 908 -1771.49 -2409.6 2 14
13200 909 5227.07 -6823.44 2 14
13200 910 -7958.29 -4734.77 5 8
13200 911 5245.25 -4669.65 0 14
13200 912 9226.78 -6155.59 2 14
13200 913 5936.21 729.139 1 14
13200 914 6102.02 -7532.84 1 14
13200 915 7265.87 1050.8 1 14
13200 916 -9552.74 4001.23 2 14
13200 917 -6443.25 -1849.98 0 14
13200 918 5003.9 -5980.74 0 14
13200 919 7785.2 1213.57 5 14
13200 920 1038.6 -9130.71 3 14
13200 921 -3798.65 -4594.89 2 14
13200 922 -4074.46 -919.862 2 14
13200 923 2695.11 1307.04 1 14
13200 924 -3835.51 8466.67 5 8
13200 925 9848.99 -8439.05 1 14
13200 926 -6365.2 6971.36 1 14
13200 927 9672.37 3727.39 2 14
13200 928 9307.59 -7851.18 1 14
13200 929 9575.27 5040.69 2 14
13200 930 -7588.92 7276.98 0 14
13200 931 7735.01 -5466.17 4 14
13200 932 1081.74 6332.65 1 14
13200 933 -6169.52 2880.07 1 14
13200 934 -8362.48 -4671.4 5 2
13200 935 -2017.5 9075.67 0 14
13200 936 -998.927 2273.75 1 14
13200 937 5223.52 5364.79 0 14
13200 938 5401.9 2665.68 2 14
13200 939 924.236 4763.47 5 6
13200 940 -6522.64 75.194 1 14
13200 941 5924.65 6987.48 1 14
13200 942 2255.76 -2621.85 0 14
13200 943 -4135.13 5774.45 5 14
13200 944 -3139.73 9472.96 0 14
13200 945 3428.21 7118.15 5 14
13200 946 -4293.09 -6916.17 5 2
13200 947 2934.57 3757.86 3 14
13200 948 9144.23 -8047.83 2 14
13200 949 -9840.34 5408.15 5 8
13200 950 8975.51 799.628 2 14
13200 951 6977.96 6375.95 0 14
13200 952 4309.85 7353.19 5 2
13200 953 9155.87 -7771.56 0 14
13200 954 -1938.95 -9662.94 2 14
13200 955 3553.08 -3269.63 5 10
13200 956 5119.1 -8218.22 1 14
13200 957 7336.96 6716.62 0 14
13200 958 2471.39 -6574.07 2 14
13200 959 1410.15 -5463.22 2 14
13200 960 3056.95 5754.89 0 14
13200 961 1171.47 -5225.85 3 14
13200 962 -2343.98 6505.6 1 14
13200 963 3895.67 9699.79 1 14
13200 964 5612.85 3676.53 3 14
13200 965 -2475.11 -7256.77 0 14
13200 966 -184.581 5107.88 5 2
13200 967 9528.27 -6782.69 1 14
13200 968 8073.32 -4937.73 0 14
13200 969 -9671.79 -9458.07 5 6
13200 970 -93.5957 -1552.3 1 14
13200 971 5234.41 -1525.22 0 14
13200 972 -6791.22 -1406.6 0 14
13200 973 1726.79 -881.06 0 14
13200 974 1584.04 -2667.1 1 14
13200 975 1038.49 9643.93 4 14
13200 976 7070.26 4452.65 3 14
13200 977 -2102.52 -6946.14 0 14
13200 978 704.667 -1737.4 1 14
13200 979 -7616.49 2169.39 0 14
13200 980 1212.48 9069.78 0 14
13200 981 2980.31 8494.01 0 14
13200 982 -3699.79 -4318.14 0 14
13200 983 -1947.17 -9144.93 0 14
13200 984 4080.95 -6571.79 4 14
13200 985 -8742.55 -8318.16 0 14
13200 986 -4812.7 5670.31 4 14
13200 987 2864.79 1635 2 14
13200 988 -3662.18 4087.73 0 14
13200 989 9154.31 3426.92 3 14
13200 990 -4945.73 890.957 1 14
13200 991 681.612 -4903.7 5 6
13200 992 7365.84 -2125.8 0 14
13200 993 8860.76 -271.873 5 2
13200 994 818.946 4230.03 3 14
13200 995 5515.69 -4954.6 0 14
13200 996 -7169.11 -2915.2 0 14
13200 997 -6113.07 -7665.64 0 14
13200 998 1614.41 -2284.91 0 14
13200 999 6063.29 -4988.05 0 14
13200 1000 6710.56 4237.39 3 14
13200 1001 -338.417 5764.44 2 14
13200 1002 -1738.42 -5862.64 1 14
13200 1003 1177.73 5780.69 5 14
13200 1004 -7519.55 -7278.53 0 14
13200 1005 -9378.43 -1072.04 5 8
13200 1006 -6483.97 7887.22 0 14
13200 1007 -7285.38 -293.611 3 14
13200 1008 -5791.11 9175 2 14
13200 1009 -2366.44 6617.17 0 14
13200 1010 -2336.42 -7673.43 0 14
13200 1011 6651.16 -8172.91 3 14
13200 1012 -6470.82 1704.13 0 14
13200 1013 -4608.7 6923.16 5 2
13200 1014 -747.642 -8398.31 0 14
13200 1015 -6343.29 9351.47 0 14
13200 1016 8319.86 3068.47 2 14
13200 1017 7419.95 -6616.28 0 14
13200 1018 2741.34 6213.16 1 14
13200 1019 -9550.88 -7414.48 1 14
13200 1020 -118.017 -2110.33 1 14
13200 1021 3581.46 -590.112 1 14
13200 1022 6108.79 -6193.42 1 14
13200 1023 -5482.89 703.324 0 14
13200 1024 926.946 6642.13 0 14
13200 1025 -5841.57 -4624.22 0 14
13200 1026 -3100.91 7934.4 1 14
13200 1027 8364.06 1142.71 5 14
13200 1028 5572.47 -2338.97 1 14
13200 1029 2884.95 -9850.69 0 14
13200 1030 7426.94 -8553.16 4 14
13200 1031 -9251.76 -9005.08 5 14
13200 1032 900.585 107.534 5 8
13200 1033 -8984.63 8474.91 2 14
13200 1034 -3784.64 4907.96 0 14
13200 1035 -8266.83 3747.2 1 14
13200 1036 -6088.49 6498.04 0 14
14400 37 5776.01 -3723.43 0 14
14400 38 -6929.44 -4978.88 1 14
14400 39 -7046.08 -6934.2 1 14
14400 40 6356.41 -2459.33 0 14
14400 41 5311.03 -7317.56 2 14
14400 42 -5830 9360.31 1 14
14400 43 -7163.82 5932.44 0 14
14400 44 6917.07 1162.03 0 14
14400 45 1970.24 -5092.32 1 14
14400 46 -652.807 -4667.99 5 2
14400 47 -1368.42 -1698.61 0 14
14400 48 4657.25 -7452.53 5 2
14400 49 3083.42 2843.65 2 14
14400 50 5000.59 -6743 2 14
14400 51 2490.71 -2117 2 14
14400 52 -2304.27 -2794.26 1 14
14400 53 -4254.74 -9136.61 3 14
14400 54 -8547.34 -5159.25 5 2
14400 55 1423.85 9552.13 2 14
14400 56 -5715.2 -1759 0 14
14400 57 -4359.61 -7592.59 5 2
14400 58 3942.81 5097.39 0 14
14400 59 9856.63 -6273.47 2 14
14400 60 -7934.88 -5422.22 3 14
14400 61 1493.58 -3459.75 1 14
14400 62 4423.34 -8204.35 0 14
14400 63 -8614.6 404.098 5 2
14400 64 3357.04 2753.71 5 6
14400 65 1576.5 589.58 1 14
14400 66 3935.4 4759.45 0 14
14400 67 -4274.89 -8191.27 5 10
14400 68 268.593 6898.82 0 14
14400 69 2159.15 -4129.83 0 14
14400 70 -1576.72 9691.01 0 14
14400 71 -2670.49 -4782.95 0 14
14400 72 1478.89 6818.95 0 14
14400 73 221.707 -3783.92 1 14
14400 74 -3442.79 2843.55 3 14
14400 75 -5106.95 6273.79 5 12
14400 76 -8560.12 -4621.3 5 2
14400 77 90.5277 9024.06 5 2
14400 78 8249.13 272.889 5 2
14400 79 8415.03 7391.53 2 14
14400 80 -2566.63 3779.84 1 14
14400 81 -3360.92 619.238 1 14
14400 82 -9874.6 -5636.14 1 14
14400 83 1473.31 -6980.73 1 14
14400 84 6412.91 6626.17 1 14
14400 85 -8121.37 6372.21 5 10
14400 86 -3272.22 1628.08 4 14
14400 87 -1806.55 4727.91 3 14
14400 88 -2758.28 -1748.47 2 14
14400 89 6548.16 6508.44 1 14
14400 90 4498.81 -7135.85 5 2
14400 91 8384.09 -2978.31 1 14
14400 92 608.596 -5351.09 5 2
14400 93 -975.063 6214.93 1 14
14400 94 -5177.73 2123.11 3 14
14400 95 -2535.9 -3648.31 0 14
14400 96 9369.65 3348.67 0 14
14400 97 9015.99 4511.64 5 4
14400 98 -3233.7 6591.66 4 14
14400 99 5804.48 -2131.28 5 14
14400 100 -8891.35 -6976.28 2 14
14400 101 -7688.6 -6703.19 1 14
14400 102 -2226.03 468.449 1 14
14400 103 712.66 -7757.68 2 14
14400 104 630.228 1668.2 2 14
14400 105 -5322.39 7430 3 14
14400 106 -6202.5 7274.89 0 14
14400 107 5594.74 2853.45 5 10
14400 108 -164.963 -1006.77 5 14
14400 109 8127.34 4040.02 2 14
14400 110 937.534 666.934 2 14
14400 111 -7242.88 5640.92 0 14
14400 112 5383.96 -6426.54 0 14
14400 113 -8642.24 4963.41 5 2
14400 114 -6145.79 9541.79 1 14
14400 115 -6432 6123.18 1 14
14400 116 9736.01 5728.42 0 14
14400 117 -5477.71 -3201.03 5 14
14400 118 -3709.37 2132.2 5 14
14400 119 -9798.74 1245.25 0 14
14400 120 -1629.89 3033.87 1 14
14400 121 -6227.16 9819.53 1 14
14400 122 -6221.34 -6953 0 14
14400 123 1586.98 -5484.02 0 14
14400 124 -7838.01 7702.9 0 14
14400 125 -9891.76 1695.74 1 14
14400 126 -3129.32 4893.48 0 14
14400 127 629.084 -577.515 3 14
14400 128 -5099.99 -4951.87 0 14
14400 129 -9166.4 -8394.07 3 14
14400 130 9114.12 -7109.69 1 14
14400 131 -7423.08 -2791.51 2 14
14400 132 2616.55 -3345.54 0 14
14400 133 679.83 6687.48 1 14
14400 134 1707.64 -3456.64 0 14
14400 135 1473.9 6125.85 3 14
14400 136 -5112.69 7894 5 14
14400 137 -9878.94 -7455.93 1 14
14400 138 -3130.39 -4045.25 1 14
14400 139 2492.38 2413.38 2 14
14400 140 6187.27 8922.17 2 14
14400 141 4560.64 4578.19 1 14
14400 142 -141.208 8738.14 5 10
14400 143 -2512.85 -3385.89 2 14
14400 144 -8542.67 2677.88 1 14
14400 145 -220.597 124.839 5 2
14400 146 8523.25 -1991.77 1 14
14400 147 7951.59 8970.69 5 8
14400 148 743.668 8431.15 2 14
14400 149 1337.55 9637.62 0 14
14400 150 -7621.95 5846.53 2 14
14400 151 -391.693 264.498 5 4
14400 152 -7811.88 7728.28 2 14
14400 153 4493.07 -5810.04 4 14
14400 154 -5441.17 2621.85 2 14
14400 155 7286.87 5034.11 2 14
14400 156 -4025.64 1532.49 5 2
14400 157 -8157.98 -8067.44 1 14
14400 158 2520.89 -7609.18 2 14
14400 159 -9040.74 -9279.93 5 2
14400 160 9495.15 -4088.78 3 14
14400 161 -7325.26 -2408.55 0 14
14400 162 -8324.24 5669.9 5 2
14400 163 6766.34 1857.43 1 14
14400 164 -1332.16 6879.31 0 14
14400 165 4500.37 9368.42 0 14
14400 166 -8973.44 9215.94 5 2
14400 167 9462.13 4055.34 2 14
14400 168 -5345.52 -1451.61 0 14
14400 169 -4536.55 -7398.25 5 2
14400 170 -2681.16 -8680.54 0 14
14400 171 -7596.94 -1049.21 5 14
14400 172 -8978.54 -1269.9 1 14
14400 173 7724.63 -8392.5 0 14
14400 174 -5254.37 -6003.95 0 14
14400 175 3212.36 -8674.55 2 14
14400 176 -9504.18 3522.8 2 14
14400 177 1604.9 5801.5 0 14
14400 178 3860.81 -8444.6 5 14
14400 179 -7193.85 -9268.68 2 14
14400 180 -3139.05 8089.6 1 14
14400 181 6336.75 -4714.23 0 14
14400 182 8316.66 5105.97 5 2
14400 183 6785 -7389.51 0 14
14400 184 9396.57 -5648.92 5 14
14400 185 -7082.5 5437.48 1 14
14400 186 4636.22 7250.3 5 2
14400 187 5372.68 -6401.72 1 14
14400 188 -2153.68 -8559.11 2 14
14400 189 5049.07 3267.16 3 14
14400 190 -7015.06 4388.7 3 14
14400 191 9607.62 -3572.32 0 14
14400 192 -8391.95 8636.12 5 12
14400 193 3971.08 -3545.83 5 4
14400 194 -3648.44 -9465.4 2 14
14400 195 5255.76 -8547 0 14
14400 196 4526.43 1736.86 5 2
14400 197 9613.5 -10.6149 2 14
14400 198 4653.56 -5374.19 2 14
14400 199 3033.7 6573.43 1 14
14400 200 -7730.63 -1244.2 3 14
14400 201 -5183.45 5294.2 0 14
14400 202 -7284.32 -4023.87 2 14
14400 203 -2597.62 -5352.4 0 14
14400 204 -9567.34 377.916 5 12
14400 205 6529.42 -4171.72 2 14
14400 206 -3048.36 -9278.28 1 14
14400 207 9495.53 -3783.9 2 14
14400 208 -1371.85 7520.64 1 14
14400 209 6580.8 9052.89 1 14
14400 210 -2259.89 -7156.19 1 14
14400 211 -7097.17 9609.69 3 14
14400 212 7357 -1136.32 1 14
14400 213 6003.11 2688.74 4 14
14400 214 -4023.03 -5095.98 1 14
14400 215 -749.396 5933.76 2 14
14400 216 -3032.77 -9493.31 0 14
14400 217 4812.66 -2380.45 5 2
14400 218 -4235.63 -8863.31 3 14
14400 219 7402.13 -3434.13 0 14
14400 220 2929.61 2261.97 2 14
14400 221 -8313.31 551.917 5 2
14400 222 1425.33 -5877.29 0 14
14400 223 1929.3 -5994.57 0 14
14400 224 1669.04 2208.12 1 14
14400 225 -2985.18 4295.69 3 14
14400 226 4534.59 9671.09 2 14
14400 227 -1635.22 -1788.72 1 14
14400 228 -8936.31 7419.55 1 14
14400 229 -8578.94 4113.49 3 14
14400 230 -3188.6 -4482.63 2 14
14400 231 -5183.99 -3706.59 2 14
14400 232 -8076 1651.19 0 14
14400 233 -1015.9 9917.97 5 12
14400 234 -9384.34 3103.6 1 14
14400 235 3326.89 3678.99 1 14
14400 236 3811.11 -7153.8 5 2
14400 237 2276.18 5534.53 1 14
14400 238 4003.47 8762.59 5 12
14400 239 7510.47 -6141.55 0 14
14400 240 1481.83 -4945.26 3 14
14400 241 -183.251 5738.75 5 2
14400 242 7758.8 4115.76 2 14
14400 243 9840.16 -3761.96 2 14
14400 244 9673.31 -701.293 4 14
14400 245 3965.99 965.082 0 14
14400 246 5972.21 6556.25 0 14
14400 247 2369.96 3330.86 1 14
14400 248 -9834.48 760.389 2 14
14400 249 -6370.49 4663.41 0 14
14400 250 1938.25 4678.8 0 14
14400 251 1715.29 -6377 0 14
14400 252 1292.23 355.139 5 14
14400 253 -7729.81 -2958.45 1 14
14400 254 1744.41 3311.63 1 14
14400 255 -1628.98 5482.6 1 14
14400 256 -564.069 1692.57 1 14
14400 257 -1937.15 104.681 4 14
14400 258 6460.02 8813.79 1 14
14400 259 -4827.84 7504.56 5 8
14400 260 -171.492 -2868.39 3 14
14400 261 5229.98 6713.81 5 14
14400 262 -199.871 -502.766 5 2
14400 263 3614.5 -6667.27 1 14
14400 264 -7280.17 5387 2 14
14400 265 -5363.09 -6840.89 1 14
14400 266 -3240.25 8760.2 3 14
14400 267 4389.68 7041.86 5 2
14400 268 -9803.59 -8425.96 0 14
14400 269 -823.137 -9062.4 0 14
14400 270 6700.26 8820.97 0 14
14400 271 8372.46 -2470.17 1 14
14400 272 3215.59 1089.35 0 14
14400 273 -5687.52 9574.84 1 14
14400 274 9082.39 -8680.79 3 14
14400 275 -6593.7 -9164.65 1 14
14400 276 -755.596 2496.71 0 14
14400 277 2616.84 -7773.38 2 14
14400 278 -8781.88 -2026.72 1 14
14400 279 -1105.03 6804.67 0 14
14400 280 -6374.64 7179.55 1 14
14400 281 8997.93 -9311.58 5 2
14400 282 -4404.35 566.947 1 14
14400 283 -5332.41 710.133 0 14
14400 284 -4938.89 -4789.2 1 14
14400 285 -9146.13 8480.57 3 14
14400 286 7013.94 2417.95 1 14
14400 287 1847.04 -4823.84 1 14
14400 288 -5199.63 -1978.56 5 12
14400 289 6392.62 -9248.51 1 14
14400 290 -6580.01 7895.57 0 14
14400 291 6598.74 -8267.39 1 14
14400 292 4748.72 5757.53 4 14
14400 293 1437.48 9450.49 1 14
14400 294 -9827.98 -9365.42 5 2
14400 295 -57.2011 8137.98 2 14
14400 296 -9123.49 -1606.82 0 14
14400 297 4330.75 -3244.26 5 8
14400 298 9718.97 1144.83 0 14
14400 299 4993.17 5494.27 0 14
14400 300 3872.99 8635.55 0 14
14400 301 7651.87 9793.58 5 2
14400 302 6497.94 -5513.57 1 14
14400 303 -4642.96 -1939.2 5 2
14400 304 5228.08 -7972.29 5 12
14400 305 7828.36 4590.34 5 14
14400 306 9952.84 1876.51 1 14
14400 307 7717.12 -1053.11 2 14
14400 308 1556.55 349.238 2 14
14400 309 -603.178 6167.08 1 14
14400 310 -6802.95 -8692.99 1 14
14400 311 2686.64 -6523 1 14
14400 312 9521.94 -385.484 5 12
14400 313 5627.5 -1045.91 0 14
14400 314 -2933.61 -6245.38 2 14
14400 315 -8631.05 -3016.65 0 14
14400 316 -7874.67 -1123.68 2 14
14400 317 -8381.75 3698.88 2 14
14400 318 3386.58 2991.66 5 14
14400 319 -7873.87 -5335.08 2 14
14400 320 3147.84 2632.88 2 14
14400 321 -140.099 1350.51 0 14
14400 322 -3775.01 -733.247 0 14
14400 323 3781.52 -1323.66 3 14
14400 324 7664.24 5234.81 2 14
14400 325 -9164.35 -4495.07 5 4
14400 326 271.01 995.434 3 14
14400 327 2284.53 2667.69 1 14
14400 328 -5781.92 7423.59 2 14
14400 329 -590.597 -7705.69 0 14
14400 330 -5491.04 -2852.09 5 14
14400 331 -7375.25 8473.68 1 14
14400 332 -3247.96 8117.58 1 14
14400 333 8599.4 1384.32 3 14
14400 334 9643.05 -1396.5 3 14
14400 335 -4750.24 9400.73 1 14
14400 336 2299.44 -1830.5 0 14
14400 337 89.5591 -7315.44 1 14
14400 338 1233.69 -4241.32 1 14
14400 339 327.284 282.951 5 2
14400 340 5716.67 -5149.34 1 14
14400 341 5326.36 -812.226 0 14
14400 342 -4273.9 7688.82 5 2
14400 343 8675.59 5293.34 5 2
14400 344 -3829.74 7514.49 5 2
14400 345 -8027.18 -2570.33 0 14
14400 346 7743.81 8411.56 2 14
14400 347 2306.56 7468.9 2 14
14400 348 5430.89 2293.63 5 2
14400 349 5661.55 4792.71 0 14
14400 350 -4682.58 -5725.36 4 14
14400 351 4589.25 8234.66 5 14
14400 352 -893.472 8964.07 3 14
14400 353 -4396.9 6456.96 5 10
14400 354 -3977.76 2644.82 5 2
14400 355 6152.38 -2072.96 1 14
14400 356 1471.65 5772.74 0 14
14400 357 6353.78 -7366.65 0 14
14400 358 -9502.55 -4108.17 2 14
14400 359 -1933.1 3607.28 1 14
14400 360 8691.06 -3412.04 0 14
14400 361 8517.87 9882.04 5 2
14400 362 -8206.91 -942.289 5 14
14400 363 7614.45 1793.42 1 14
14400 364 -1140.93 -1420 1 14
14400 365 4270.9 5526.18 1 14
14400 366 -3802.64 -2365.36 5 12
14400 367 -2777.14 -464.718 1 14
14400 368 4011.73 -9735.32 2 14
14400 369 9237.66 -6023.57 5 2
14400 370 -114.672 9211.1 5 10
14400 371 7543.36 -2950.8 0 14
14400 372 4827.07 4030.46 2 14
14400 373 7481.28 7927.84 0 14
14400 374 -8052.04 -4977.83 5 8
14400 375 -734.599 -6061.93 3 14
14400 376 -4564.67 7807.92 5 2
14400 377 6858.65 -1138.86 1 14
14400 378 -652.142 -106.815 5 2
14400 379 2683.34 7793.34 0 14
14400 380 -4474.02 -4436.74 0 14
14400 381 -1508.18 9426.87 3 14
14400 382 9250.1 -708.251 5 10
14400 383 6827.2 9525.41 0 14
14400 384 4894.91 5773.75 0 14
14400 385 -8463.65 -7225.74 1 14
14400 386 -4143.05 -1262.92 3 14
14400 387 -1423.85 -2118.31 0 14
14400 388 8001.78 -6052.28 5 12
14400 389 6730.61 -4453.56 1 14
14400 390 7745.21 2437.69 1 14
14400 391 5314.33 -569.779 3 14
14400 392 -8709.71 -2180.14 0 14
14400 393 955.386 -5707.82 1 14
14400 394 -6886.89 -7848.18 2 14
14400 395 6852.51 -7841.63 1 14
14400 396 -9081.94 -2101.86 0 14
14400 397 9217.88 3703.76 1 14
14400 398 3763.53 -7129.6 5 2
14400 399 -7982.74 -8141.51 1 14
14400 400 535.675 5782.04 3 14
14400 401 -5670.27 6865.94 4 14
14400 402 -7150.4 -1136.26 3 14
14400 403 -9454.76 6810.99 1 14
14400 404 -3450.77 -194.574 0 14
14400 405 -500.047 -3521.47 2 14
14400 406 -8035.16 -3693.9 2 14
14400 407 -6023.31 8629.8 2 14
14400 408 90.5797 1774.97 0 14
14400 409 -7150.83 -1026 1 14
14400 410 9481.61 -8799.49 3 14
14400 411 5194.91 -6936.74 5 10
14400 412 -1699.11 6359.21 1 14
14400 413 -2401.54 2290.5 0 14
14400 414 -6894.91 -4744.06 2 14
14400 415 -1278.95 927.431 0 14
14400 416 8521.6 742.958 2 14
14400 417 1387.81 9284.94 3 14
14400 418 -2078.74 718.415 1 14
14400 419 -4617.94 7873.11 5 4
14400 420 -9258.95 6959.93 2 14
14400 421 -1378.72 -1306.03 1 14
14400 422 -6297.44 -6271.09 1 14
14400 423 1282.91 -9010.06 2 14
14400 424 5320.32 1788.66 5 10
14400 425 881.932 2865.92 1 14
14400 426 2309.43 6535 0 14
14400 427 7647.95 -9520.73 5 2
14400 428 9006.75 -7325.65 0 14
14400 429 7399.16 -106.866 5 8
14400 430 2455.87 -3014.17 0 14
14400 431 4719.98 -9163.1 2 14
14400 432 1565.08 -5496.85 1 14
14400 433 -9307.37 9124.98 5 2
14400 434 -7235.37 9643.55 1 14
14400 435 2922.96 -3111.25 2 14
14400 436 8120.24 -2199.14 0 14
14400 437 919.548 -7635.52 1 14
14400 438 -799.529 6102.64 1 14
14400 439 2106.37 -5846.37 1 14
14400 440 5947.15 3121.12 3 14
14400 441 9253.49 268.763 5 12
14400 442 6457.19 -3134.39 1 14
14400 443 -8230.07 5575.64 5 2
14400 444 -760.469 3935.09 0 14
14400 445 -4977.41 -5970.61 5 14
14400 446 -7828.45 -5852.47 4 14
14400 447 4150.4 7941.22 5 2
14400 448 5395 9065.31 1 14
14400 449 -5210.86 -4491 0 14
14400 450 5279.78 -5948.17 3 14
14400 451 -3205.8 -3948.14 1 14
14400 452 -6125.39 9821.07 1 14
14400 453 7113.35 4295.14 1 14
14400 454 -604.928 -300.61 5 4
14400 455 8791.13 -1299.11 4 14
14400 456 -7265.77 -3897.54 2 14
14400 457 4203.05 -5396.76 3 14
14400 458 -8520.91 9804.58 5 2
14400 459 -8467.3 -3629 5 10
14400 460 -7200.87 -1061.58 1 14
14400 461 -456.227 -424.896 5 12
14400 462 4215.77 -799.6 2 14
14400 463 1041.13 3053.59 0 14
14400 464 -8273.75 -7940.05 1 14
14400 465 9887.47 -759.571 1 14
14400 466 -1219.64 -2604.54 1 14
14400 467 -2097.32 4756.66 1 14
14400 468 -1098.12 2167.7 1 14
14400 469 -7377.97 6689.5 0 14
14400 470 4327.78 -9360.22 1 14
14400 471 -8774.65 -2382.88 1 14
14400 472 -1033.39 -9917.84 5 12
14400 473 2449.74 7746.16 1 14
14400 474 -3415.96 -6843.75 5 14
14400 475 -9836.62 -8395.76 2 14
14400 476 -8061.44 4826.13 5 2
14400 477 8825.25 -8877.14 5 2
14400 478 6045.71 141.526 1 14
14400 479 7983.67 1268.16 2 14
14400 480 -9738.88 1066.34 2 14
14400 481 -8473.55 5334.32 5 2
14400 482 765.557 -3110.8 0 14
14400 483 -507.809 -4666.13 2 14
14400 484 -5853.02 -4702.19 0 14
14400 485 215.068 3251.86 3 14
14400 486 -1500.14 32.1996 3 14
14400 487 6750.09 -8452.15 2 14
14400 488 -3921.33 546.156 2 14
14400 489 1926.34 -4266.59 2 14
14400 490 -3361.69 7677.51 5 10
14400 491 7060.27 4569.7 2 14
14400 492 1478.1 5839.43 1 14
14400 493 2015.81 -4724.16 0 14
14400 494 -458.488 5845.3 5 4
14400 495 9109.57 9582.68 5 2
14400 496 -5923.34 12.7619 2 14
14400 497 -5585.25 444.196 2 14
14400 498 -8186.01 4096.17 5 6
14400 499 3977.57 2448.98 5 8
14400 500 -8421.99 -5864.66 5 14
14400 501 7162.35 3491.88 0 14
14400 502 5122.34 771.236 2 14
14400 503 8416.91 5338 5 2
14400 504 2379.22 -4251.45 0 14
14400 505 395.565 -8005.72 0 14
14400 506 -5335.68 -2264.18 3 14
14400 507 -215.472 8859.35 3 14
14400 508 -3552.73 -2621.11 5 12
14400 509 2337.67 6705.59 3 14
14400 510 -3867.89 2846.06 5 8
14400 511 -703.907 -9250.9 1 14
14400 512 2355.96 -3926.64 3 14
14400 513 7419.68 -2523.28 0 14
14400 514 3564.82 -346.956 0 14
14400 515 7566.35 -2207.53 0 14
14400 516 3994.9 1857.41 3 14
14400 517 723.542 233.067 5 14
14400 518 9454.42 -7311.92 2 14
14400 519 3872.77 5711.71 0 14
14400 520 -8655.6 -1696.3 0 14
14400 521 -8638.63 4476.06 5 2
14400 522 -9961.33 9081.83 2 14
14400 523 506.34 -4508.5 5 2
14400 524 7458.41 5026.2 3 14
14400 525 7397.57 5404.21 2 14
14400 526 2300.46 -5273.43 0 14
14400 527 -4539.05 9542.9 1 14
14400 528 6717.95 6345.67 2 14
14400 529 -5463.19 -9287.51 2 14
14400 530 1219.24 -3045.27 0 14
14400 531 -4159.18 672.131 1 14
14400 532 5016.17 -70.5433 1 14
14400 533 2713.82 -9579.64 0 14
14400 534 7560.69 -5398.96 5 10
14400 535 -980.497 -9542.27 4 14
14400 536 -4475.69 9034.95 5 14
14400 537 6383.51 8598.67 2 14
14400 538 -5896.43 -5320.15 1 14
14400 539 1640.27 9319.73 1 14
14400 540 -7092.66 11.0771 1 14
14400 541 5114.45 -3763.63 1 14
14400 542 -2987.86 -5594.43 2 14
14400 543 7060.19 -9913.54 4 14
14400 544 -2383.54 -9524.06 1 14
14400 545 -9403.28 7395.59 0 14
14400 546 615.821 -9070.57 5 14
14400 547 -7789.94 -2126.57 0 14
14400 548 3161.69 -1625.26 3 14
14400 549 1351.35 -1700.58 1 14
14400 550 7812.97 -3018.84 0 14
14400 551 7136.54 -4272.38 0 14
14400 552 5208.06 4642.69 1 14
14400 553 -5398.28 3210.22 5 12
14400 554 822.282 9784.05 5 6
14400 555 1079.56 6688.94 0 14
14400 556 -6643.74 -8722.38 1 14
14400 557 3560.49 -9299.51 1 14
14400 558 8547.6 -5335.86 5 2
14400 559 7687.16 -747.135 5 14
14400 560 -9275.99 -9492.26 5 2
14400 561 -6113.06 8422 2 14
14400 562 -2549.4 -1561.39 0 14
14400 563 4776.31 1688.04 5 12
14400 564 5922.42 9843.97 1 14
14400 565 -5836.23 -1969.42 4 14
14400 566 5497.08 864.736 0 14
14400 567 7983.46 4349.79 5 2
14400 568 3053.37 -8444.17 1 14
14400 569 -3100.44 -3543.35 3 14
14400 570 2508.54 6520.81 2 14
14400 571 5801.94 7393.52 0 14
14400 572 -1884.73 1397.57 0 14
14400 573 -8637.59 -4206.35 3 14
14400 574 3944.1 -8044.95 5 8
14400 575 -583.789 -1611.73 1 14
14400 576 -2180.3 8175.14 1 14
14400 577 882.471 5849.89 5 14
14400 578 -3978.72 -5601.59 1 14
14400 579 1158.05 2928.76 0 14
14400 580 -4272.2 -1650.44 4 14
14400 581 2181.07 -9034.59 0 14
14400 582 -8017.23 9934.99 5 2
14400 583 1403.32 -9566.8 0 14
14400 584 -2458.77 9098.79 1 14
14400 585 7049.61 -2672.83 0 14
14400 586 2911.23 5251.17 0 14
14400 587 5622.55 -1861.79 5 10
14400 588 -1651.4 9502.35 0 14
14400 589 6195.55 2984.43 0 14
14400 590 7900.84 2387.46 0 14
14400 591 -2605.29 -4063.08 0 14
14400 592 9765.45 4694.04 3 14
14400 593 -2848.98 6520.12 1 14
14400 594 6878.94 446.276 0 14
14400 595 -7668.99 4288.14 3 14
14400 596 1647.52 -2187.69 0 14
14400 597 7028.86 -3411.68 3 14
14400 598 5212.8 4924.93 1 14
14400 599 2576.45 -1453.48 0 14
14400 600 4448.85 -9524.84 2 14
14400 601 -3876.56 -7109.94 5 2
14400 602 1259.14 254.485 5 10
14400 603 7289.91 617.765 1 14
14400 604 -5566.18 5920.23 1 14
14400 605 -7367.48 -9308.46 1 14
14400 606 3701.91 -6041.5 4 14
14400 607 3840.4 -6776.02 2 14
14400 608 3032.4 -5986.32 2 14
14400 609 -6089.69 4394.49 1 14
14400 610 3673.18 4213.6 2 14
14400 611 9730.63 -3059.61 2 14
14400 612 9817.46 9857.54 5 10
14400 613 -8964.05 -2772.15 0 14
14400 614 255.775 -723.396 5 10
14400 615 3776.07 1744.57 5 8
14400 616 5258.18 -5470.44 0 14
14400 617 4481.95 -6777.09 5 2
14400 618 -8698.12 -676.162 5 2
14400 619 -8645.33 1046.46 5 14
14400 620 -1900.7 -8573.91 1 14
14400 621 1271.74 -3740.46 1 14
14400 622 7966.35 5295.01 0 14
14400 623 -2090.75 2091.27 2 14
14400 624 -8815.6 7218.19 2 14
14400 625 6587.37 -5843.75 0 14
14400 626 2038.45 -3470.79 2 14
14400 627 7115.64 4240.66 3 14
14400 628 -3411 -5031.03 0 14
14400 629 -8733.17 -3818.47 5 10
14400 630 -6471.5 6324.13 0 14
14400 631 7223.12 -274.819 0 14
14400 632 9985.74 6058.51 2 14
14400 633 4583.31 -1113.91 5 14
14400 634 8317.81 -4216.15 4 14
14400 635 3703.39 -4969.34 1 14
14400 636 867.817 -3404.11 2 14
14400 637 3457.54 -9393.97 1 14
14400 638 3274.12 9591.21 0 14
14400 639 -4040.57 7660.96 5 2
14400 640 27.4003 732.76 5 14
14400 641 8203.58 7249.51 0 14
14400 642 1279.72 -536.684 1 14
14400 643 -3285.2 630.561 1 14
14400 644 -4226.65 9110.85 3 14
14400 645 5641.04 9890.23 0 14
14400 646 2295.49 -6758.14 1 14
14400 647 -1750.92 9980.06 2 14
14400 648 -3618.29 -1950.98 5 4
14400 649 2988.1 -9812.43 1 14
14400 650 538.259 -1389.18 4 14
14400 651 -4307.38 -7120.53 5 2
14400 652 -9578.36 -1309.93 0 14
14400 653 9876.01 1046.82 1 14
14400 654 -4539.01 -3619.4 5 10
14400 655 212.808 -5528.83 5 2
14400 656 -4093.55 -9762.84 0 14
14400 657 -3913.1 -3632.81 1 14
14400 658 9011.39 2503.51 1 14
14400 659 4927.32 8092.05 5 12
14400 660 9621.22 -6803.37 1 14
14400 661 4792.42 -9346.42 0 14
14400 662 2905.09 -2430.89 0 14
14400 663 9057.74 -7853.69 1 14
14400 664 -2594.09 8232.79 2 14
14400 665 4626.82 1596.09 2 14
14400 666 163.202 2793.96 0 14
14400 667 -2355.62 -5056.13 1 14
14400 668 9547.75 -6970.09 1 14
14400 669 -7827.87 -911.417 4 14
14400 670 -2162.45 6496.04 2 14
14400 671 -4558.26 6271.39 4 14
14400 672 -7865.86 9661.62 5 2
14400 673 -9224.57 -3000.89 1 14
14400 674 6198.98 -178.341 0 14
14400 675 -2196.04 -2019.76 0 14
14400 676 8642.06 5396.18 5 6
14400 677 -8340.28 4201.44 5 2
14400 678 5024.23 5034.85 0 14
14400 679 5253.9 -5807.18 1 14
14400 680 -1686.2 7262.16 0 14
14400 681 -5720.97 2889.31 2 14
14400 682 -6288.8 -9467.02 1 14
14400 683 6513.25 9412.19 1 14
14400 684 3216.66 -1174.68 2 14
14400 685 -2925.24 653.118 1 14
14400 686 1472.6 2878.66 1 14
14400 687 -1890.03 -2634.03 0 14
14400 688 9624.33 6250.45 1 14
14400 689 3315.74 -5576.94 2 14
14400 690 6125.33 -5561.25 2 14
14400 691 -1727.88 -1463.01 1 14
14400 692 -1408.91 4066.46 1 14
14400 693 -5303.66 6323.66 0 14
14400 694 -9596.26 -1922.94 2 14
14400 695 -4621.7 -896.623 1 14
14400 696 -1952 5375.86 1 14
14400 697 -8403.41 9803.75 5 2
14400 698 -3627.71 523.369 1 14
14400 699 -8828.95 4556.33 5 2
14400 700 -6113.89 4861 2 14
14400 701 -4350.39 9983 0 14
14400 702 3858.21 2518.28 5 8
14400 703 -3993.35 -4512.2 0 14
14400 704 -5991.37 -4440.78 0 14
14400 705 5192.21 3271.95 3 14
14400 706 -318.473 6655.77 0 14
14400 707 5607.77 -6220.21 1 14
14400 708 -2239.07 -5565.77 0 14
14400 709 -769.487 3269.48 1 14
14400 710 4831.13 -8956.13 2 14
14400 711 -1524.09 9590.51 1 14
14400 712 8264.48 5226.57 5 2
14400 713 4729.65 7318.23 5 2
14400 714 1045.56 6184.23 0 14
14400 715 4530.72 -5914.34 1 14
14400 716 -47.7859 -6019.05 1 14
14400 717 2249.02 4102.54 1 14
14400 718 6473.19 9717.02 1 14
14400 719 -8780.15 -9547.91 5 2
14400 720 4761.16 4649.1 0 14
14400 721 -3308.17 1942.07 4 14
14400 722 719.356 1154.53 1 14
14400 723 -7232.28 9998.71 3 14
14400 724 749.852 -2688.4 1 14
14400 725 -1048.74 -6159.6 1 14
14400 726 3267.1 7651.47 3 14
14400 727 -4293.17 8292 5 8
14400 728 1271.49 -4488.55 5 14
14400 729 -9191.84 -7400.22 0 14
14400 730 4478.42 8200.9 5 10
14400 731 -7319.09 -7248.74 0 14
14400 732 8540.27 -2025.49 0 14
14400 733 -4140.65 -5752.38 2 14
14400 734 -2045.03 9094.05 2 14
14400 735 -7191.33 -7183.41 1 14
14400 736 -6335.71 -5904.5 1 14
14400 737 7264.84 7469.21 1 14
14400 738 2598.61 7974.88 0 14
14400 739 4930.98 -7222 5 2
14400 740 8513.39 -9799.92 5 2
14400 741 -7293.73 -8318.77 1 14
14400 742 -9519.38 -1485.17 2 14
14400 743 -2237.55 1571.67 2 14
14400 744 -7932.53 2529.41 1 14
14400 745 6021.62 7857.7 1 14
14400 746 -1506.02 9082.41 1 14
14400 747 -5104.14 -4056.06 2 14
14400 748 1844.36 4276.18 1 14
14400 749 366.675 -3103.39 2 14
14400 750 -2467.12 1668.8 3 14
14400 751 -8.93484 3924.15 3 14
14400 752 593.813 -6531.91 1 14
14400 753 -8323.21 7259.17 1 14
14400 754 -3741.63 -6717.61 2 14
14400 755 2140.46 -7625.65 0 14
14400 756 4168.44 6393.43 1 14
14400 757 1682.56 -495.516 2 14
14400 758 -5008.06 -5261.22 2 14
14400 759 2444.69 -8444.69 1 14
14400 760 -2355.69 5385.86 1 14
14400 761 -9195.44 3252.5 3 14
14400 762 -2219.58 -9103.15 2 14
14400 763 -374.357 166.844 5 8
14400 764 6999.54 3263.23 0 14
14400 765 9002.38 5325.31 5 2
14400 766 -4469.16 303.426 0 14
14400 767 -1522.86 -3195.84 0 14
14400 768 5451.99 7865.58 4 14
14400 769 1967.53 8176.78 1 14
14400 770 4969.86 6638.56 2 14
14400 771 -2406.75 939.351 1 14
14400 772 -7882.49 -6671.12 3 14
14400 773 -6525.04 1761.55 1 14
14400 774 -1721.99 7801.14 0 14
14400 775 -754.13 426.514 5 2
14400 776 1063.84 3736 3 14
14400 777 5072.98 -6622.1 0 14
14400 778 -6493.61 3073.21 0 14
14400 779 -2528.27 -2087.02 3 14
14400 780 -3387.24 -9904.77 1 14
14400 781 3560.66 4592.33 0 14
14400 782 7814.06 6094.17 4 14
14400 783 2407.19 2399.69 3 14
14400 784 -3099.82 1118.58 1 14
14400 785 4498.37 -2016.48 5 2
14400 786 -4643.03 -3177.07 5 2
14400 787 3052.89 -7360.36 1 14
14400 788 8717.72 -3031.3 1 14
14400 789 188.929 7369.66 0 14
14400 790 -1658.62 5749.48 2 14
14400 791 -3074.86 2161.47 1 14
14400 792 -7344.25 4514.61 2 14
14400 793 -3491.38 6704.24 4 14
14400 794 3044.6 -1082.52 1 14
14400 795 -7713.04 -4632.77 5 2
14400 796 8435.81 -1965.3 2 14
14400 797 -8893.71 2901.06 1 14
14400 798 4043.84 -2564.28 5 2
14400 799 3168.6 -8400.09 1 14
14400 800 7304.97 -6377.54 2 14
14400 801 -1519.14 9599.92 0 14
14400 802 -1395.12 -6199.84 0 14
14400 803 442.388 -4978.51 5 2
14400 804 2432.74 -3831.19 2 14
14400 805 -5180.9 -9222.73 2 14
14400 806 -2021.5 4171.02 1 14
14400 807 6155.75 2418.14 1 14
14400 808 7473.38 8922.43 5 12
14400 809 -7858.24 3245.25 1 14
14400 810 1088.9 -2804.82 0 14
14400 811 -6284.88 -3716.36 0 14
14400 812 9453.34 -5471.99 3 14
14400 813 -1604.08 -6177.62 1 14
14400 814 -2527.13 -280.623 1 14
14400 815 1949.36 8434.49 2 14
14400 816 9686.46 -5695.29 3 14
14400 817 3472.37 -9425.89 2 14
14400 818 5232.91 -8158.59 4 14
14400 819 2693.13 2733.63 2 14
14400 820 -8306.13 482.96 5 2
14400 821 -4297.62 -637.383 1 14
14400 822 -840.732 -3736.47 0 14
14400 823 -3597.19 -9465.56 0 14
14400 824 -5257.93 3485.63 5 4
14400 825 5496.66 -8101.35 5 14
14400 826 -5654.75 -8514.33 3 14
14400 827 7228.66 -9937.18 5 14
14400 828 2660.79 5217.27 1 14
14400 829 9776.45 -3557.97 2 14
14400 830 8549.12 3730.04 3 14
14400 831 -5997.35 833.022 1 14
14400 832 -3913.96 -9881.03 1 14
14400 833 9592.44 3671.62 5 14
14400 834 5144.44 -7186.35 5 2
14400 835 -3084.32 -1376.38 1 14
14400 836 -5440.95 -4484.96 1 14
14400 837 -7439.69 6154.31 4 14
14400 838 -9417.91 -9521.93 5 12
14400 839 -5434.9 4712.36 1 14
14400 840 5311.49 -6529.39 1 14
14400 841 -9730.39 -9849.85 5 10
14400 842 3578.98 7984.11 5 4
14400 843 -7993.69 -3362.53 0 14
14400 844 9063.56 2477.54 1 14
14400 845 -9945.85 -7423.97 1 14
14400 846 3305.69 -9310.34 1 14
14400 847 -2204.45 -7990.82 0 14
14400 848 -484.692 -8023.65 0 14
14400 849 5249.77 8951.58 1 14
14400 850 1364.8 -1227.88 1 14
14400 851 552.932 -9843.71 5 10
14400 852 4373.87 5134.35 0 14
14400 853 -2046.62 8256.12 1 14
14400 854 2903.09 3318.54 2 14
14400 855 -4310.87 1539.12 5 14
14400 856 6986.52 7099.32 1 14
14400 857 936.788 5455.58 1 14
14400 858 5680.4 -6107.99 1 14
14400 859 2806.28 6560.41 1 14
14400 860 -1168.14 -310.506 5 6
14400 861 39.6185 9611.14 5 2
14400 862 -5535.39 1016.99 1 14
14400 863 7218.2 -3599.31 1 14
14400 864 9028.79 620.996 4 14
14400 865 -2242.3 4040.96 1 14
14400 866 -4388.83 -9314.6 2 14
14400 867 1846.69 9573.56 0 14
14400 868 6928.94 -7649.88 1 14
14400 869 -4011.62 5347.87 0 14
14400 870 977.008 -2501.81 1 14
14400 871 -1893.04 3576.43 0 14
14400 872 -1299.96 -1227.8 2 14
14400 873 -1308.34 -4565.04 2 14
14400 874 2341.32 7264.39 2 14
14400 875 4485.92 3307.38 5 2
14400 876 693.791 -1387.9 1 14
14400 877 -8709.7 -6553.34 1 14
14400 878 -2094.39 45.4745 0 14
14400 879 5361.27 -6178.36 0 14
14400 880 7789.91 1018.04 1 14
14400 881 5963.59 -7207.5 1 14
14400 882 9784.47 -129.243 1 14
14400 883 625.412 -2043.3 1 14
14400 884 -2132.86 -6182.01 0 14
14400 885 142.73 -5852.3 5 2
14400 886 7397.77 -9787.22 5 14
14400 887 -2473.81 -768.073 0 14
14400 888 4998.71 -7056.6 5 4
14400 889 5068.9 -8915.91 0 14
14400 890 -7287.52 6379.58 1 14
14400 891 -2011.08 4047.37 1 14
14400 892 3115.09 8773.37 1 14
14400 893 8826.24 -3456.31 2 14
14400 894 3043.96 -4182.68 0 14
14400 895 9865.71 6307.97 1 14
14400 896 -6951.36 -9928.66 2 14
14400 897 -5083.85 6099.97 3 14
14400 898 -1372.82 855.564 2 14
14400 899 9375.77 1293.18 1 14
14400 900 -2937.45 8969.54 2 14
14400 901 9110.61 -9038.52 2 14
14400 902 509.064 -7522.46 1 14
14400 903 7772.58 3710.35 0 14
14400 904 8926.91 4350.6 5 2
14400 905 -3329.78 3939 2 14
14400 906 -432.122 2973.18 0 14
14400 907 6009.62 -3187.27 0 14
14400 908 -1771.49 -2409.6 2 14
14400 909 5227.07 -6823.44 2 14
14400 910 -7958.29 -4734.77 5 2
14400 911 5245.25 -4669.65 0 14
14400 912 9226.78 -6155.59 1 14
14400 913 5936.21 729.139 1 14
14400 914 6102.02 -7532.84 1 14
14400 915 7265.87 1050.8 1 14
14400 916 -9552.74 4001.23 2 14
14400 917 -6443.25 -1849.98 0 14
14400 918 5003.9 -5980.74 0 14
14400 919 7785.2 1213.57 5 14
14400 920 1038.6 -9130.71 4 14
14400 921 -3798.65 -4594.89 2 14
14400 922 -4074.46 -919.862 2 14
14400 923 2695.11 1307.04 1 14
14400 924 -3835.51 8466.67 5 6
14400 925 9848.99 -8439.05 2 14
14400 926 -6365.2 6971.36 1 14
14400 927 9672.37 3727.39 2 14
14400 928 9307.59 -7851.18 1 14
14400 929 9575.27 5040.69 2 14
14400 930 -7588.92 7276.98 1 14
14400 931 7735.01 -5466.17 5 14
14400 932 1081.74 6332.65 1 14
14400 933 -6169.52 2880.07 1 14
14400 934 -8362.48 -4671.4 5 2
14400 935 -2017.5 9075.67 0 14
14400 936 -998.927 2273.75 1 14
14400 937 5223.52 5364.79 0 14
14400 938 5401.9 2665.68 2 14
14400 939 924.236 4763.47 5 6
14400 940 -6522.64 75.194 1 14
14400 941 5924.65 6987.48 1 14
14400 942 2255.76 -2621.85 0 14
14400 943 -4135.13 5774.45 5 14
14400 944 -3139.73 9472.96 0 14
14400 945 3428.21 7118.15 5 8
14400 946 -4293.09 -6916.17 5 2
14400 947 2934.57 3757.86 3 14
14400 948 9144.23 -8047.83 2 14
14400 949 -9840.34 5408.15 5 2
14400 950 8975.51 799.628 2 14
14400 951 6977.96 6375.95 0 14
14400 952 4309.85 7353.19 5 2
14400 953 9155.87 -7771.56 0 14
14400 954 -1938.95 -9662.94 2 14
14400 955 3553.08 -3269.63 5 6
14400 956 5119.1 -8218.22 2 14
14400 957 7336.96 6716.62 0 14
14400 958 2471.39 -6574.07 2 14
14400 959 1410.15 -5463.22 2 14
14400 960 3056.95 5754.89 0 14
14400 961 1171.47 -5225.85 3 14
14400 962 -2343.98 6505.6 1 14
14400 963 3895.67 9699.79 0 14
14400 964 5612.85 3676.53 3 14
14400 965 -2475.11 -7256.77 0 14
14400 966 -184.581 5107.88 5 2
14400 967 9528.27 -6782.69 0 14
14400 968 8073.32 -4937.73 0 14
14400 969 -9671.79 -9458.07 5 2
14400 970 -93.5957 -1552.3 2 14
14400 971 5234.41 -1525.22 0 14
14400 972 -6791.22 -1406.6 1 14
14400 973 1726.79 -881.06 0 14
14400 974 1584.04 -2667.1 0 14
14400 975 1038.49 9643.93 5 14
14400 976 7070.26 4452.65 3 14
14400 977 -2102.52 -6946.14 0 14
14400 978 704.667 -1737.4 1 14
14400 979 -7616.49 2169.39 1 14
14400 980 1212.48 9069.78 0 14
14400 981 2980.31 8494.01 0 14
14400 982 -3699.79 -4318.14 0 14
14400 983 -1947.17 -9144.93 0 14
14400 984 4080.95 -6571.79 5 12
14400 985 -8742.55 -8318.16 1 14
14400 986 -4812.7 5670.31 4 14
14400 987 2864.79 1635 1 14
14400 988 -3662.18 4087.73 0 14
14400 989 9154.31 3426.92 3 14
14400 990 -4945.73 890.957 1 14
14400 991 681.612 -4903.7 5 2
14400 992 7365.84 -2125.8 1 14
14400 993 8860.76 -271.873 5 2
14400 994 818.946 4230.03 5 14
14400 995 5515.69 -4954.6 0 14
14400 996 -7169.11 -2915.2 0 14
14400 997 -6113.07 -7665.64 0 14
14400 998 1614.41 -2284.91 0 14
14400 999 6063.29 -4988.05 0 14
14400 1000 6710.56 4237.39 2 14
14400 1001 -338.417 5764.44 2 14
14400 1002 -1738.42 -5862.64 1 14
14400 1003 1177.73 5780.69 5 12
14400 1004 -7519.55 -7278.53 0 14
14400 1005 -9378.43 -1072.04 5 10
14400 1006 -6483.97 7887.22 0 14
14400 1007 -7285.38 -293.611 3 14
14400 1008 -5791.11 9175 2 14
14400 1009 -2366.44 6617.17 0 14
14400 1010 -2336.42 -7673.43 0 14
14400 1011 6651.16 -8172.91 3 14
14400 1012 -6470.82 1704.13 0 14
14400 1013 -4608.7 6923.16 5 10
14400 1014 -747.642 -8398.31 0 14
14400 1015 -6343.29 9351.47 0 14
14400 1016 8319.86 3068.47 2 14
14400 1017 7419.95 -6616.28 0 14
14400 1018 2741.34 6213.16 2 14
14400 1019 -9550.88 -7414.48 1 14
14400 1020 -118.017 -2110.33 2 14
14400 1021 3581.46 -590.112 1 14
14400 1022 6108.79 -6193.42 0 14
14400 1023 -5482.89 703.324 0 14
14400 1024 926.946 6642.13 0 14
14400 1025 -5841.57 -4624.22 0 14
14400 1026 -3100.91 7934.4 1 14
14400 1027 8364.06 1142.71 5 14
14400 1028 5572.47 -2338.97 1 14
14400 1029 2884.95 -9850.69 0 14
14400 1030 7426.94 -8553.16 4 14
14400 1031 -9251.76 -9005.08 4 14
14400 1032 900.585 107.534 5 10
14400 1033 -8984.63 8474.91 2 14
14400 1034 -3784.64 4907.96 0 14
14400 1035 -8266.83 3747.2 1 14
14400 1036 -6088.49 6498.04 0 14
15600 37 5776.01 -3723.43 0 14
15600 38 -6929.44 -4978.88 1 14
15600 39 -7046.08 -6934.2 1 14
15600 40 6356.41 -2459.33 0 14
15600 41 5311.03 -7317.56 3 14
15600 42 -5830 9360.31 1 14
15600 43 -7163.82 5932.44 0 14
15600 44 6917.07 1162.03 0 14
15600 45 1970.24 -5092.32 0 14
15600 46 -652.807 -4667.99 5 2
15600 47 -1368.42 -1698.61 0 14
15600 48 4657.25 -7452.53 5 2
15600 49 3083.42 2843.65 3 14
15600 50 5000.59 -6743 2 14
15600 51 2490.71 -2117 2 14
15600 52 -2304.27 -2794.26 2 14
15600 53 -4254.74 -9136.61 3 14
15600 54 -8547.34 -5159.25 5 2
15600 55 1423.85 9552.13 2 14
15600 56 -5715.2 -1759 0 14
15600 57 -4359.61 -7592.59 5 2
15600 58 3942.81 5097.39 0 14
15600 59 9856.63 -6273.47 2 14
15600 60 -7934.88 -5422.22 3 14
15600 61 1493.58 -3459.75 1 14
15600 62 4423.34 -8204.35 0 14
15600 63 -8614.6 404.098 5 2
15600 64 3357.04 2753.71 5 4
15600 65 1576.5 589.58 1 14
15600 66 3935.4 4759.45 0 14
15600 67 -4274.89 -8191.27 5 10
15600 68 268.593 6898.82 0 14
15600 69 2159.15 -4129.83 0 14
15600 70 -1576.72 9691.01 0 14
15600 71 -2670.49 -4782.95 0 14
15600 72 1478.89 6818.95 0 14
15600 73 221.707 -3783.92 2 14
15600 74 -3442.79 2843.55 4 14
15600 75 -5106.95 6273.79 5 10
15600 76 -8560.12 -4621.3 5 2
15600 77 90.5277 9024.06 5 2
15600 78 8249.13 272.889 5 10
15600 79 8415.03 7391.53 2 14
15600 80 -2566.63 3779.84 1 14
15600 81 -3360.92 619.238 0 14
15600 82 -9874.6 -5636.14 1 14
15600 83 1473.31 -6980.73 1 14
15600 84 6412.91 6626.17 1 14
15600 85 -8121.37 6372.21 5 12
15600 86 -3272.22 1628.08 5 14
15600 87 -1806.55 4727.91 3 14
15600 88 -2758.28 -1748.47 2 14
15600 89 6548.16 6508.44 2 14
15600 90 4498.81 -7135.85 5 6
15600 91 8384.09 -2978.31 1 14
15600 92 608.596 -5351.09 5 2
15600 93 -975.063 6214.93 1 14
15600 94 -5177.73 2123.11 2 14
15600 95 -2535.9 -3648.31 0 14
15600 96 9369.65 3348.67 0 14
15600 97 9015.99 4511.64 5 2
15600 98 -3233.7 6591.66 2 14
15600 99 5804.48 -2131.28 4 14
15600 100 -8891.35 -6976.28 2 14
15600 101 -7688.6 -6703.19 1 14
15600 102 -2226.03 468.449 1 14
15600 103 712.66 -7757.68 2 14
15600 104 630.228 1668.2 2 14
15600 105 -5322.39 7430 4 14
15600 106 -6202.5 7274.89 0 14
15600 107 5594.74 2853.45 5 8
15600 108 -164.963 -1006.77 5 10
15600 109 8127.34 4040.02 2 14
15600 110 937.534 666.934 2 14
15600 111 -7242.88 5640.92 0 14
15600 112 5383.96 -6426.54 0 14
15600 113 -8642.24 4963.41 5 2
15600 114 -6145.79 9541.79 1 14
15600 115 -6432 6123.18 0 14
15600 116 9736.01 5728.42 0 14
15600 117 -5477.71 -3201.03 5 14
15600 118 -3709.37 2132.2 5 14
15600 119 -9798.74 1245.25 1 14
15600 120 -1629.89 3033.87 1 14
15600 121 -6227.16 9819.53 1 14
15600 122 -6221.34 -6953 0 14
15600 123 1586.98 -5484.02 0 14
15600 124 -7838.01 7702.9 0 14
15600 125 -9891.76 1695.74 2 14
15600 126 -3129.32 4893.48 0 14
15600 127 629.084 -577.515 3 14
15600 128 -5099.99 -4951.87 0 14
15600 129 -9166.4 -8394.07 4 14
15600 130 9114.12 -7109.69 1 14
15600 131 -7423.08 -2791.51 2 14
15600 132 2616.55 -3345.54 0 14
15600 133 679.83 6687.48 0 14
15600 134 1707.64 -3456.64 0 14
15600 135 1473.9 6125.85 3 14
15600 136 -5112.69 7894 5 10
15600 137 -9878.94 -7455.93 1 14
15600 138 -3130.39 -4045.25 0 14
15600 139 2492.38 2413.38 2 14
15600 140 6187.27 8922.17 2 14
15600 141 4560.64 4578.19 1 14
15600 142 -141.208 8738.14 5 10
15600 143 -2512.85 -3385.89 2 14
15600 144 -8542.67 2677.88 1 14
15600 145 -220.597 124.839 5 2
15600 146 8523.25 -1991.77 1 14
15600 147 7951.59 8970.69 5 6
15600 148 743.668 8431.15 2 14
15600 149 1337.55 9637.62 0 14
15600 150 -7621.95 5846.53 2 14
15600 151 -391.693 264.498 5 8
15600 152 -7811.88 7728.28 2 14
15600 153 4493.07 -5810.04 4 14
15600 154 -5441.17 2621.85 2 14
15600 155 7286.87 5034.11 2 14
15600 156 -4025.64 1532.49 5 2
15600 157 -8157.98 -8067.44 1 14
15600 158 2520.89 -7609.18 2 14
15600 159 -9040.74 -9279.93 5 2
15600 160 9495.15 -4088.78 5 14
15600 161 -7325.26 -2408.55 0 14
15600 162 -8324.24 5669.9 5 2
15600 163 6766.34 1857.43 1 14
15600 164 -1332.16 6879.31 0 14
15600 165 4500.37 9368.42 0 14
15600 166 -8973.44 9215.94 5 2
15600 167 9462.13 4055.34 3 14
15600 168 -5345.52 -1451.61 0 14
15600 169 -4536.55 -7398.25 5 2
15600 170 -2681.16 -8680.54 0 14
15600 171 -7596.94 -1049.21 5 12
15600 172 -8978.54 -1269.9 2 14
15600 173 7724.63 -8392.5 1 14
15600 174 -5254.37 -6003.95 0 14
15600 175 3212.36 -8674.55 2 14
15600 176 -9504.18 3522.8 2 14
15600 177 1604.9 5801.5 0 14
15600 178 3860.81 -8444.6 5 12
15600 179 -7193.85 -9268.68 3 14
15600 180 -3139.05 8089.6 1 14
15600 181 6336.75 -4714.23 0 14
15600 182 8316.66 5105.97 5 2
15600 183 6785 -7389.51 0 14
15600 184 9396.57 -5648.92 5 12
15600 185 -7082.5 5437.48 1 14
15600 186 4636.22 7250.3 5 2
15600 187 5372.68 -6401.72 2 14
15600 188 -2153.68 -8559.11 2 14
15600 189 5049.07 3267.16 4 14
15600 190 -7015.06 4388.7 3 14
15600 191 9607.62 -3572.32 1 14
15600 192 -8391.95 8636.12 5 10
15600 193 3971.08 -3545.83 5 6
15600 194 -3648.44 -9465.4 2 14
15600 195 5255.76 -8547 0 14
15600 196 4526.43 1736.86 5 2
15600 197 9613.5 -10.6149 3 14
15600 198 4653.56 -5374.19 2 14
15600 199 3033.7 6573.43 1 14
15600 200 -7730.63 -1244.2 3 14
15600 201 -5183.45 5294.2 0 14
15600 202 -7284.32 -4023.87 2 14
15600 203 -2597.62 -5352.4 1 14
15600 204 -9567.34 377.916 5 14
15600 205 6529.42 -4171.72 2 14
15600 206 -3048.36 -9278.28 1 14
15600 207 9495.53 -3783.9 2 14
15600 208 -1371.85 7520.64 0 14
15600 209 6580.8 9052.89 1 14
15600 210 -2259.89 -7156.19 1 14
15600 211 -7097.17 9609.69 4 14
15600 212 7357 -1136.32 1 14
15600 213 6003.11 2688.74 4 14
15600 214 -4023.03 -5095.98 1 14
15600 215 -749.396 5933.76 2 14
15600 216 -3032.77 -9493.31 0 14
15600 217 4812.66 -2380.45 5 2
15600 218 -4235.63 -8863.31 3 14
15600 219 7402.13 -3434.13 0 14
15600 220 2929.61 2261.97 2 14
15600 221 -8313.31 551.917 5 2
15600 222 1425.33 -5877.29 1 14
15600 223 1929.3 -5994.57 0 14
15600 224 1669.04 2208.12 1 14
15600 225 -2985.18 4295.69 3 14
15600 226 4534.59 9671.09 2 14
15600 227 -1635.22 -1788.72 1 14
15600 228 -8936.31 7419.55 0 14
15600 229 -8578.94 4113.49 4 14
15600 230 -3188.6 -4482.63 2 14
15600 231 -5183.99 -3706.59 2 14
15600 232 -8076 1651.19 0 14
15600 233 -1015.9 9917.97 5 8
15600 234 -9384.34 3103.6 1 14
15600 235 3326.89 3678.99 0 14
15600 236 3811.11 -7153.8 5 6
15600 237 2276.18 5534.53 0 14
15600 238 4003.47 8762.59 5 12
15600 239 7510.47 -6141.55 0 14
15600 240 1481.83 -4945.26 2 14
15600 241 -183.251 5738.75 5 4
15600 242 7758.8 4115.76 2 14
15600 243 9840.16 -3761.96 2 14
15600 244 9673.31 -701.293 5 14
15600 245 3965.99 965.082 0 14
15600 246 5972.21 6556.25 0 14
15600 247 2369.96 3330.86 1 14
15600 248 -9834.48 760.389 2 14
15600 249 -6370.49 4663.41 1 14
15600 250 1938.25 4678.8 0 14
15600 251 1715.29 -6377 0 14
15600 252 1292.23 355.139 5 12
15600 253 -7729.81 -2958.45 1 14
15600 254 1744.41 3311.63 1 14
15600 255 -1628.98 5482.6 1 14
15600 256 -564.069 1692.57 1 14
15600 257 -1937.15 104.681 3 14
15600 258 6460.02 8813.79 1 14
15600 259 -4827.84 7504.56 5 2
15600 260 -171.492 -2868.39 3 14
15600 261 5229.98 6713.81 5 10
15600 262 -199.871 -502.766 5 6
15600 263 3614.5 -6667.27 1 14
15600 264 -7280.17 5387 2 14
15600 265 -5363.09 -6840.89 1 14
15600 266 -3240.25 8760.2 3 14
15600 267 4389.68 7041.86 5 2
15600 268 -9803.59 -8425.96 0 14
15600 269 -823.137 -9062.4 0 14
15600 270 6700.26 8820.97 0 14
15600 271 8372.46 -2470.17 2 14
15600 272 3215.59 1089.35 0 14
15600 273 -5687.52 9574.84 1 14
15600 274 9082.39 -8680.79 5 14
15600 275 -6593.7 -9164.65 1 14
15600 276 -755.596 2496.71 0 14
15600 277 2616.84 -7773.38 2 14
15600 278 -8781.88 -2026.72 1 14
15600 279 -1105.03 6804.67 0 14
15600 280 -6374.64 7179.55 1 14
15600 281 8997.93 -9311.58 5 2
15600 282 -4404.35 566.947 1 14
15600 283 -5332.41 710.133 0 14
15600 284 -4938.89 -4789.2 1 14
15600 285 -9146.13 8480.57 3 14
15600 286 7013.94 2417.95 1 14
15600 287 1847.04 -4823.84 1 14
15600 288 -5199.63 -1978.56 5 10
15600 289 6392.62 -9248.51 1 14
15600 290 -6580.01 7895.57 0 14
15600 291 6598.74 -8267.39 1 14
15600 292 4748.72 5757.53 4 14
15600 293 1437.48 9450.49 2 14
15600 294 -9827.98 -9365.42 5 14
15600 295 -57.2011 8137.98 2 14
15600 296 -9123.49 -1606.82 1 14
15600 297 4330.75 -3244.26 5 8
15600 298 9718.97 1144.83 0 14
15600 299 4993.17 5494.27 0 14
15600 300 3872.99 8635.55 0 14
15600 301 7651.87 9793.58 4 14
15600 302 6497.94 -5513.57 0 14
15600 303 -4642.96 -1939.2 5 8
15600 304 5228.08 -7972.29 5 10
15600 305 7828.36 4590.34 5 10
15600 306 9952.84 1876.51 1 14
15600 307 7717.12 -1053.11 2 14
15600 308 1556.55 349.238 2 14
15600 309 -603.178 6167.08 1 14
15600 310 -6802.95 -8692.99 1 14
15600 311 2686.64 -6523 2 14
15600 312 9521.94 -385.484 5 12
15600 313 5627.5 -1045.91 0 14
15600 314 -2933.61 -6245.38 1 14
15600 315 -8631.05 -3016.65 0 14
15600 316 -7874.67 -1123.68 2 14
15600 317 -8381.75 3698.88 2 14
15600 318 3386.58 2991.66 5 10
15600 319 -7873.87 -5335.08 2 14
15600 320 3147.84 2632.88 3 14
15600 321 -140.099 1350.51 0 14
15600 322 -3775.01 -733.247 0 14
15600 323 3781.52 -1323.66 3 14
15600 324 7664.24 5234.81 2 14
15600 325 -9164.35 -4495.07 5 2
15600 326 271.01 995.434 3 14
15600 327 2284.53 2667.69 1 14
15600 328 -5781.92 7423.59 3 14
15600 329 -590.597 -7705.69 0 14
15600 330 -5491.04 -2852.09 5 14
15600 331 -7375.25 8473.68 1 14
15600 332 -3247.96 8117.58 1 14
15600 333 8599.4 1384.32 2 14
15600 334 9643.05 -1396.5 2 14
15600 335 -4750.24 9400.73 1 14
15600 336 2299.44 -1830.5 0 14
15600 337 89.5591 -7315.44 1 14
15600 338 1233.69 -4241.32 1 14
15600 339 327.284 282.951 5 8
15600 340 5716.67 -5149.34 1 14
15600 341 5326.36 -812.226 0 14
15600 342 -4273.9 7688.82 5 2
15600 343 8675.59 5293.34 5 2
15600 344 -3829.74 7514.49 5 2
15600 345 -8027.18 -2570.33 0 14
15600 346 7743.81 8411.56 2 14
15600 347 2306.56 7468.9 2 14
15600 348 5430.89 2293.63 5 2
15600 349 5661.55 4792.71 0 14
15600 350 -4682.58 -5725.36 4 14
15600 351 4589.25 8234.66 5 14
15600 352 -893.472 8964.07 3 14
15600 353 -4396.9 6456.96 5 10
15600 354 -3977.76 2644.82 5 2
15600 355 6152.38 -2072.96 1 14
15600 356 1471.65 5772.74 0 14
15600 357 6353.78 -7366.65 1 14
15600 358 -9502.55 -4108.17 3 14
15600 359 -1933.1 3607.28 1 14
15600 360 8691.06 -3412.04 0 14
15600 361 8517.87 9882.04 5 2
15600 362 -8206.91 -942.289 5 12
15600 363 7614.45 1793.42 1 14
15600 364 -1140.93 -1420 1 14
15600 365 4270.9 5526.18 1 14
15600 366 -3802.64 -2365.36 5 8
15600 367 -2777.14 -464.718 1 14
15600 368 4011.73 -9735.32 2 14
15600 369 9237.66 -6023.57 5 14
15600 370 -114.672 9211.1 5 6
15600 371 7543.36 -2950.8 0 14
15600 372 4827.07 4030.46 3 14
15600 373 7481.28 7927.84 0 14
15600 374 -8052.04 -4977.83 5 4
15600 375 -734.599 -6061.93 4 14
15600 376 -4564.67 7807.92 5 2
15600 377 6858.65 -1138.86 0 14
15600 378 -652.142 -106.815 5 2
15600 379 2683.34 7793.34 0 14
15600 380 -4474.02 -4436.74 0 14
15600 381 -1508.18 9426.87 4 14
15600 382 9250.1 -708.251 5 12
15600 383 6827.2 9525.41 1 14
15600 384 4894.91 5773.75 0 14
15600 385 -8463.65 -7225.74 0 14
15600 386 -4143.05 -1262.92 3 14
15600 387 -1423.85 -2118.31 0 14
15600 388 8001.78 -6052.28 5 12
15600 389 6730.61 -4453.56 1 14
15600 390 7745.21 2437.69 1 14
15600 391 5314.33 -569.779 3 14
15600 392 -8709.71 -2180.14 0 14
15600 393 955.386 -5707.82 1 14
15600 394 -6886.89 -7848.18 2 14
15600 395 6852.51 -7841.63 1 14
15600 396 -9081.94 -2101.86 0 14
15600 397 9217.88 3703.76 1 14
15600 398 3763.53 -7129.6 5 2
15600 399 -7982.74 -8141.51 1 14
15600 400 535.675 5782.04 4 14
15600 401 -5670.27 6865.94 4 14
15600 402 -7150.4 -1136.26 2 14
15600 403 -9454.76 6810.99 1 14
15600 404 -3450.77 -194.574 0 14
15600 405 -500.047 -3521.47 2 14
15600 406 -8035.16 -3693.9 3 14
15600 407 -6023.31 8629.8 2 14
15600 408 90.5797 1774.97 0 14
15600 409 -7150.83 -1026 1 14
15600 410 9481.61 -8799.49 3 14
15600 411 5194.91 -6936.74 5 4
15600 412 -1699.11 6359.21 1 14
15600 413 -2401.54 2290.5 0 14
15600 414 -6894.91 -4744.06 2 14
15600 415 -1278.95 927.431 1 14
15600 416 8521.6 742.958 3 14
15600 417 1387.81 9284.94 3 14
15600 418 -2078.74 718.415 0 14
15600 419 -4617.94 7873.11 5 2
15600 420 -9258.95 6959.93 2 14
15600 421 -1378.72 -1306.03 1 14
15600 422 -6297.44 -6271.09 1 14
15600 423 1282.91 -9010.06 2 14
15600 424 5320.32 1788.66 5 10
15600 425 881.932 2865.92 1 14
15600 426 2309.43 6535 0 14
15600 427 7647.95 -9520.73 5 2
15600 428 9006.75 -7325.65 0 14
15600 429 7399.16 -106.866 5 10
15600 430 2455.87 -3014.17 0 14
15600 431 4719.98 -9163.1 2 14
15600 432 1565.08 -5496.85 1 14
15600 433 -9307.37 9124.98 5 4
15600 434 -7235.37 9643.55 1 14
15600 435 2922.96 -3111.25 2 14
15600 436 8120.24 -2199.14 0 14
15600 437 919.548 -7635.52 1 14
15600 438 -799.529 6102.64 1 14
15600 439 2106.37 -5846.37 1 14
15600 440 5947.15 3121.12 3 14
15600 441 9253.49 268.763 5 10
15600 442 6457.19 -3134.39 1 14
15600 443 -8230.07 5575.64 5 2
15600 444 -760.469 3935.09 0 14
15600 445 -4977.41 -5970.61 4 14
15600 446 -7828.45 -5852.47 5 14
15600 447 4150.4 7941.22 5 2
15600 448 5395 9065.31 1 14
15600 449 -5210.86 -4491 1 14
15600 450 5279.78 -5948.17 4 14
15600 451 -3205.8 -3948.14 1 14
15600 452 -6125.39 9821.07 1 14
15600 453 7113.35 4295.14 1 14
15600 454 -604.928 -300.61 5 8
15600 455 8791.13 -1299.11 4 14
15600 456 -7265.77 -3897.54 2 14
15600 457 4203.05 -5396.76 3 14
15600 458 -8520.91 9804.58 5 2
15600 459 -8467.3 -3629 5 12
15600 460 -7200.87 -1061.58 0 14
15600 461 -456.227 -424.896 5 6
15600 462 4215.77 -799.6 2 14
15600 463 1041.13 3053.59 0 14
15600 464 -8273.75 -7940.05 1 14
15600 465 9887.47 -759.571 1 14
15600 466 -1219.64 -2604.54 0 14
15600 467 -2097.32 4756.66 1 14
15600 468 -1098.12 2167.7 0 14
15600 469 -7377.97 6689.5 0 14
15600 470 4327.78 -9360.22 0 14
15600 471 -8774.65 -2382.88 1 14
15600 472 -1033.39 -9917.84 5 8
15600 473 2449.74 7746.16 1 14
15600 474 -3415.96 -6843.75 5 10
15600 475 -9836.62 -8395.76 2 14
15600 476 -8061.44 4826.13 5 2
15600 477 8825.25 -8877.14 5 12
15600 478 6045.71 141.526 1 14
15600 479 7983.67 1268.16 2 14
15600 480 -9738.88 1066.34 3 14
15600 481 -8473.55 5334.32 5 2
15600 482 765.557 -3110.8 0 14
15600 483 -507.809 -4666.13 3 14
15600 484 -5853.02 -4702.19 0 14
15600 485 215.068 3251.86 3 14
15600 486 -1500.14 32.1996 3 14
15600 487 6750.09 -8452.15 2 14
15600 488 -3921.33 546.156 2 14
15600 489 1926.34 -4266.59 2 14
15600 490 -3361.69 7677.51 5 8
15600 491 7060.27 4569.7 3 14
15600 492 1478.1 5839.43 1 14
15600 493 2015.81 -4724.16 0 14
15600 494 -458.488 5845.3 5 2
15600 495 9109.57 9582.68 5 2
15600 496 -5923.34 12.7619 1 14
15600 497 -5585.25 444.196 2 14
15600 498 -8186.01 4096.17 5 4
15600 499 3977.57 2448.98 5 8
15600 500 -8421.99 -5864.66 5 10
15600 501 7162.35 3491.88 1 14
15600 502 5122.34 771.236 2 14
15600 503 8416.91 5338 5 2
15600 504 2379.22 -4251.45 0 14
15600 505 395.565 -8005.72 0 14
15600 506 -5335.68 -2264.18 3 14
15600 507 -215.472 8859.35 4 14
15600 508 -3552.73 -2621.11 5 8
15600 509 2337.67 6705.59 3 14
15600 510 -3867.89 2846.06 5 2
15600 511 -703.907 -9250.9 1 14
15600 512 2355.96 -3926.64 3 14
15600 513 7419.68 -2523.28 0 14
15600 514 3564.82 -346.956 0 14
15600 515 7566.35 -2207.53 0 14
15600 516 3994.9 1857.41 3 14
15600 517 723.542 233.067 5 12
15600 518 9454.42 -7311.92 1 14
15600 519 3872.77 5711.71 0 14
15600 520 -8655.6 -1696.3 0 14
15600 521 -8638.63 4476.06 5 2
15600 522 -9961.33 9081.83 2 14
15600 523 506.34 -4508.5 5 10
15600 524 7458.41 5026.2 3 14
15600 525 7397.57 5404.21 3 14
15600 526 2300.46 -5273.43 0 14
15600 527 -4539.05 9542.9 1 14
15600 528 6717.95 6345.67 2 14
15600 529 -5463.19 -9287.51 1 14
15600 530 1219.24 -3045.27 0 14
15600 531 -4159.18 672.131 2 14
15600 532 5016.17 -70.5433 1 14
15600 533 2713.82 -9579.64 0 14
15600 534 7560.69 -5398.96 5 8
15600 535 -980.497 -9542.27 5 14
15600 536 -4475.69 9034.95 4 14
15600 537 6383.51 8598.67 2 14
15600 538 -5896.43 -5320.15 1 14
15600 539 1640.27 9319.73 1 14
15600 540 -7092.66 11.0771 1 14
15600 541 5114.45 -3763.63 1 14
15600 542 -2987.86 -5594.43 2 14
15600 543 7060.19 -9913.54 4 14
15600 544 -2383.54 -9524.06 1 14
15600 545 -9403.28 7395.59 0 14
15600 546 615.821 -9070.57 5 14
15600 547 -7789.94 -2126.57 0 14
15600 548 3161.69 -1625.26 3 14
15600 549 1351.35 -1700.58 1 14
15600 550 7812.97 -3018.84 0 14
15600 551 7136.54 -4272.38 0 14
15600 552 5208.06 4642.69 1 14
15600 553 -5398.28 3210.22 5 12
15600 554 822.282 9784.05 5 2
15600 555 1079.56 6688.94 0 14
15600 556 -6643.74 -8722.38 1 14
15600 557 3560.49 -9299.51 1 14
15600 558 8547.6 -5335.86 5 2
15600 559 7687.16 -747.135 5 12
15600 560 -9275.99 -9492.26 5 2
15600 561 -6113.06 8422 2 14
15600 562 -2549.4 -1561.39 0 14
15600 563 4776.31 1688.04 5 8
15600 564 5922.42 9843.97 1 14
15600 565 -5836.23 -1969.42 4 14
15600 566 5497.08 864.736 0 14
15600 567 7983.46 4349.79 5 10
15600 568 3053.37 -8444.17 1 14
15600 569 -3100.44 -3543.35 3 14
15600 570 2508.54 6520.81 2 14
15600 571 5801.94 7393.52 0 14
15600 572 -1884.73 1397.57 0 14
15600 573 -8637.59 -4206.35 3 14
15600 574 3944.1 -8044.95 5 2
15600 575 -583.789 -1611.73 1 14
15600 576 -2180.3 8175.14 1 14
15600 577 882.471 5849.89 5 14
15600 578 -3978.72 -5601.59 1 14
15600 579 1158.05 2928.76 0 14
15600 580 -4272.2 -1650.44 5 14
15600 581 2181.07 -9034.59 0 14
15600 582 -8017.23 9934.99 5 2
15600 583 1403.32 -9566.8 0 14
15600 584 -2458.77 9098.79 1 14
15600 585 7049.61 -2672.83 0 14
15600 586 2911.23 5251.17 0 14
15600 587 5622.55 -1861.79 5 8
15600 588 -1651.4 9502.35 0 14
15600 589 6195.55 2984.43 0 14
15600 590 7900.84 2387.46 0 14
15600 591 -2605.29 -4063.08 0 14
15600 592 9765.45 4694.04 4 14
15600 593 -2848.98 6520.12 1 14
15600 594 6878.94 446.276 0 14
15600 595 -7668.99 4288.14 4 14
15600 596 1647.52 -2187.69 0 14
15600 597 7028.86 -3411.68 3 14
15600 598 5212.8 4924.93 1 14
15600 599 2576.45 -1453.48 0 14
15600 600 4448.85 -9524.84 3 14
15600 601 -3876.56 -7109.94 5 2
15600 602 1259.14 254.485 5 8
15600 603 7289.91 617.765 2 14
15600 604 -5566.18 5920.23 0 14
15600 605 -7367.48 -9308.46 1 14
15600 606 3701.91 -6041.5 5 14
15600 607 3840.4 -6776.02 2 14
15600 608 3032.4 -5986.32 2 14
15600 609 -6089.69 4394.49 1 14
15600 610 3673.18 4213.6 2 14
15600 611 9730.63 -3059.61 2 14
15600 612 9817.46 9857.54 5 8
15600 613 -8964.05 -2772.15 1 14
15600 614 255.775 -723.396 5 10
15600 615 3776.07 1744.57 5 2
15600 616 5258.18 -5470.44 0 14
15600 617 4481.95 -6777.09 5 10
15600 618 -8698.12 -676.162 5 2
15600 619 -8645.33 1046.46 5 10
15600 620 -1900.7 -8573.91 1 14
15600 621 1271.74 -3740.46 1 14
15600 622 7966.35 5295.01 0 14
15600 623 -2090.75 2091.27 2 14
15600 624 -8815.6 7218.19 2 14
15600 625 6587.37 -5843.75 0 14
15600 626 2038.45 -3470.79 2 14
15600 627 7115.64 4240.66 4 14
15600 628 -3411 -5031.03 0 14
15600 629 -8733.17 -3818.47 5 8
15600 630 -6471.5 6324.13 0 14
15600 631 7223.12 -274.819 0 14
15600 632 9985.74 6058.51 1 14
15600 633 4583.31 -1113.91 5 14
15600 634 8317.81 -4216.15 5 10
15600 635 3703.39 -4969.34 1 14
15600 636 867.817 -3404.11 2 14
15600 637 3457.54 -9393.97 1 14
15600 638 3274.12 9591.21 0 14
15600 639 -4040.57 7660.96 5 2
15600 640 27.4003 732.76 5 14
15600 641 8203.58 7249.51 0 14
15600 642 1279.72 -536.684 1 14
15600 643 -3285.2 630.561 1 14
15600 644 -4226.65 9110.85 3 14
15600 645 5641.04 9890.23 0 14
15600 646 2295.49 -6758.14 0 14
15600 647 -1750.92 9980.06 2 14
15600 648 -3618.29 -1950.98 5 2
15600 649 2988.1 -9812.43 1 14
15600 650 538.259 -1389.18 4 14
15600 651 -4307.38 -7120.53 5 2
15600 652 -9578.36 -1309.93 0 14
15600 653 9876.01 1046.82 1 14
15600 654 -4539.01 -3619.4 5 14
15600 655 212.808 -5528.83 5 2
15600 656 -4093.55 -9762.84 0 14
15600 657 -3913.1 -3632.81 1 14
15600 658 9011.39 2503.51 1 14
15600 659 4927.32 8092.05 5 8
15600 660 9621.22 -6803.37 1 14
15600 661 4792.42 -9346.42 0 14
15600 662 2905.09 -2430.89 1 14
15600 663 9057.74 -7853.69 1 14
15600 664 -2594.09 8232.79 2 14
15600 665 4626.82 1596.09 2 14
15600 666 163.202 2793.96 0 14
15600 667 -2355.62 -5056.13 1 14
15600 668 9547.75 -6970.09 1 14
15600 669 -7827.87 -911.417 4 14
15600 670 -2162.45 6496.04 3 14
15600 671 -4558.26 6271.39 4 14
15600 672 -7865.86 9661.62 5 2
15600 673 -9224.57 -3000.89 1 14
15600 674 6198.98 -178.341 0 14
15600 675 -2196.04 -2019.76 0 14
15600 676 8642.06 5396.18 5 2
15600 677 -8340.28 4201.44 5 2
15600 678 5024.23 5034.85 0 14
15600 679 5253.9 -5807.18 1 14
15600 680 -1686.2 7262.16 0 14
15600 681 -5720.97 2889.31 2 14
15600 682 -6288.8 -9467.02 1 14
15600 683 6513.25 9412.19 1 14
15600 684 3216.66 -1174.68 2 14
15600 685 -2925.24 653.118 1 14
15600 686 1472.6 2878.66 1 14
15600 687 -1890.03 -2634.03 0 14
15600 688 9624.33 6250.45 2 14
15600 689 3315.74 -5576.94 2 14
15600 690 6125.33 -5561.25 3 14
15600 691 -1727.88 -1463.01 1 14
15600 692 -1408.91 4066.46 1 14
15600 693 -5303.66 6323.66 1 14
15600 694 -9596.26 -1922.94 2 14
15600 695 -4621.7 -896.623 1 14
15600 696 -1952 5375.86 1 14
15600 697 -8403.41 9803.75 5 2
15600 698 -3627.71 523.369 1 14
15600 699 -8828.95 4556.33 5 2
15600 700 -6113.89 4861 2 14
15600 701 -4350.39 9983 0 14
15600 702 3858.21 2518.28 5 4
15600 703 -3993.35 -4512.2 0 14
15600 704 -5991.37 -4440.78 0 14
15600 705 5192.21 3271.95 5 14
15600 706 -318.473 6655.77 0 14
15600 707 5607.77 -6220.21 0 14
15600 708 -2239.07 -5565.77 0 14
15600 709 -769.487 3269.48 1 14
15600 710 4831.13 -8956.13 2 14
15600 711 -1524.09 9590.51 1 14
15600 712 8264.48 5226.57 5 2
15600 713 4729.65 7318.23 5 2
15600 714 1045.56 6184.23 0 14
15600 715 4530.72 -5914.34 1 14
15600 716 -47.7859 -6019.05 1 14
15600 717 2249.02 4102.54 2 14
15600 718 6473.19 9717.02 1 14
15600 719 -8780.15 -9547.91 5 2
15600 720 4761.16 4649.1 0 14
15600 721 -3308.17 1942.07 5 14
15600 722 719.356 1154.53 1 14
15600 723 -7232.28 9998.71 3 14
15600 724 749.852 -2688.4 1 14
15600 725 -1048.74 -6159.6 2 14
15600 726 3267.1 7651.47 4 14
15600 727 -4293.17 8292 5 4
15600 728 1271.49 -4488.55 5 14
15600 729 -9191.84 -7400.22 0 14
15600 730 4478.42 8200.9 5 8
15600 731 -7319.09 -7248.74 0 14
15600 732 8540.27 -2025.49 0 14
15600 733 -4140.65 -5752.38 2 14
15600 734 -2045.03 9094.05 2 14
15600 735 -7191.33 -7183.41 1 14
15600 736 -6335.71 -5904.5 1 14
15600 737 7264.84 7469.21 1 14
15600 738 2598.61 7974.88 0 14
15600 739 4930.98 -7222 5 2
15600 740 8513.39 -9799.92 5 2
15600 741 -7293.73 -8318.77 0 14
15600 742 -9519.38 -1485.17 2 14
15600 743 -2237.55 1571.67 2 14
15600 744 -7932.53 2529.41 1 14
15600 745 6021.62 7857.7 1 14
15600 746 -1506.02 9082.41 1 14
15600 747 -5104.14 -4056.06 2 14
15600 748 1844.36 4276.18 2 14
15600 749 366.675 -3103.39 2 14
15600 750 -2467.12 1668.8 3 14
15600 751 -8.93484 3924.15 4 14
15600 752 593.813 -6531.91 1 14
15600 753 -8323.21 7259.17 1 14
15600 754 -3741.63 -6717.61 1 14
15600 755 2140.46 -7625.65 0 14
15600 756 4168.44 6393.43 1 14
15600 757 1682.56 -495.516 2 14
15600 758 -5008.06 -5261.22 2 14
15600 759 2444.69 -8444.69 1 14
15600 760 -2355.69 5385.86 1 14
15600 761 -9195.44 3252.5 2 14
15600 762 -2219.58 -9103.15 1 14
15600 763 -374.357 166.844 5 8
15600 764 6999.54 3263.23 0 14
15600 765 9002.38 5325.31 5 2
15600 766 -4469.16 303.426 0 14
15600 767 -1522.86 -3195.84 0 14
15600 768 5451.99 7865.58 5 14
15600 769 1967.53 8176.78 1 14
15600 770 4969.86 6638.56 2 14
15600 771 -2406.75 939.351 2 14
15600 772 -7882.49 -6671.12 3 14
15600 773 -6525.04 1761.55 2 14
15600 774 -1721.99 7801.14 0 14
15600 775 -754.13 426.514 5 2
15600 776 1063.84 3736 3 14
15600 777 5072.98 -6622.1 0 14
15600 778 -6493.61 3073.21 0 14
15600 779 -2528.27 -2087.02 4 14
15600 780 -3387.24 -9904.77 1 14
15600 781 3560.66 4592.33 0 14
15600 782 7814.06 6094.17 4 14
15600 783 2407.19 2399.69 2 14
15600 784 -3099.82 1118.58 1 14
15600 785 4498.37 -2016.48 4 14
15600 786 -4643.03 -3177.07 5 2
15600 787 3052.89 -7360.36 1 14
15600 788 8717.72 -3031.3 1 14
15600 789 188.929 7369.66 0 14
15600 790 -1658.62 5749.48 2 14
15600 791 -3074.86 2161.47 1 14
15600 792 -7344.25 4514.61 2 14
15600 793 -3491.38 6704.24 5 14
15600 794 3044.6 -1082.52 1 14
15600 795 -7713.04 -4632.77 5 2
15600 796 8435.81 -1965.3 3 14
15600 797 -8893.71 2901.06 1 14
15600 798 4043.84 -2564.28 5 2
15600 799 3168.6 -8400.09 1 14
15600 800 7304.97 -6377.54 2 14
15600 801 -1519.14 9599.92 0 14
15600 802 -1395.12 -6199.84 0 14
15600 803 442.388 -4978.51 5 2
15600 804 2432.74 -3831.19 2 14
15600 805 -5180.9 -9222.73 2 14
15600 806 -2021.5 4171.02 1 14
15600 807 6155.75 2418.14 1 14
15600 808 7473.38 8922.43 5 14
15600 809 -7858.24 3245.25 1 14
15600 810 1088.9 -2804.82 0 14
15600 811 -6284.88 -3716.36 0 14
15600 812 9453.34 -5471.99 4 14
15600 813 -1604.08 -6177.62 1 14
15600 814 -2527.13 -280.623 1 14
15600 815 1949.36 8434.49 2 14
15600 816 9686.46 -5695.29 3 14
15600 817 3472.37 -9425.89 1 14
15600 818 5232.91 -8158.59 4 14
15600 819 2693.13 2733.63 2 14
15600 820 -8306.13 482.96 5 2
15600 821 -4297.62 -637.383 0 14
15600 822 -840.732 -3736.47 0 14
15600 823 -3597.19 -9465.56 0 14
15600 824 -5257.93 3485.63 5 10
15600 825 5496.66 -8101.35 5 12
15600 826 -5654.75 -8514.33 3 14
15600 827 7228.66 -9937.18 5 14
15600 828 2660.79 5217.27 1 14
15600 829 9776.45 -3557.97 1 14
15600 830 8549.12 3730.04 4 14
15600 831 -5997.35 833.022 1 14
15600 832 -3913.96 -9881.03 2 14
15600 833 9592.44 3671.62 5 14
15600 834 5144.44 -7186.35 5 2
15600 835 -3084.32 -1376.38 1 14
15600 836 -5440.95 -4484.96 1 14
15600 837 -7439.69 6154.31 4 14
15600 838 -9417.91 -9521.93 5 14
15600 839 -5434.9 4712.36 1 14
15600 840 5311.49 -6529.39 0 14
15600 841 -9730.39 -9849.85 5 4
15600 842 3578.98 7984.11 5 2
15600 843 -7993.69 -3362.53 0 14
15600 844 9063.56 2477.54 1 14
15600 845 -9945.85 -7423.97 1 14
15600 846 3305.69 -9310.34 2 14
15600 847 -2204.45 -7990.82 0 14
15600 848 -484.692 -8023.65 0 14
15600 849 5249.77 8951.58 1 14
15600 850 1364.8 -1227.88 1 14
15600 851 552.932 -9843.71 5 6
15600 852 4373.87 5134.35 0 14
15600 853 -2046.62 8256.12 1 14
15600 854 2903.09 3318.54 2 14
15600 855 -4310.87 1539.12 5 12
15600 856 6986.52 7099.32 1 14
15600 857 936.788 5455.58 2 14
15600 858 5680.4 -6107.99 1 14
15600 859 2806.28 6560.41 0 14
15600 860 -1168.14 -310.506 5 4
15600 861 39.6185 9611.14 5 6
15600 862 -5535.39 1016.99 1 14
15600 863 7218.2 -3599.31 1 14
15600 864 9028.79 620.996 5 12
15600 865 -2242.3 4040.96 1 14
15600 866 -4388.83 -9314.6 2 14
15600 867 1846.69 9573.56 0 14
15600 868 6928.94 -7649.88 1 14
15600 869 -4011.62 5347.87 0 14
15600 870 977.008 -2501.81 2 14
15600 871 -1893.04 3576.43 0 14
15600 872 -1299.96 -1227.8 2 14
15600 873 -1308.34 -4565.04 2 14
15600 874 2341.32 7264.39 3 14
15600 875 4485.92 3307.38 5 2
15600 876 693.791 -1387.9 1 14
15600 877 -8709.7 -6553.34 1 14
15600 878 -2094.39 45.4745 1 14
15600 879 5361.27 -6178.36 0 14
15600 880 7789.91 1018.04 1 14
15600 881 5963.59 -7207.5 0 14
15600 882 9784.47 -129.243 1 14
15600 883 625.412 -2043.3 1 14
15600 884 -2132.86 -6182.01 1 14
15600 885 142.73 -5852.3 5 12
15600 886 7397.77 -9787.22 5 14
15600 887 -2473.81 -768.073 0 14
15600 888 4998.71 -7056.6 5 10
15600 889 5068.9 -8915.91 1 14
15600 890 -7287.52 6379.58 1 14
15600 891 -2011.08 4047.37 1 14
15600 892 3115.09 8773.37 1 14
15600 893 8826.24 -3456.31 2 14
15600 894 3043.96 -4182.68 0 14
15600 895 9865.71 6307.97 1 14
15600 896 -6951.36 -9928.66 3 14
15600 897 -5083.85 6099.97 4 14
15600 898 -1372.82 855.564 2 14
15600 899 9375.77 1293.18 1 14
15600 900 -2937.45 8969.54 2 14
15600 901 9110.61 -9038.52 2 14
15600 902 509.064 -7522.46 1 14
15600 903 7772.58 3710.35 1 14
15600 904 8926.91 4350.6 5 2
15600 905 -3329.78 3939 2 14
15600 906 -432.122 2973.18 1 14
15600 907 6009.62 -3187.27 1 14
15600 908 -1771.49 -2409.6 2 14
15600 909 5227.07 -6823.44 2 14
15600 910 -7958.29 -4734.77 5 2
15600 911 5245.25 -4669.65 0 14
15600 912 9226.78 -6155.59 1 14
15600 913 5936.21 729.139 1 14
15600 914 6102.02 -7532.84 1 14
15600 915 7265.87 1050.8 1 14
15600 916 -9552.74 4001.23 3 14
15600 917 -6443.25 -1849.98 0 14
15600 918 5003.9 -5980.74 0 14
15600 919 7785.2 1213.57 5 12
15600 920 1038.6 -9130.71 5 14
15600 921 -3798.65 -4594.89 2 14
15600 922 -4074.46 -919.862 3 14
15600 923 2695.11 1307.04 1 14
15600 924 -3835.51 8466.67 5 4
15600 925 9848.99 -8439.05 2 14
15600 926 -6365.2 6971.36 1 14
15600 927 9672.37 3727.39 2 14
15600 928 9307.59 -7851.18 1 14
15600 929 9575.27 5040.69 2 14
15600 930 -7588.92 7276.98 1 14
15600 931 7735.01 -5466.17 5 12
15600 932 1081.74 6332.65 1 14
15600 933 -6169.52 2880.07 1 14
15600 934 -8362.48 -4671.4 5 2
15600 935 -2017.5 9075.67 0 14
15600 936 -998.927 2273.75 1 14
15600 937 5223.52 5364.79 0 14
15600 938 5401.9 2665.68 3 14
15600 939 924.236 4763.47 5 14
15600 940 -6522.64 75.194 1 14
15600 941 5924.65 6987.48 1 14
15600 942 2255.76 -2621.85 0 14
15600 943 -4135.13 5774.45 5 14
15600 944 -3139.73 9472.96 1 14
15600 945 3428.21 7118.15 5 2
15600 946 -4293.09 -6916.17 5 2
15600 947 2934.57 3757.86 2 14
15600 948 9144.23 -8047.83 2 14
15600 949 -9840.34 5408.15 5 2
15600 950 8975.51 799.628 2 14
15600 951 6977.96 6375.95 0 14
15600 952 4309.85 7353.19 5 2
15600 953 9155.87 -7771.56 0 14
15600 954 -1938.95 -9662.94 2 14
15600 955 3553.08 -3269.63 5 12
15600 956 5119.1 -8218.22 2 14
15600 957 7336.96 6716.62 0 14
15600 958 2471.39 -6574.07 2 14
15600 959 1410.15 -5463.22 2 14
15600 960 3056.95 5754.89 0 14
15600 961 1171.47 -5225.85 3 14
15600 962 -2343.98 6505.6 1 14
15600 963 3895.67 9699.79 0 14
15600 964 5612.85 3676.53 3 14
15600 965 -2475.11 -7256.77 0 14
15600 966 -184.581 5107.88 5 2
15600 967 9528.27 -6782.69 0 14
15600 968 8073.32 -4937.73 0 14
15600 969 -9671.79 -9458.07 5 12
15600 970 -93.5957 -1552.3 2 14
15600 971 5234.41 -1525.22 0 14
15600 972 -6791.22 -1406.6 1 14
15600 973 1726.79 -881.06 0 14
15600 974 1584.04 -2667.1 0 14
15600 975 1038.49 9643.93 5 12
15600 976 7070.26 4452.65 2 14
15600 977 -2102.52 -6946.14 0 14
15600 978 704.667 -1737.4 1 14
15600 979 -7616.49 2169.39 1 14
15600 980 1212.48 9069.78 0 14
15600 981 2980.31 8494.01 1 14
15600 982 -3699.79 -4318.14 1 14
15600 983 -1947.17 -9144.93 0 14
15600 984 4080.95 -6571.79 5 8
15600 985 -8742.55 -8318.16 1 14
15600 986 -4812.7 5670.31 3 14
15600 987 2864.79 1635 1 14
15600 988 -3662.18 4087.73 0 14
15600 989 9154.31 3426.92 4 14
15600 990 -4945.73 890.957 2 14
15600 991 681.612 -4903.7 5 10
15600 992 7365.84 -2125.8 1 14
15600 993 8860.76 -271.873 5 2
15600 994 818.946 4230.03 5 12
15600 995 5515.69 -4954.6 0 14
15600 996 -7169.11 -2915.2 0 14
15600 997 -6113.07 -7665.64 0 14
15600 998 1614.41 -2284.91 0 14
15600 999 6063.29 -4988.05 0 14
15600 1000 6710.56 4237.39 2 14
15600 1001 -338.417 5764.44 2 14
15600 1002 -1738.42 -5862.64 1 14
15600 1003 1177.73 5780.69 5 12
15600 1004 -7519.55 -7278.53 0 14
15600 1005 -9378.43 -1072.04 5 8
15600 1006 -6483.97 7887.22 0 14
15600 1007 -7285.38 -293.611 3 14
15600 1008 -5791.11 9175 2 14
15600 1009 -2366.44 6617.17 0 14
15600 1010 -2336.42 -7673.43 0 14
15600 1011 6651.16 -8172.91 3 14
15600 1012 -6470.82 1704.13 0 14
15600 1013 -4608.7 6923.16 5 6
15600 1014 -747.642 -8398.31 0 14
15600 1015 -6343.29 9351.47 0 14
15600 1016 8319.86 3068.47 1 14
15600 1017 7419.95 -6616.28 0 14
15600 1018 2741.34 6213.16 2 14
15600 1019 -9550.88 -7414.48 1 14
15600 1020 -118.017 -2110.33 1 14
15600 1021 3581.46 -590.112 1 14
15600 1022 6108.79 -6193.42 0 14
15600 1023 -5482.89 703.324 1 14
15600 1024 926.946 6642.13 0 14
15600 1025 -5841.57 -4624.22 0 14
15600 1026 -3100.91 7934.4 1 14
15600 1027 8364.06 1142.71 5 12
15600 1028 5572.47 -2338.97 1 14
15600 1029 2884.95 -9850.69 0 14
15600 1030 7426.94 -8553.16 3 14
15600 1031 -9251.76 -9005.08 5 14
15600 1032 900.585 107.534 5 12
15600 1033 -8984.63 8474.91 3 14
15600 1034 -3784.64 4907.96 0 14
15600 1035 -8266.83 3747.2 1 14
15600 1036 -6088.49 6498.04 0 14
16800 37 5776.01 -3723.43 1 14
16800 38 -6929.44 -4978.88 1 14
16800 39 -7046.08 -6934.2 1 14
16800 40 6356.41 -2459.33 0 14
16800 41 5311.03 -7317.56 3 14
16800 42 -5830 9360.31 1 14
16800 43 -7163.82 5932.44 1 14
16800 44 6917.07 1162.03 0 14
16800 45 1970.24 -5092.32 0 14
16800 46 -652.807 -4667.99 5 2
16800 47 -1368.42 -1698.61 1 14
16800 48 4657.25 -7452.53 5 2
16800 49 3083.42 2843.65 4 14
16800 50 5000.59 -6743 3 14
16800 51 2490.71 -2117 2 14
16800 52 -2304.27 -2794.26 2 14
16800 53 -4254.74 -9136.61 3 14
16800 54 -8547.34 -5159.25 5 2
16800 55 1423.85 9552.13 2 14
16800 56 -5715.2 -1759 0 14
16800 57 -4359.61 -7592.59 5 2
16800 58 3942.81 5097.39 0 14
16800 59 9856.63 -6273.47 3 14
16800 60 -7934.88 -5422.22 3 14
16800 61 1493.58 -3459.75 1 14
16800 62 4423.34 -8204.35 0 14
16800 63 -8614.6 404.098 5 2
16800 64 3357.04 2753.71 5 14
16800 65 1576.5 589.58 1 14
16800 66 3935.4 4759.45 0 14
16800 67 -4274.89 -8191.27 5 2
16800 68 268.593 6898.82 1 14
16800 69 2159.15 -4129.83 0 14
16800 70 -1576.72 9691.01 0 14
16800 71 -2670.49 -4782.95 0 14
16800 72 1478.89 6818.95 0 14
16800 73 221.707 -3783.92 2 14
16800 74 -3442.79 2843.55 4 14
16800 75 -5106.95 6273.79 5 8
16800 76 -8560.12 -4621.3 5 2
16800 77 90.5277 9024.06 4 14
16800 78 8249.13 272.889 5 6
16800 79 8415.03 7391.53 2 14
16800 80 -2566.63 3779.84 1 14
16800 81 -3360.92 619.238 0 14
16800 82 -9874.6 -5636.14 1 14
16800 83 1473.31 -6980.73 1 14
16800 84 6412.91 6626.17 1 14
16800 85 -8121.37 6372.21 5 10
16800 86 -3272.22 1628.08 5 10
16800 87 -1806.55 4727.91 3 14
16800 88 -2758.28 -1748.47 3 14
16800 89 6548.16 6508.44 2 14
16800 90 4498.81 -7135.85 5 2
16800 91 8384.09 -2978.31 1 14
16800 92 608.596 -5351.09 5 2
16800 93 -975.063 6214.93 1 14
16800 94 -5177.73 2123.11 2 14
16800 95 -2535.9 -3648.31 0 14
16800 96 9369.65 3348.67 1 14
16800 97 9015.99 4511.64 5 2
16800 98 -3233.7 6591.66 3 14
16800 99 5804.48 -2131.28 5 14
16800 100 -8891.35 -6976.28 1 14
16800 101 -7688.6 -6703.19 1 14
16800 102 -2226.03 468.449 1 14
16800 103 712.66 -7757.68 2 14
16800 104 630.228 1668.2 3 14
16800 105 -5322.39 7430 4 14
16800 106 -6202.5 7274.89 0 14
16800 107 5594.74 2853.45 5 6
16800 108 -164.963 -1006.77 5 10
16800 109 8127.34 4040.02 3 14
16800 110 937.534 666.934 2 14
16800 111 -7242.88 5640.92 0 14
16800 112 5383.96 -6426.54 0 14
16800 113 -8642.24 4963.41 5 2
16800 114 -6145.79 9541.79 2 14
16800 115 -6432 6123.18 0 14
16800 116 9736.01 5728.42 0 14
16800 117 -5477.71 -3201.03 5 12
16800 118 -3709.37 2132.2 5 12
16800 119 -9798.74 1245.25 1 14
16800 120 -1629.89 3033.87 2 14
16800 121 -6227.16 9819.53 0 14
16800 122 -6221.34 -6953 0 14
16800 123 1586.98 -5484.02 0 14
16800 124 -7838.01 7702.9 0 14
16800 125 -9891.76 1695.74 2 14
16800 126 -3129.32 4893.48 0 14
16800 127 629.084 -577.515 4 14
16800 128 -5099.99 -4951.87 0 14
16800 129 -9166.4 -8394.07 4 14
16800 130 9114.12 -7109.69 1 14
16800 131 -7423.08 -2791.51 2 14
16800 132 2616.55 -3345.54 0 14
16800 133 679.83 6687.48 0 14
16800 134 1707.64 -3456.64 0 14
16800 135 1473.9 6125.85 3 14
16800 136 -5112.69 7894 5 6
16800 137 -9878.94 -7455.93 2 14
16800 138 -3130.39 -4045.25 0 14
16800 139 2492.38 2413.38 2 14
16800 140 6187.27 8922.17 2 14
16800 141 4560.64 4578.19 1 14
16800 142 -141.208 8738.14 5 8
16800 143 -2512.85 -3385.89 2 14
16800 144 -8542.67 2677.88 1 14
16800 145 -220.597 124.839 5 2
16800 146 8523.25 -1991.77 2 14
16800 147 7951.59 8970.69 5 14
16800 148 743.668 8431.15 2 14
16800 149 1337.55 9637.62 0 14
16800 150 -7621.95 5846.53 3 14
16800 151 -391.693 264.498 5 2
16800 152 -7811.88 7728.28 2 14
16800 153 4493.07 -5810.04 4 14
16800 154 -5441.17 2621.85 2 14
16800 155 7286.87 5034.11 2 14
16800 156 -4025.64 1532.49 5 2
16800 157 -8157.98 -8067.44 1 14
16800 158 2520.89 -7609.18 2 14
16800 159 -9040.74 -9279.93 5 2
16800 160 9495.15 -4088.78 4 14
16800 161 -7325.26 -2408.55 0 14
16800 162 -8324.24 5669.9 5 2
16800 163 6766.34 1857.43 0 14
16800 164 -1332.16 6879.31 0 14
16800 165 4500.37 9368.42 0 14
16800 166 -8973.44 9215.94 5 12
16800 167 9462.13 4055.34 4 14
16800 168 -5345.52 -1451.61 1 14
16800 169 -4536.55 -7398.25 5 2
16800 170 -2681.16 -8680.54 0 14
16800 171 -7596.94 -1049.21 5 12
16800 172 -8978.54 -1269.9 0 14
16800 173 7724.63 -8392.5 1 14
16800 174 -5254.37 -6003.95 0 14
16800 175 3212.36 -8674.55 2 14
16800 176 -9504.18 3522.8 2 14
16800 177 1604.9 5801.5 0 14
16800 178 3860.81 -8444.6 5 10
16800 179 -7193.85 -9268.68 2 14
16800 180 -3139.05 8089.6 1 14
16800 181 6336.75 -4714.23 0 14
16800 182 8316.66 5105.97 5 2
16800 183 6785 -7389.51 0 14
16800 184 9396.57 -5648.92 5 6
16800 185 -7082.5 5437.48 1 14
16800 186 4636.22 7250.3 5 2
16800 187 5372.68 -6401.72 2 14
16800 188 -2153.68 -8559.11 2 14
16800 189 5049.07 3267.16 4 14
16800 190 -7015.06 4388.7 3 14
16800 191 9607.62 -3572.32 0 14
16800 192 -8391.95 8636.12 5 10
16800 193 3971.08 -3545.83 5 6
16800 194 -3648.44 -9465.4 2 14
16800 195 5255.76 -8547 0 14
16800 196 4526.43 1736.86 4 14
16800 197 9613.5 -10.6149 3 14
16800 198 4653.56 -5374.19 3 14
16800 199 3033.7 6573.43 1 14
16800 200 -7730.63 -1244.2 3 14
16800 201 -5183.45 5294.2 0 14
16800 202 -7284.32 -4023.87 2 14
16800 203 -2597.62 -5352.4 1 14
16800 204 -9567.34 377.916 5 12
16800 205 6529.42 -4171.72 2 14
16800 206 -3048.36 -9278.28 1 14
16800 207 9495.53 -3783.9 2 14
16800 208 -1371.85 7520.64 0 14
16800 209 6580.8 9052.89 1 14
16800 210 -2259.89 -7156.19 0 14
16800 211 -7097.17 9609.69 4 14
16800 212 7357 -1136.32 0 14
16800 213 6003.11 2688.74 4 14
16800 214 -4023.03 -5095.98 0 14
16800 215 -749.396 5933.76 2 14
16800 216 -3032.77 -9493.31 0 14
16800 217 4812.66 -2380.45 5 4
16800 218 -4235.63 -8863.31 3 14
16800 219 7402.13 -3434.13 0 14
16800 220 2929.61 2261.97 2 14
16800 221 -8313.31 551.917 5 2
16800 222 1425.33 -5877.29 1 14
16800 223 1929.3 -5994.57 0 14
16800 224 1669.04 2208.12 1 14
16800 225 -2985.18 4295.69 3 14
16800 226 4534.59 9671.09 3 14
16800 227 -1635.22 -1788.72 2 14
16800 228 -8936.31 7419.55 0 14
16800 229 -8578.94 4113.49 5 12
16800 230 -3188.6 -4482.63 2 14
16800 231 -5183.99 -3706.59 2 14
16800 232 -8076 1651.19 1 14
16800 233 -1015.9 9917.97 5 2
16800 234 -9384.34 3103.6 2 14
16800 235 3326.89 3678.99 0 14
16800 236 3811.11 -7153.8 5 2
16800 237 2276.18 5534.53 1 14
16800 238 4003.47 8762.59 5 12
16800 239 7510.47 -6141.55 0 14
16800 240 1481.83 -4945.26 2 14
16800 241 -183.251 5738.75 5 4
16800 242 7758.8 4115.76 2 14
16800 243 9840.16 -3761.96 2 14
16800 244 9673.31 -701.293 5 12
16800 245 3965.99 965.082 0 14
16800 246 5972.21 6556.25 0 14
16800 247 2369.96 3330.86 1 14
16800 248 -9834.48 760.389 3 14
16800 249 -6370.49 4663.41 1 14
16800 250 1938.25 4678.8 1 14
16800 251 1715.29 -6377 0 14
16800 252 1292.23 355.139 5 14
16800 253 -7729.81 -2958.45 2 14
16800 254 1744.41 3311.63 1 14
16800 255 -1628.98 5482.6 1 14
16800 256 -564.069 1692.57 1 14
16800 257 -1937.15 104.681 3 14
16800 258 6460.02 8813.79 1 14
16800 259 -4827.84 7504.56 5 2
16800 260 -171.492 -2868.39 3 14
16800 261 5229.98 6713.81 5 6
16800 262 -199.871 -502.766 5 2
16800 263 3614.5 -6667.27 1 14
16800 264 -7280.17 5387 3 14
16800 265 -5363.09 -6840.89 2 14
16800 266 -3240.25 8760.2 3 14
16800 267 4389.68 7041.86 5 2
16800 268 -9803.59 -8425.96 0 14
16800 269 -823.137 -9062.4 0 14
16800 270 6700.26 8820.97 0 14
16800 271 8372.46 -2470.17 2 14
16800 272 3215.59 1089.35 0 14
16800 273 -5687.52 9574.84 1 14
16800 274 9082.39 -8680.79 5 14
16800 275 -6593.7 -9164.65 1 14
16800 276 -755.596 2496.71 0 14
16800 277 2616.84 -7773.38 1 14
16800 278 -8781.88 -2026.72 1 14
16800 279 -1105.03 6804.67 0 14
16800 280 -6374.64 7179.55 1 14
16800 281 8997.93 -9311.58 5 2
16800 282 -4404.35 566.947 1 14
16800 283 -5332.41 710.133 1 14
16800 284 -4938.89 -4789.2 1 14
16800 285 -9146.13 8480.57 4 14
16800 286 7013.94 2417.95 1 14
16800 287 1847.04 -4823.84 1 14
16800 288 -5199.63 -1978.56 5 6
16800 289 6392.62 -9248.51 1 14
16800 290 -6580.01 7895.57 0 14
16800 291 6598.74 -8267.39 0 14
16800 292 4748.72 5757.53 4 14
16800 293 1437.48 9450.49 2 14
16800 294 -9827.98 -9365.42 5 14
16800 295 -57.2011 8137.98 3 14
16800 296 -9123.49 -1606.82 1 14
16800 297 4330.75 -3244.26 5 10
16800 298 9718.97 1144.83 0 14
16800 299 4993.17 5494.27 0 14
16800 300 3872.99 8635.55 0 14
16800 301 7651.87 9793.58 4 14
16800 302 6497.94 -5513.57 0 14
16800 303 -4642.96 -1939.2 5 12
16800 304 5228.08 -7972.29 5 6
16800 305 7828.36 4590.34 5 4
16800 306 9952.84 1876.51 1 14
16800 307 7717.12 -1053.11 2 14
16800 308 1556.55 349.238 2 14
16800 309 -603.178 6167.08 1 14
16800 310 -6802.95 -8692.99 1 14
16800 311 2686.64 -6523 2 14
16800 312 9521.94 -385.484 5 8
16800 313 5627.5 -1045.91 0 14
16800 314 -2933.61 -6245.38 1 14
16800 315 -8631.05 -3016.65 0 14
16800 316 -7874.67 -1123.68 2 14
16800 317 -8381.75 3698.88 2 14
16800 318 3386.58 2991.66 5 10
16800 319 -7873.87 -5335.08 3 14
16800 320 3147.84 2632.88 4 14
16800 321 -140.099 1350.51 0 14
16800 322 -3775.01 -733.247 0 14
16800 323 3781.52 -1323.66 4 14
16800 324 7664.24 5234.81 1 14
16800 325 -9164.35 -4495.07 5 2
16800 326 271.01 995.434 3 14
16800 327 2284.53 2667.69 1 14
16800 328 -5781.92 7423.59 3 14
16800 329 -590.597 -7705.69 0 14
16800 330 -5491.04 -2852.09 5 12
16800 331 -7375.25 8473.68 2 14
16800 332 -3247.96 8117.58 2 14
16800 333 8599.4 1384.32 2 14
16800 334 9643.05 -1396.5 2 14
16800 335 -4750.24 9400.73 1 14
16800 336 2299.44 -1830.5 0 14
16800 337 89.5591 -7315.44 1 14
16800 338 1233.69 -4241.32 1 14
16800 339 327.284 282.951 5 2
16800 340 5716.67 -5149.34 1 14
16800 341 5326.36 -812.226 0 14
16800 342 -4273.9 7688.82 5 2
16800 343 8675.59 5293.34 5 2
16800 344 -3829.74 7514.49 5 2
16800 345 -8027.18 -2570.33 0 14
16800 346 7743.81 8411.56 2 14
16800 347 2306.56 7468.9 1 14
16800 348 5430.89 2293.63 5 12
16800 349 5661.55 4792.71 0 14
16800 350 -4682.58 -5725.36 4 14
16800 351 4589.25 8234.66 5 10
16800 352 -893.472 8964.07 3 14
16800 353 -4396.9 6456.96 5 4
16800 354 -3977.76 2644.82 5 2
16800 355 6152.38 -2072.96 1 14
16800 356 1471.65 5772.74 0 14
16800 357 6353.78 -7366.65 1 14
16800 358 -9502.55 -4108.17 3 14
16800 359 -1933.1 3607.28 1 14
16800 360 8691.06 -3412.04 0 14
16800 361 8517.87 9882.04 5 2
16800 362 -8206.91 -942.289 5 8
16800 363 7614.45 1793.42 1 14
16800 364 -1140.93 -1420 1 14
16800 365 4270.9 5526.18 1 14
16800 366 -3802.64 -2365.36 5 2
16800 367 -2777.14 -464.718 0 14
16800 368 4011.73 -9735.32 2 14
16800 369 9237.66 -6023.57 5 14
16800 370 -114.672 9211.1 5 2
16800 371 7543.36 -2950.8 0 14
16800 372 4827.07 4030.46 4 14
16800 373 7481.28 7927.84 0 14
16800 374 -8052.04 -4977.83 5 8
16800 375 -734.599 -6061.93 4 14
16800 376 -4564.67 7807.92 5 2
16800 377 6858.65 -1138.86 1 14
16800 378 -652.142 -106.815 5 2
16800 379 2683.34 7793.34 0 14
16800 380 -4474.02 -4436.74 0 14
16800 381 -1508.18 9426.87 4 14
16800 382 9250.1 -708.251 5 10
16800 383 6827.2 9525.41 1 14
16800 384 4894.91 5773.75 0 14
16800 385 -8463.65 -7225.74 1 14
16800 386 -4143.05 -1262.92 3 14
16800 387 -1423.85 -2118.31 0 14
16800 388 8001.78 -6052.28 5 14
16800 389 6730.61 -4453.56 0 14
16800 390 7745.21 2437.69 1 14
16800 391 5314.33 -569.779 2 14
16800 392 -8709.71 -2180.14 0 14
16800 393 955.386 -5707.82 0 14
16800 394 -6886.89 -7848.18 1 14
16800 395 6852.51 -7841.63 1 14
16800 396 -9081.94 -2101.86 0 14
16800 397 9217.88 3703.76 1 14
16800 398 3763.53 -7129.6 5 2
16800 399 -7982.74 -8141.51 1 14
16800 400 535.675 5782.04 5 14
16800 401 -5670.27 6865.94 5 14
16800 402 -7150.4 -1136.26 2 14
16800 403 -9454.76 6810.99 1 14
16800 404 -3450.77 -194.574 0 14
16800 405 -500.047 -3521.47 3 14
16800 406 -8035.16 -3693.9 3 14
16800 407 -6023.31 8629.8 2 14
16800 408 90.5797 1774.97 0 14
16800 409 -7150.83 -1026 1 14
16800 410 9481.61 -8799.49 3 14
16800 411 5194.91 -6936.74 5 2
16800 412 -1699.11 6359.21 1 14
16800 413 -2401.54 2290.5 0 14
16800 414 -6894.91 -4744.06 2 14
16800 415 -1278.95 927.431 1 14
16800 416 8521.6 742.958 3 14
16800 417 1387.81 9284.94 3 14
16800 418 -2078.74 718.415 0 14
16800 419 -4617.94 7873.11 5 2
16800 420 -9258.95 6959.93 1 14
16800 421 -1378.72 -1306.03 1 14
16800 422 -6297.44 -6271.09 1 14
16800 423 1282.91 -9010.06 2 14
16800 424 5320.32 1788.66 5 10
16800 425 881.932 2865.92 1 14
16800 426 2309.43 6535 0 14
16800 427 7647.95 -9520.73 5 12
16800 428 9006.75 -7325.65 0 14
16800 429 7399.16 -106.866 5 10
16800 430 2455.87 -3014.17 0 14
16800 431 4719.98 -9163.1 2 14
16800 432 1565.08 -5496.85 1 14
16800 433 -9307.37 9124.98 5 6
16800 434 -7235.37 9643.55 1 14
16800 435 2922.96 -3111.25 2 14
16800 436 8120.24 -2199.14 0 14
16800 437 919.548 -7635.52 1 14
16800 438 -799.529 6102.64 1 14
16800 439 2106.37 -5846.37 1 14
16800 440 5947.15 3121.12 2 14
16800 441 9253.49 268.763 5 6
16800 442 6457.19 -3134.39 1 14
16800 443 -8230.07 5575.64 5 2
16800 444 -760.469 3935.09 0 14
16800 445 -4977.41 -5970.61 4 14
16800 446 -7828.45 -5852.47 5 14
16800 447 4150.4 7941.22 5 6
16800 448 5395 9065.31 0 14
16800 449 -5210.86 -4491 1 14
16800 450 5279.78 -5948.17 4 14
16800 451 -3205.8 -3948.14 1 14
16800 452 -6125.39 9821.07 1 14
16800 453 7113.35 4295.14 0 14
16800 454 -604.928 -300.61 5 6
16800 455 8791.13 -1299.11 4 14
16800 456 -7265.77 -3897.54 3 14
16800 457 4203.05 -5396.76 4 14
16800 458 -8520.91 9804.58 5 2
16800 459 -8467.3 -3629 5 10
16800 460 -7200.87 -1061.58 0 14
16800 461 -456.227 -424.896 5 2
16800 462 4215.77 -799.6 2 14
16800 463 1041.13 3053.59 0 14
16800 464 -8273.75 -7940.05 1 14
16800 465 9887.47 -759.571 1 14
16800 466 -1219.64 -2604.54 0 14
16800 467 -2097.32 4756.66 1 14
16800 468 -1098.12 2167.7 1 14
16800 469 -7377.97 6689.5 0 14
16800 470 4327.78 -9360.22 0 14
16800 471 -8774.65 -2382.88 1 14
16800 472 -1033.39 -9917.84 5 4
16800 473 2449.74 7746.16 2 14
16800 474 -3415.96 -6843.75 5 6
16800 475 -9836.62 -8395.76 2 14
16800 476 -8061.44 4826.13 5 2
16800 477 8825.25 -8877.14 5 12
16800 478 6045.71 141.526 2 14
16800 479 7983.67 1268.16 1 14
16800 480 -9738.88 1066.34 3 14
16800 481 -8473.55 5334.32 5 2
16800 482 765.557 -3110.8 0 14
16800 483 -507.809 -4666.13 3 14
16800 484 -5853.02 -4702.19 0 14
16800 485 215.068 3251.86 3 14
16800 486 -1500.14 32.1996 4 14
16800 487 6750.09 -8452.15 2 14
16800 488 -3921.33 546.156 2 14
16800 489 1926.34 -4266.59 2 14
16800 490 -3361.69 7677.51 5 10
16800 491 7060.27 4569.7 2 14
16800 492 1478.1 5839.43 1 14
16800 493 2015.81 -4724.16 0 14
16800 494 -458.488 5845.3 5 10
16800 495 9109.57 9582.68 5 2
16800 496 -5923.34 12.7619 1 14
16800 497 -5585.25 444.196 2 14
16800 498 -8186.01 4096.17 5 4
16800 499 3977.57 2448.98 5 10
16800 500 -8421.99 -5864.66 5 4
16800 501 7162.35 3491.88 2 14
16800 502 5122.34 771.236 2 14
16800 503 8416.91 5338 5 2
16800 504 2379.22 -4251.45 0 14
16800 505 395.565 -8005.72 0 14
16800 506 -5335.68 -2264.18 3 14
16800 507 -215.472 8859.35 5 14
16800 508 -3552.73 -2621.11 5 4
16800 509 2337.67 6705.59 4 14
16800 510 -3867.89 2846.06 5 2
16800 511 -703.907 -9250.9 1 14
16800 512 2355.96 -3926.64 3 14
16800 513 7419.68 -2523.28 0 14
16800 514 3564.82 -346.956 0 14
16800 515 7566.35 -2207.53 0 14
16800 516 3994.9 1857.41 5 14
16800 517 723.542 233.067 5 10
16800 518 9454.42 -7311.92 1 14
16800 519 3872.77 5711.71 0 14
16800 520 -8655.6 -1696.3 0 14
16800 521 -8638.63 4476.06 5 2
16800 522 -9961.33 9081.83 2 14
16800 523 506.34 -4508.5 5 12
16800 524 7458.41 5026.2 4 14
16800 525 7397.57 5404.21 4 14
16800 526 2300.46 -5273.43 0 14
16800 527 -4539.05 9542.9 1 14
16800 528 6717.95 6345.67 2 14
16800 529 -5463.19 -9287.51 1 14
16800 530 1219.24 -3045.27 0 14
16800 531 -4159.18 672.131 2 14
16800 532 5016.17 -70.5433 0 14
16800 533 2713.82 -9579.64 0 14
16800 534 7560.69 -5398.96 5 6
16800 535 -980.497 -9542.27 5 12
16800 536 -4475.69 9034.95 4 14
16800 537 6383.51 8598.67 2 14
16800 538 -5896.43 -5320.15 1 14
16800 539 1640.27 9319.73 1 14
16800 540 -7092.66 11.0771 1 14
16800 541 5114.45 -3763.63 1 14
16800 542 -2987.86 -5594.43 2 14
16800 543 7060.19 -9913.54 4 14
16800 544 -2383.54 -9524.06 1 14
16800 545 -9403.28 7395.59 0 14
16800 546 615.821 -9070.57 5 12
16800 547 -7789.94 -2126.57 1 14
16800 548 3161.69 -1625.26 3 14
16800 549 1351.35 -1700.58 1 14
16800 550 7812.97 -3018.84 0 14
16800 551 7136.54 -4272.38 1 14
16800 552 5208.06 4642.69 1 14
16800 553 -5398.28 3210.22 5 12
16800 554 822.282 9784.05 5 2
16800 555 1079.56 6688.94 0 14
16800 556 -6643.74 -8722.38 1 14
16800 557 3560.49 -9299.51 0 14
16800 558 8547.6 -5335.86 5 2
16800 559 7687.16 -747.135 5 8
16800 560 -9275.99 -9492.26 5 4
16800 561 -6113.06 8422 2 14
16800 562 -2549.4 -1561.39 0 14
16800 563 4776.31 1688.04 5 4
16800 564 5922.42 9843.97 1 14
16800 565 -5836.23 -1969.42 4 14
16800 566 5497.08 864.736 1 14
16800 567 7983.46 4349.79 5 6
16800 568 3053.37 -8444.17 1 14
16800 569 -3100.44 -3543.35 3 14
16800 570 2508.54 6520.81 2 14
16800 571 5801.94 7393.52 0 14
16800 572 -1884.73 1397.57 0 14
16800 573 -8637.59 -4206.35 4 14
16800 574 3944.1 -8044.95 5 8
16800 575 -583.789 -1611.73 1 14
16800 576 -2180.3 8175.14 1 14
16800 577 882.471 5849.89 5 14
16800 578 -3978.72 -5601.59 1 14
16800 579 1158.05 2928.76 0 14
16800 580 -4272.2 -1650.44 3 14
16800 581 2181.07 -9034.59 1 14
16800 582 -8017.23 9934.99 5 2
16800 583 1403.32 -9566.8 0 14
16800 584 -2458.77 9098.79 1 14
16800 585 7049.61 -2672.83 0 14
16800 586 2911.23 5251.17 0 14
16800 587 5622.55 -1861.79 5 6
16800 588 -1651.4 9502.35 0 14
16800 589 6195.55 2984.43 0 14
16800 590 7900.84 2387.46 0 14
16800 591 -2605.29 -4063.08 0 14
16800 592 9765.45 4694.04 4 14
16800 593 -2848.98 6520.12 1 14
16800 594 6878.94 446.276 0 14
16800 595 -7668.99 4288.14 5 14
16800 596 1647.52 -2187.69 0 14
16800 597 7028.86 -3411.68 3 14
16800 598 5212.8 4924.93 0 14
16800 599 2576.45 -1453.48 0 14
16800 600 4448.85 -9524.84 3 14
16800 601 -3876.56 -7109.94 5 2
16800 602 1259.14 254.485 5 6
16800 603 7289.91 617.765 2 14
16800 604 -5566.18 5920.23 0 14
16800 605 -7367.48 -9308.46 1 14
16800 606 3701.91 -6041.5 5 14
16800 607 3840.4 -6776.02 3 14
16800 608 3032.4 -5986.32 2 14
16800 609 -6089.69 4394.49 2 14
16800 610 3673.18 4213.6 2 14
16800 611 9730.63 -3059.61 2 14
16800 612 9817.46 9857.54 5 8
16800 613 -8964.05 -2772.15 1 14
16800 614 255.775 -723.396 5 8
16800 615 3776.07 1744.57 5 2
16800 616 5258.18 -5470.44 0 14
16800 617 4481.95 -6777.09 5 6
16800 618 -8698.12 -676.162 5 2
16800 619 -8645.33 1046.46 5 6
16800 620 -1900.7 -8573.91 1 14
16800 621 1271.74 -3740.46 1 14
16800 622 7966.35 5295.01 0 14
16800 623 -2090.75 2091.27 2 14
16800 624 -8815.6 7218.19 3 14
16800 625 6587.37 -5843.75 0 14
16800 626 2038.45 -3470.79 1 14
16800 627 7115.64 4240.66 4 14
16800 628 -3411 -5031.03 0 14
16800 629 -8733.17 -3818.47 5 12
16800 630 -6471.5 6324.13 1 14
16800 631 7223.12 -274.819 0 14
16800 632 9985.74 6058.51 1 14
16800 633 4583.31 -1113.91 5 14
16800 634 8317.81 -4216.15 5 10
16800 635 3703.39 -4969.34 1 14
16800 636 867.817 -3404.11 2 14
16800 637 3457.54 -9393.97 1 14
16800 638 3274.12 9591.21 0 14
16800 639 -4040.57 7660.96 5 2
16800 640 27.4003 732.76 5 12
16800 641 8203.58 7249.51 0 14
16800 642 1279.72 -536.684 2 14
16800 643 -3285.2 630.561 1 14
16800 644 -4226.65 9110.85 3 14
16800 645 5641.04 9890.23 0 14
16800 646 2295.49 -6758.14 1 14
16800 647 -1750.92 9980.06 2 14
16800 648 -3618.29 -1950.98 5 14
16800 649 2988.1 -9812.43 1 14
16800 650 538.259 -1389.18 4 14
16800 651 -4307.38 -7120.53 5 2
16800 652 -9578.36 -1309.93 0 14
16800 653 9876.01 1046.82 2 14
16800 654 -4539.01 -3619.4 5 14
16800 655 212.808 -5528.83 5 2
16800 656 -4093.55 -9762.84 0 14
16800 657 -3913.1 -3632.81 2 14
16800 658 9011.39 2503.51 1 14
16800 659 4927.32 8092.05 5 10
16800 660 9621.22 -6803.37 1 14
16800 661 4792.42 -9346.42 0 14
16800 662 2905.09 -2430.89 0 14
16800 663 9057.74 -7853.69 1 14
16800 664 -2594.09 8232.79 2 14
16800 665 4626.82 1596.09 3 14
16800 666 163.202 2793.96 0 14
16800 667 -2355.62 -5056.13 1 14
16800 668 9547.75 -6970.09 1 14
16800 669 -7827.87 -911.417 4 14
16800 670 -2162.45 6496.04 3 14
16800 671 -4558.26 6271.39 4 14
16800 672 -7865.86 9661.62 5 4
16800 673 -9224.57 -3000.89 0 14
16800 674 6198.98 -178.341 1 14
16800 675 -2196.04 -2019.76 0 14
16800 676 8642.06 5396.18 5 2
16800 677 -8340.28 4201.44 5 2
16800 678 5024.23 5034.85 0 14
16800 679 5253.9 -5807.18 1 14
16800 680 -1686.2 7262.16 0 14
16800 681 -5720.97 2889.31 2 14
16800 682 -6288.8 -9467.02 1 14
16800 683 6513.25 9412.19 2 14
16800 684 3216.66 -1174.68 2 14
16800 685 -2925.24 653.118 1 14
16800 686 1472.6 2878.66 1 14
16800 687 -1890.03 -2634.03 0 14
16800 688 9624.33 6250.45 2 14
16800 689 3315.74 -5576.94 1 14
16800 690 6125.33 -5561.25 4 14
16800 691 -1727.88 -1463.01 1 14
16800 692 -1408.91 4066.46 0 14
16800 693 -5303.66 6323.66 1 14
16800 694 -9596.26 -1922.94 2 14
16800 695 -4621.7 -896.623 1 14
16800 696 -1952 5375.86 1 14
16800 697 -8403.41 9803.75 5 2
16800 698 -3627.71 523.369 1 14
16800 699 -8828.95 4556.33 5 2
16800 700 -6113.89 4861 2 14
16800 701 -4350.39 9983 0 14
16800 702 3858.21 2518.28 5 4
16800 703 -3993.35 -4512.2 0 14
16800 704 -5991.37 -4440.78 0 14
16800 705 5192.21 3271.95 5 14
16800 706 -318.473 6655.77 0 14
16800 707 5607.77 -6220.21 0 14
16800 708 -2239.07 -5565.77 0 14
16800 709 -769.487 3269.48 1 14
16800 710 4831.13 -8956.13 2 14
16800 711 -1524.09 9590.51 2 14
16800 712 8264.48 5226.57 5 2
16800 713 4729.65 7318.23 5 2
16800 714 1045.56 6184.23 0 14
16800 715 4530.72 -5914.34 2 14
16800 716 -47.7859 -6019.05 1 14
16800 717 2249.02 4102.54 2 14
16800 718 6473.19 9717.02 1 14
16800 719 -8780.15 -9547.91 5 2
16800 720 4761.16 4649.1 1 14
16800 721 -3308.17 1942.07 5 12
16800 722 719.356 1154.53 1 14
16800 723 -7232.28 9998.71 3 14
16800 724 749.852 -2688.4 1 14
16800 725 -1048.74 -6159.6 3 14
16800 726 3267.1 7651.47 4 14
16800 727 -4293.17 8292 5 2
16800 728 1271.49 -4488.55 5 12
16800 729 -9191.84 -7400.22 0 14
16800 730 4478.42 8200.9 5 2
16800 731 -7319.09 -7248.74 0 14
16800 732 8540.27 -2025.49 1 14
16800 733 -4140.65 -5752.38 2 14
16800 734 -2045.03 9094.05 2 14
16800 735 -7191.33 -7183.41 0 14
16800 736 -6335.71 -5904.5 1 14
16800 737 7264.84 7469.21 1 14
16800 738 2598.61 7974.88 1 14
16800 739 4930.98 -7222 5 2
16800 740 8513.39 -9799.92 5 2
16800 741 -7293.73 -8318.77 1 14
16800 742 -9519.38 -1485.17 3 14
16800 743 -2237.55 1571.67 2 14
16800 744 -7932.53 2529.41 2 14
16800 745 6021.62 7857.7 2 14
16800 746 -1506.02 9082.41 1 14
16800 747 -5104.14 -4056.06 2 14
16800 748 1844.36 4276.18 1 14
16800 749 366.675 -3103.39 1 14
16800 750 -2467.12 1668.8 3 14
16800 751 -8.93484 3924.15 5 14
16800 752 593.813 -6531.91 2 14
16800 753 -8323.21 7259.17 1 14
16800 754 -3741.63 -6717.61 2 14
16800 755 2140.46 -7625.65 0 14
16800 756 4168.44 6393.43 2 14
16800 757 1682.56 -495.516 1 14
16800 758 -5008.06 -5261.22 1 14
16800 759 2444.69 -8444.69 1 14
16800 760 -2355.69 5385.86 1 14
16800 761 -9195.44 3252.5 0 14
16800 762 -2219.58 -9103.15 1 14
16800 763 -374.357 166.844 5 6
16800 764 6999.54 3263.23 0 14
16800 765 9002.38 5325.31 5 2
16800 766 -4469.16 303.426 0 14
16800 767 -1522.86 -3195.84 0 14
16800 768 5451.99 7865.58 5 10
16800 769 1967.53 8176.78 1 14
16800 770 4969.86 6638.56 2 14
16800 771 -2406.75 939.351 2 14
16800 772 -7882.49 -6671.12 3 14
16800 773 -6525.04 1761.55 1 14
16800 774 -1721.99 7801.14 0 14
16800 775 -754.13 426.514 5 14
16800 776 1063.84 3736 3 14
16800 777 5072.98 -6622.1 0 14
16800 778 -6493.61 3073.21 1 14
16800 779 -2528.27 -2087.02 4 14
16800 780 -3387.24 -9904.77 1 14
16800 781 3560.66 4592.33 0 14
16800 782 7814.06 6094.17 5 14
16800 783 2407.19 2399.69 2 14
16800 784 -3099.82 1118.58 1 14
16800 785 4498.37 -2016.48 5 2
16800 786 -4643.03 -3177.07 5 2
16800 787 3052.89 -7360.36 1 14
16800 788 8717.72 -3031.3 0 14
16800 789 188.929 7369.66 0 14
16800 790 -1658.62 5749.48 2 14
16800 791 -3074.86 2161.47 1 14
16800 792 -7344.25 4514.61 2 14
16800 793 -3491.38 6704.24 5 12
16800 794 3044.6 -1082.52 1 14
16800 795 -7713.04 -4632.77 5 2
16800 796 8435.81 -1965.3 3 14
16800 797 -8893.71 2901.06 0 14
16800 798 4043.84 -2564.28 5 2
16800 799 3168.6 -8400.09 0 14
16800 800 7304.97 -6377.54 3 14
16800 801 -1519.14 9599.92 0 14
16800 802 -1395.12 -6199.84 0 14
16800 803 442.388 -4978.51 5 2
16800 804 2432.74 -3831.19 2 14
16800 805 -5180.9 -9222.73 2 14
16800 806 -2021.5 4171.02 1 14
16800 807 6155.75 2418.14 1 14
16800 808 7473.38 8922.43 4 14
16800 809 -7858.24 3245.25 1 14
16800 810 1088.9 -2804.82 0 14
16800 811 -6284.88 -3716.36 1 14
16800 812 9453.34 -5471.99 5 14
16800 813 -1604.08 -6177.62 1 14
16800 814 -2527.13 -280.623 1 14
16800 815 1949.36 8434.49 1 14
16800 816 9686.46 -5695.29 3 14
16800 817 3472.37 -9425.89 1 14
16800 818 5232.91 -8158.59 5 14
16800 819 2693.13 2733.63 3 14
16800 820 -8306.13 482.96 5 2
16800 821 -4297.62 -637.383 1 14
16800 822 -840.732 -3736.47 1 14
16800 823 -3597.19 -9465.56 0 14
16800 824 -5257.93 3485.63 5 8
16800 825 5496.66 -8101.35 5 10
16800 826 -5654.75 -8514.33 3 14
16800 827 7228.66 -9937.18 5 14
16800 828 2660.79 5217.27 1 14
16800 829 9776.45 -3557.97 1 14
16800 830 8549.12 3730.04 5 14
16800 831 -5997.35 833.022 0 14
16800 832 -3913.96 -9881.03 2 14
16800 833 9592.44 3671.62 5 14
16800 834 5144.44 -7186.35 5 2
16800 835 -3084.32 -1376.38 2 14
16800 836 -5440.95 -4484.96 1 14
16800 837 -7439.69 6154.31 4 14
16800 838 -9417.91 -9521.93 5 10
16800 839 -5434.9 4712.36 1 14
16800 840 5311.49 -6529.39 1 14
16800 841 -9730.39 -9849.85 5 2
16800 842 3578.98 7984.11 5 2
16800 843 -7993.69 -3362.53 0 14
16800 844 9063.56 2477.54 1 14
16800 845 -9945.85 -7423.97 1 14
16800 846 3305.69 -9310.34 2 14
16800 847 -2204.45 -7990.82 0 14
16800 848 -484.692 -8023.65 0 14
16800 849 5249.77 8951.58 1 14
16800 850 1364.8 -1227.88 0 14
16800 851 552.932 -9843.71 5 2
16800 852 4373.87 5134.35 0 14
16800 853 -2046.62 8256.12 1 14
16800 854 2903.09 3318.54 2 14
16800 855 -4310.87 1539.12 5 12
16800 856 6986.52 7099.32 1 14
16800 857 936.788 5455.58 2 14
16800 858 5680.4 -6107.99 0 14
16800 859 2806.28 6560.41 0 14
16800 860 -1168.14 -310.506 5 4
16800 861 39.6185 9611.14 5 2
16800 862 -5535.39 1016.99 2 14
16800 863 7218.2 -3599.31 2 14
16800 864 9028.79 620.996 5 10
16800 865 -2242.3 4040.96 1 14
16800 866 -4388.83 -9314.6 2 14
16800 867 1846.69 9573.56 0 14
16800 868 6928.94 -7649.88 1 14
16800 869 -4011.62 5347.87 0 14
16800 870 977.008 -2501.81 2 14
16800 871 -1893.04 3576.43 0 14
16800 872 -1299.96 -1227.8 2 14
16800 873 -1308.34 -4565.04 2 14
16800 874 2341.32 7264.39 2 14
16800 875 4485.92 3307.38 5 2
16800 876 693.791 -1387.9 1 14
16800 877 -8709.7 -6553.34 0 14
16800 878 -2094.39 45.4745 1 14
16800 879 5361.27 -6178.36 0 14
16800 880 7789.91 1018.04 1 14
16800 881 5963.59 -7207.5 0 14
16800 882 9784.47 -129.243 1 14
16800 883 625.412 -2043.3 1 14
16800 884 -2132.86 -6182.01 1 14
16800 885 142.73 -5852.3 5 8
16800 886 7397.77 -9787.22 5 14
16800 887 -2473.81 -768.073 0 14
16800 888 4998.71 -7056.6 5 12
16800 889 5068.9 -8915.91 1 14
16800 890 -7287.52 6379.58 1 14
16800 891 -2011.08 4047.37 1 14
16800 892 3115.09 8773.37 0 14
16800 893 8826.24 -3456.31 2 14
16800 894 3043.96 -4182.68 0 14
16800 895 9865.71 6307.97 1 14
16800 896 -6951.36 -9928.66 3 14
16800 897 -5083.85 6099.97 5 14
16800 898 -1372.82 855.564 3 14
16800 899 9375.77 1293.18 1 14
16800 900 -2937.45 8969.54 2 14
16800 901 9110.61 -9038.52 2 14
16800 902 509.064 -7522.46 0 14
16800 903 7772.58 3710.35 1 14
16800 904 8926.91 4350.6 5 2
16800 905 -3329.78 3939 2 14
16800 906 -432.122 2973.18 1 14
16800 907 6009.62 -3187.27 1 14
16800 908 -1771.49 -2409.6 1 14
16800 909 5227.07 -6823.44 2 14
16800 910 -7958.29 -4734.77 5 2
16800 911 5245.25 -4669.65 0 14
16800 912 9226.78 -6155.59 1 14
16800 913 5936.21 729.139 0 14
16800 914 6102.02 -7532.84 1 14
16800 915 7265.87 1050.8 2 14
16800 916 -9552.74 4001.23 4 14
16800 917 -6443.25 -1849.98 0 14
16800 918 5003.9 -5980.74 0 14
16800 919 7785.2 1213.57 5 14
16800 920 1038.6 -9130.71 5 14
16800 921 -3798.65 -4594.89 2 14
16800 922 -4074.46 -919.862 2 14
16800 923 2695.11 1307.04 1 14
16800 924 -3835.51 8466.67 4 14
16800 925 9848.99 -8439.05 2 14
16800 926 -6365.2 6971.36 0 14
16800 927 9672.37 3727.39 2 14
16800 928 9307.59 -7851.18 2 14
16800 929 9575.27 5040.69 2 14
16800 930 -7588.92 7276.98 0 14
16800 931 7735.01 -5466.17 5 8
16800 932 1081.74 6332.65 1 14
16800 933 -6169.52 2880.07 1 14
16800 934 -8362.48 -4671.4 5 2
16800 935 -2017.5 9075.67 0 14
16800 936 -998.927 2273.75 1 14
16800 937 5223.52 5364.79 0 14
16800 938 5401.9 2665.68 3 14
16800 939 924.236 4763.47 5 12
16800 940 -6522.64 75.194 1 14
16800 941 5924.65 6987.48 1 14
16800 942 2255.76 -2621.85 0 14
16800 943 -4135.13 5774.45 4 14
16800 944 -3139.73 9472.96 1 14
16800 945 3428.21 7118.15 5 2
16800 946 -4293.09 -6916.17 5 2
16800 947 2934.57 3757.86 2 14
16800 948 9144.23 -8047.83 1 14
16800 949 -9840.34 5408.15 5 2
16800 950 8975.51 799.628 2 14
16800 951 6977.96 6375.95 0 14
16800 952 4309.85 7353.19 5 2
16800 953 9155.87 -7771.56 0 14
16800 954 -1938.95 -9662.94 2 14
16800 955 3553.08 -3269.63 5 14
16800 956 5119.1 -8218.22 2 14
16800 957 7336.96 6716.62 0 14
16800 958 2471.39 -6574.07 2 14
16800 959 1410.15 -5463.22 3 14
16800 960 3056.95 5754.89 0 14
16800 961 1171.47 -5225.85 3 14
16800 962 -2343.98 6505.6 1 14
16800 963 3895.67 9699.79 0 14
16800 964 5612.85 3676.53 3 14
16800 965 -2475.11 -7256.77 0 14
16800 966 -184.581 5107.88 5 2
16800 967 9528.27 -6782.69 0 14
16800 968 8073.32 -4937.73 0 14
16800 969 -9671.79 -9458.07 5 10
16800 970 -93.5957 -1552.3 2 14
16800 971 5234.41 -1525.22 1 14
16800 972 -6791.22 -1406.6 2 14
16800 973 1726.79 -881.06 0 14
16800 974 1584.04 -2667.1 0 14
16800 975 1038.49 9643.93 5 10
16800 976 7070.26 4452.65 2 14
16800 977 -2102.52 -6946.14 0 14
16800 978 704.667 -1737.4 1 14
16800 979 -7616.49 2169.39 1 14
16800 980 1212.48 9069.78 0 14
16800 981 2980.31 8494.01 1 14
16800 982 -3699.79 -4318.14 1 14
16800 983 -1947.17 -9144.93 0 14
16800 984 4080.95 -6571.79 5 12
16800 985 -8742.55 -8318.16 1 14
16800 986 -4812.7 5670.31 3 14
16800 987 2864.79 1635 2 14
16800 988 -3662.18 4087.73 0 14
16800 989 9154.31 3426.92 3 14
16800 990 -4945.73 890.957 2 14
16800 991 681.612 -4903.7 5 4
16800 992 7365.84 -2125.8 1 14
16800 993 8860.76 -271.873 5 2
16800 994 818.946 4230.03 5 8
16800 995 5515.69 -4954.6 0 14
16800 996 -7169.11 -2915.2 0 14
16800 997 -6113.07 -7665.64 0 14
16800 998 1614.41 -2284.91 0 14
16800 999 6063.29 -4988.05 0 14
16800 1000 6710.56 4237.39 1 14
16800 1001 -338.417 5764.44 3 14
16800 1002 -1738.42 -5862.64 1 14
16800 1003 1177.73 5780.69 5 12
16800 1004 -7519.55 -7278.53 0 14
16800 1005 -9378.43 -1072.04 5 6
16800 1006 -6483.97 7887.22 0 14
16800 1007 -7285.38 -293.611 2 14
16800 1008 -5791.11 9175 2 14
16800 1009 -2366.44 6617.17 0 14
16800 1010 -2336.42 -7673.43 0 14
16800 1011 6651.16 -8172.91 2 14
16800 1012 -6470.82 1704.13 0 14
16800 1013 -4608.7 6923.16 5 2
16800 1014 -747.642 -8398.31 0 14
16800 1015 -6343.29 9351.47 0 14
16800 1016 8319.86 3068.47 0 14
16800 1017 7419.95 -6616.28 0 14
16800 1018 2741.34 6213.16 2 14
16800 1019 -9550.88 -7414.48 1 14
16800 1020 -118.017 -2110.33 2 14
16800 1021 3581.46 -590.112 1 14
16800 1022 6108.79 -6193.42 0 14
16800 1023 -5482.89 703.324 2 14
16800 1024 926.946 6642.13 0 14
16800 1025 -5841.57 -4624.22 0 14
16800 1026 -3100.91 7934.4 2 14
16800 1027 8364.06 1142.71 5 12
16800 1028 5572.47 -2338.97 2 14
16800 1029 2884.95 -9850.69 0 14
16800 1030 7426.94 -8553.16 2 14
16800 1031 -9251.76 -9005.08 5 12
16800 1032 900.585 107.534 4 14
16800 1033 -8984.63 8474.91 3 14
16800 1034 -3784.64 4907.96 1 14
16800 1035 -8266.83 3747.2 1 14
16800 1036 -6088.49 6498.04 0 14
18000 37 5776.01 -3723.43 1 14
18000 38 -6929.44 -4978.88 1 14
18000 39 -7046.08 -6934.2 1 14
18000 40 6356.41 -2459.33 0 14
18000 41 5311.03 -7317.56 3 14
18000 42 -5830 9360.31 2 14
18000 43 -7163.82 5932.44 1 14
18000 44 6917.07 1162.03 0 14
18000 45 1970.24 -5092.32 0 14
18000 46 -652.807 -4667.99 5 2
18000 47 -1368.42 -1698.61 1 14
18000 48 4657.25 -7452.53 5 6
18000 49 3083.42 2843.65 5 12
18000 50 5000.59 -6743 4 14
18000 51 2490.71 -2117 3 14
18000 52 -2304.27 -2794.26 2 14
18000 53 -4254.74 -9136.61 3 14
18000 54 -8547.34 -5159.25 5 2
18000 55 1423.85 9552.13 2 14
18000 56 -5715.2 -1759 0 14
18000 57 -4359.61 -7592.59 5 2
18000 58 3942.81 5097.39 0 14
18000 59 9856.63 -6273.47 3 14
18000 60 -7934.88 -5422.22 4 14
18000 61 1493.58 -3459.75 0 14
18000 62 4423.34 -8204.35 0 14
18000 63 -8614.6 404.098 5 2
18000 64 3357.04 2753.71 5 12
18000 65 1576.5 589.58 1 14
18000 66 3935.4 4759.45 0 14
18000 67 -4274.89 -8191.27 5 2
18000 68 268.593 6898.82 1 14
18000 69 2159.15 -4129.83 0 14
18000 70 -1576.72 9691.01 0 14
18000 71 -2670.49 -4782.95 0 14
18000 72 1478.89 6818.95 0 14
18000 73 221.707 -3783.92 2 14
18000 74 -3442.79 2843.55 5 14
18000 75 -5106.95 6273.79 5 6
18000 76 -8560.12 -4621.3 5 2
18000 77 90.5277 9024.06 4 14
18000 78 8249.13 272.889 5 2
18000 79 8415.03 7391.53 2 14
18000 80 -2566.63 3779.84 1 14
18000 81 -3360.92 619.238 0 14
18000 82 -9874.6 -5636.14 1 14
18000 83 1473.31 -6980.73 1 14
18000 84 6412.91 6626.17 1 14
18000 85 -8121.37 6372.21 5 14
18000 86 -3272.22 1628.08 5 8
18000 87 -1806.55 4727.91 3 14
18000 88 -2758.28 -1748.47 3 14
18000 89 6548.16 6508.44 2 14
18000 90 4498.81 -7135.85 5 2
18000 91 8384.09 -2978.31 1 14
18000 92 608.596 -5351.09 5 2
18000 93 -975.063 6214.93 1 14
18000 94 -5177.73 2123.11 2 14
18000 95 -2535.9 -3648.31 0 14
18000 96 9369.65 3348.67 1 14
18000 97 9015.99 4511.64 5 2
18000 98 -3233.7 6591.66 4 14
18000 99 5804.48 -2131.28 5 14
18000 100 -8891.35 -6976.28 1 14
18000 101 -7688.6 -6703.19 1 14
18000 102 -2226.03 468.449 1 14
18000 103 712.66 -7757.68 2 14
18000 104 630.228 1668.2 3 14
18000 105 -5322.39 7430 4 14
18000 106 -6202.5 7274.89 0 14
18000 107 5594.74 2853.45 5 4
18000 108 -164.963 -1006.77 5 8
18000 109 8127.34 4040.02 4 14
18000 110 937.534 666.934 4 14
18000 111 -7242.88 5640.92 0 14
18000 112 5383.96 -6426.54 0 14
18000 113 -8642.24 4963.41 5 2
18000 114 -6145.79 9541.79 1 14
18000 115 -6432 6123.18 1 14
18000 116 9736.01 5728.42 1 14
18000 117 -5477.71 -3201.03 5 12
18000 118 -3709.37 2132.2 5 12
18000 119 -9798.74 1245.25 1 14
18000 120 -1629.89 3033.87 2 14
18000 121 -6227.16 9819.53 0 14
18000 122 -6221.34 -6953 0 14
18000 123 1586.98 -5484.02 0 14
18000 124 -7838.01 7702.9 0 14
18000 125 -9891.76 1695.74 2 14
18000 126 -3129.32 4893.48 0 14
18000 127 629.084 -577.515 3 14
18000 128 -5099.99 -4951.87 0 14
18000 129 -9166.4 -8394.07 4 14
18000 130 9114.12 -7109.69 1 14
18000 131 -7423.08 -2791.51 2 14
18000 132 2616.55 -3345.54 0 14
18000 133 679.83 6687.48 0 14
18000 134 1707.64 -3456.64 0 14
18000 135 1473.9 6125.85 3 14
18000 136 -5112.69 7894 5 2
18000 137 -9878.94 -7455.93 2 14
18000 138 -3130.39 -4045.25 0 14
18000 139 2492.38 2413.38 2 14
18000 140 6187.27 8922.17 2 14
18000 141 4560.64 4578.19 1 14
18000 142 -141.208 8738.14 5 6
18000 143 -2512.85 -3385.89 1 14
18000 144 -8542.67 2677.88 0 14
18000 145 -220.597 124.839 5 2
18000 146 8523.25 -1991.77 2 14
18000 147 7951.59 8970.69 5 12
18000 148 743.668 8431.15 2 14
18000 149 1337.55 9637.62 0 14
18000 150 -7621.95 5846.53 3 14
18000 151 -391.693 264.498 5 2
18000 152 -7811.88 7728.28 1 14
18000 153 4493.07 -5810.04 2 14
18000 154 -5441.17 2621.85 2 14
18000 155 7286.87 5034.11 3 14
18000 156 -4025.64 1532.49 5 12
18000 157 -8157.98 -8067.44 2 14
18000 158 2520.89 -7609.18 2 14
18000 159 -9040.74 -9279.93 5 2
18000 160 9495.15 -4088.78 5 14
18000 161 -7325.26 -2408.55 0 14
18000 162 -8324.24 5669.9 5 2
18000 163 6766.34 1857.43 0 14
18000 164 -1332.16 6879.31 0 14
18000 165 4500.37 9368.42 1 14
18000 166 -8973.44 9215.94 5 8
18000 167 9462.13 4055.34 4 14
18000 168 -5345.52 -1451.61 2 14
18000 169 -4536.55 -7398.25 5 2
18000 170 -2681.16 -8680.54 0 14
18000 171 -7596.94 -1049.21 5 10
18000 172 -8978.54 -1269.9 2 14
18000 173 7724.63 -8392.5 1 14
18000 174 -5254.37 -6003.95 0 14
18000 175 3212.36 -8674.55 2 14
18000 176 -9504.18 3522.8 2 14
18000 177 1604.9 5801.5 0 14
18000 178 3860.81 -8444.6 5 8
18000 179 -7193.85 -9268.68 3 14
18000 180 -3139.05 8089.6 0 14
18000 181 6336.75 -4714.23 0 14
18000 182 8316.66 5105.97 5 2
18000 183 6785 -7389.51 1 14
18000 184 9396.57 -5648.92 5 2
18000 185 -7082.5 5437.48 1 14
18000 186 4636.22 7250.3 5 6
18000 187 5372.68 -6401.72 2 14
18000 188 -2153.68 -8559.11 3 14
18000 189 5049.07 3267.16 5 14
18000 190 -7015.06 4388.7 3 14
18000 191 9607.62 -3572.32 1 14
18000 192 -8391.95 8636.12 5 14
18000 193 3971.08 -3545.83 5 6
18000 194 -3648.44 -9465.4 2 14
18000 195 5255.76 -8547 0 14
18000 196 4526.43 1736.86 3 14
18000 197 9613.5 -10.6149 4 14
18000 198 4653.56 -5374.19 2 14
18000 199 3033.7 6573.43 1 14
18000 200 -7730.63 -1244.2 3 14
18000 201 -5183.45 5294.2 0 14
18000 202 -7284.32 -4023.87 2 14
18000 203 -2597.62 -5352.4 1 14
18000 204 -9567.34 377.916 5 8
18000 205 6529.42 -4171.72 2 14
18000 206 -3048.36 -9278.28 1 14
18000 207 9495.53 -3783.9 2 14
18000 208 -1371.85 7520.64 0 14
18000 209 6580.8 9052.89 1 14
18000 210 -2259.89 -7156.19 0 14
18000 211 -7097.17 9609.69 5 14
18000 212 7357 -1136.32 1 14
18000 213 6003.11 2688.74 4 14
18000 214 -4023.03 -5095.98 1 14
18000 215 -749.396 5933.76 3 14
18000 216 -3032.77 -9493.31 0 14
18000 217 4812.66 -2380.45 5 2
18000 218 -4235.63 -8863.31 3 14
18000 219 7402.13 -3434.13 0 14
18000 220 2929.61 2261.97 1 14
18000 221 -8313.31 551.917 5 2
18000 222 1425.33 -5877.29 1 14
18000 223 1929.3 -5994.57 0 14
18000 224 1669.04 2208.12 1 14
18000 225 -2985.18 4295.69 3 14
18000 226 4534.59 9671.09 3 14
18000 227 -1635.22 -1788.72 2 14
18000 228 -8936.31 7419.55 0 14
18000 229 -8578.94 4113.49 5 10
18000 230 -3188.6 -4482.63 1 14
18000 231 -5183.99 -3706.59 2 14
18000 232 -8076 1651.19 1 14
18000 233 -1015.9 9917.97 5 2
18000 234 -9384.34 3103.6 2 14
18000 235 3326.89 3678.99 0 14
18000 236 3811.11 -7153.8 5 2
18000 237 2276.18 5534.53 1 14
18000 238 4003.47 8762.59 5 14
18000 239 7510.47 -6141.55 0 14
18000 240 1481.83 -4945.26 3 14
18000 241 -183.251 5738.75 5 4
18000 242 7758.8 4115.76 3 14
18000 243 9840.16 -3761.96 2 14
18000 244 9673.31 -701.293 5 10
18000 245 3965.99 965.082 0 14
18000 246 5972.21 6556.25 0 14
18000 247 2369.96 3330.86 1 14
18000 248 -9834.48 760.389 4 14
18000 249 -6370.49 4663.41 0 14
18000 250 1938.25 4678.8 1 14
18000 251 1715.29 -6377 0 14
18000 252 1292.23 355.139 5 12
18000 253 -7729.81 -2958.45 2 14
18000 254 1744.41 3311.63 1 14
18000 255 -1628.98 5482.6 1 14
18000 256 -564.069 1692.57 1 14
18000 257 -1937.15 104.681 3 14
18000 258 6460.02 8813.79 1 14
18000 259 -4827.84 7504.56 5 2
18000 260 -171.492 -2868.39 3 14
18000 261 5229.98 6713.81 5 4
18000 262 -199.871 -502.766 5 8
18000 263 3614.5 -6667.27 3 14
18000 264 -7280.17 5387 4 14
18000 265 -5363.09 -6840.89 2 14
18000 266 -3240.25 8760.2 3 14
18000 267 4389.68 7041.86 5 2
18000 268 -9803.59 -8425.96 0 14
18000 269 -823.137 -9062.4 1 14
18000 270 6700.26 8820.97 0 14
18000 271 8372.46 -2470.17 2 14
18000 272 3215.59 1089.35 0 14
18000 273 -5687.52 9574.84 1 14
18000 274 9082.39 -8680.79 5 10
18000 275 -6593.7 -9164.65 1 14
18000 276 -755.596 2496.71 0 14
18000 277 2616.84 -7773.38 1 14
18000 278 -8781.88 -2026.72 1 14
18000 279 -1105.03 6804.67 0 14
18000 280 -6374.64 7179.55 1 14
18000 281 8997.93 -9311.58 5 2
18000 282 -4404.35 566.947 1 14
18000 283 -5332.41 710.133 1 14
18000 284 -4938.89 -4789.2 1 14
18000 285 -9146.13 8480.57 4 14
18000 286 7013.94 2417.95 1 14
18000 287 1847.04 -4823.84 1 14
18000 288 -5199.63 -1978.56 5 2
18000 289 6392.62 -9248.51 1 14
18000 290 -6580.01 7895.57 0 14
18000 291 6598.74 -8267.39 0 14
18000 292 4748.72 5757.53 4 14
18000 293 1437.48 9450.49 2 14
18000 294 -9827.98 -9365.42 5 14
18000 295 -57.2011 8137.98 3 14
18000 296 -9123.49 -1606.82 2 14
18000 297 4330.75 -3244.26 5 2
18000 298 9718.97 1144.83 0 14
18000 299 4993.17 5494.27 1 14
18000 300 3872.99 8635.55 1 14
18000 301 7651.87 9793.58 4 14
18000 302 6497.94 -5513.57 0 14
18000 303 -4642.96 -1939.2 5 8
18000 304 5228.08 -7972.29 5 2
18000 305 7828.36 4590.34 5 2
18000 306 9952.84 1876.51 1 14
18000 307 7717.12 -1053.11 2 14
18000 308 1556.55 349.238 2 14
18000 309 -603.178 6167.08 1 14
18000 310 -6802.95 -8692.99 1 14
18000 311 2686.64 -6523 2 14
18000 312 9521.94 -385.484 5 4
18000 313 5627.5 -1045.91 0 14
18000 314 -2933.61 -6245.38 1 14
18000 315 -8631.05 -3016.65 0 14
18000 316 -7874.67 -1123.68 2 14
18000 317 -8381.75 3698.88 2 14
18000 318 3386.58 2991.66 5 12
18000 319 -7873.87 -5335.08 4 14
18000 320 3147.84 2632.88 4 14
18000 321 -140.099 1350.51 0 14
18000 322 -3775.01 -733.247 0 14
18000 323 3781.52 -1323.66 4 14
18000 324 7664.24 5234.81 1 14
18000 325 -9164.35 -4495.07 5 2
18000 326 271.01 995.434 3 14
18000 327 2284.53 2667.69 1 14
18000 328 -5781.92 7423.59 3 14
18000 329 -590.597 -7705.69 1 14
18000 330 -5491.04 -2852.09 5 10
18000 331 -7375.25 8473.68 2 14
18000 332 -3247.96 8117.58 3 14
18000 333 8599.4 1384.32 2 14
18000 334 9643.05 -1396.5 2 14
18000 335 -4750.24 9400.73 1 14
18000 336 2299.44 -1830.5 0 14
18000 337 89.5591 -7315.44 2 14
18000 338 1233.69 -4241.32 1 14
18000 339 327.284 282.951 5 2
18000 340 5716.67 -5149.34 1 14
18000 341 5326.36 -812.226 0 14
18000 342 -4273.9 7688.82 5 2
18000 343 8675.59 5293.34 5 2
18000 344 -3829.74 7514.49 5 2
18000 345 -8027.18 -2570.33 0 14
18000 346 7743.81 8411.56 2 14
18000 347 2306.56 7468.9 1 14
18000 348 5430.89 2293.63 5 10
18000 349 5661.55 4792.71 0 14
18000 350 -4682.58 -5725.36 4 14
18000 351 4589.25 8234.66 5 8
18000 352 -893.472 8964.07 3 14
18000 353 -4396.9 6456.96 5 10
18000 354 -3977.76 2644.82 5 2
18000 355 6152.38 -2072.96 1 14
18000 356 1471.65 5772.74 0 14
18000 357 6353.78 -7366.65 1 14
18000 358 -9502.55 -4108.17 3 14
18000 359 -1933.1 3607.28 1 14
18000 360 8691.06 -3412.04 0 14
18000 361 8517.87 9882.04 5 2
18000 362 -8206.91 -942.289 5 4
18000 363 7614.45 1793.42 1 14
18000 364 -1140.93 -1420 1 14
18000 365 4270.9 5526.18 1 14
18000 366 -3802.64 -2365.36 5 2
18000 367 -2777.14 -464.718 1 14
18000 368 4011.73 -9735.32 2 14
18000 369 9237.66 -6023.57 5 14
18000 370 -114.672 9211.1 5 2
18000 371 7543.36 -2950.8 0 14
18000 372 4827.07 4030.46 4 14
18000 373 7481.28 7927.84 0 14
18000 374 -8052.04 -4977.83 5 8
18000 375 -734.599 -6061.93 4 14
18000 376 -4564.67 7807.92 5 2
18000 377 6858.65 -1138.86 1 14
18000 378 -652.142 -106.815 5 2
18000 379 2683.34 7793.34 0 14
18000 380 -4474.02 -4436.74 0 14
18000 381 -1508.18 9426.87 5 14
18000 382 9250.1 -708.251 5 8
18000 383 6827.2 9525.41 1 14
18000 384 4894.91 5773.75 0 14
18000 385 -8463.65 -7225.74 1 14
18000 386 -4143.05 -1262.92 3 14
18000 387 -1423.85 -2118.31 0 14
18000 388 8001.78 -6052.28 5 14
18000 389 6730.61 -4453.56 0 14
18000 390 7745.21 2437.69 1 14
18000 391 5314.33 -569.779 2 14
18000 392 -8709.71 -2180.14 0 14
18000 393 955.386 -5707.82 0 14
18000 394 -6886.89 -7848.18 1 14
18000 395 6852.51 -7841.63 1 14
18000 396 -9081.94 -2101.86 0 14
18000 397 9217.88 3703.76 1 14
18000 398 3763.53 -7129.6 5 2
18000 399 -7982.74 -8141.51 1 14
18000 400 535.675 5782.04 5 10
18000 401 -5670.27 6865.94 5 14
18000 402 -7150.4 -1136.26 2 14
18000 403 -9454.76 6810.99 0 14
18000 404 -3450.77 -194.574 0 14
18000 405 -500.047 -3521.47 4 14
18000 406 -8035.16 -3693.9 5 14
18000 407 -6023.31 8629.8 2 14
18000 408 90.5797 1774.97 0 14
18000 409 -7150.83 -1026 0 14
18000 410 9481.61 -8799.49 3 14
18000 411 5194.91 -6936.74 5 2
18000 412 -1699.11 6359.21 1 14
18000 413 -2401.54 2290.5 0 14
18000 414 -6894.91 -4744.06 2 14
18000 415 -1278.95 927.431 1 14
18000 416 8521.6 742.958 5 14
18000 417 1387.81 9284.94 2 14
18000 418 -2078.74 718.415 0 14
18000 419 -4617.94 7873.11 5 2
18000 420 -9258.95 6959.93 1 14
18000 421 -1378.72 -1306.03 1 14
18000 422 -6297.44 -6271.09 1 14
18000 423 1282.91 -9010.06 3 14
18000 424 5320.32 1788.66 5 10
18000 425 881.932 2865.92 1 14
18000 426 2309.43 6535 0 14
18000 427 7647.95 -9520.73 5 10
18000 428 9006.75 -7325.65 0 14
18000 429 7399.16 -106.866 5 14
18000 430 2455.87 -3014.17 0 14
18000 431 4719.98 -9163.1 2 14
18000 432 1565.08 -5496.85 1 14
18000 433 -9307.37 9124.98 5 8
18000 434 -7235.37 9643.55 1 14
18000 435 2922.96 -3111.25 2 14
18000 436 8120.24 -2199.14 0 14
18000 437 919.548 -7635.52 1 14
18000 438 -799.529 6102.64 0 14
18000 439 2106.37 -5846.37 1 14
18000 440 5947.15 3121.12 3 14
18000 441 9253.49 268.763 5 2
18000 442 6457.19 -3134.39 0 14
18000 443 -8230.07 5575.64 5 2
18000 444 -760.469 3935.09 0 14
18000 445 -4977.41 -5970.61 4 14
18000 446 -7828.45 -5852.47 5 14
18000 447 4150.4 7941.22 5 2
18000 448 5395 9065.31 0 14
18000 449 -5210.86 -4491 1 14
18000 450 5279.78 -5948.17 5 14
18000 451 -3205.8 -3948.14 1 14
18000 452 -6125.39 9821.07 1 14
18000 453 7113.35 4295.14 0 14
18000 454 -604.928 -300.61 5 2
18000 455 8791.13 -1299.11 5 14
18000 456 -7265.77 -3897.54 3 14
18000 457 4203.05 -5396.76 3 14
18000 458 -8520.91 9804.58 5 2
18000 459 -8467.3 -3629 5 8
18000 460 -7200.87 -1061.58 0 14
18000 461 -456.227 -424.896 5 2
18000 462 4215.77 -799.6 2 14
18000 463 1041.13 3053.59 0 14
18000 464 -8273.75 -7940.05 1 14
18000 465 9887.47 -759.571 1 14
18000 466 -1219.64 -2604.54 0 14
18000 467 -2097.32 4756.66 2 14
18000 468 -1098.12 2167.7 1 14
18000 469 -7377.97 6689.5 0 14
18000 470 4327.78 -9360.22 0 14
18000 471 -8774.65 -2382.88 1 14
18000 472 -1033.39 -9917.84 5 2
18000 473 2449.74 7746.16 2 14
18000 474 -3415.96 -6843.75 5 12
18000 475 -9836.62 -8395.76 2 14
18000 476 -8061.44 4826.13 5 2
18000 477 8825.25 -8877.14 5 12
18000 478 6045.71 141.526 2 14
18000 479 7983.67 1268.16 1 14
18000 480 -9738.88 1066.34 4 14
18000 481 -8473.55 5334.32 5 2
18000 482 765.557 -3110.8 0 14
18000 483 -507.809 -4666.13 3 14
18000 484 -5853.02 -4702.19 0 14
18000 485 215.068 3251.86 3 14
18000 486 -1500.14 32.1996 5 14
18000 487 6750.09 -8452.15 2 14
18000 488 -3921.33 546.156 2 14
18000 489 1926.34 -4266.59 2 14
18000 490 -3361.69 7677.51 5 10
18000 491 7060.27 4569.7 2 14
18000 492 1478.1 5839.43 1 14
18000 493 2015.81 -4724.16 0 14
18000 494 -458.488 5845.3 5 14
18000 495 9109.57 9582.68 5 2
18000 496 -5923.34 12.7619 0 14
18000 497 -5585.25 444.196 2 14
18000 498 -8186.01 4096.17 5 6
18000 499 3977.57 2448.98 5 10
18000 500 -8421.99 -5864.66 5 2
18000 501 7162.35 3491.88 3 14
18000 502 5122.34 771.236 2 14
18000 503 8416.91 5338 5 2
18000 504 2379.22 -4251.45 0 14
18000 505 395.565 -8005.72 0 14
18000 506 -5335.68 -2264.18 3 14
18000 507 -215.472 8859.35 5 12
18000 508 -3552.73 -2621.11 5 10
18000 509 2337.67 6705.59 4 14
18000 510 -3867.89 2846.06 5 2
18000 511 -703.907 -9250.9 1 14
18000 512 2355.96 -3926.64 2 14
18000 513 7419.68 -2523.28 0 14
18000 514 3564.82 -346.956 0 14
18000 515 7566.35 -2207.53 0 14
18000 516 3994.9 1857.41 5 12
18000 517 723.542 233.067 5 10
18000 518 9454.42 -7311.92 1 14
18000 519 3872.77 5711.71 0 14
18000 520 -8655.6 -1696.3 0 14
18000 521 -8638.63 4476.06 5 2
18000 522 -9961.33 9081.83 2 14
18000 523 506.34 -4508.5 5 14
18000 524 7458.41 5026.2 4 14
18000 525 7397.57 5404.21 5 14
18000 526 2300.46 -5273.43 0 14
18000 527 -4539.05 9542.9 1 14
18000 528 6717.95 6345.67 2 14
18000 529 -5463.19 -9287.51 1 14
18000 530 1219.24 -3045.27 0 14
18000 531 -4159.18 672.131 2 14
18000 532 5016.17 -70.5433 0 14
18000 533 2713.82 -9579.64 0 14
18000 534 7560.69 -5398.96 5 6
18000 535 -980.497 -9542.27 5 8
18000 536 -4475.69 9034.95 4 14
18000 537 6383.51 8598.67 2 14
18000 538 -5896.43 -5320.15 1 14
18000 539 1640.27 9319.73 1 14
18000 540 -7092.66 11.0771 1 14
18000 541 5114.45 -3763.63 1 14
18000 542 -2987.86 -5594.43 1 14
18000 543 7060.19 -9913.54 4 14
18000 544 -2383.54 -9524.06 1 14
18000 545 -9403.28 7395.59 0 14
18000 546 615.821 -9070.57 5 12
18000 547 -7789.94 -2126.57 1 14
18000 548 3161.69 -1625.26 4 14
18000 549 1351.35 -1700.58 2 14
18000 550 7812.97 -3018.84 0 14
18000 551 7136.54 -4272.38 0 14
18000 552 5208.06 4642.69 1 14
18000 553 -5398.28 3210.22 5 10
18000 554 822.282 9784.05 5 2
18000 555 1079.56 6688.94 0 14
18000 556 -6643.74 -8722.38 2 14
18000 557 3560.49 -9299.51 0 14
18000 558 8547.6 -5335.86 5 2
18000 559 7687.16 -747.135 5 12
18000 560 -9275.99 -9492.26 5 4
18000 561 -6113.06 8422 2 14
18000 562 -2549.4 -1561.39 0 14
18000 563 4776.31 1688.04 5 2
18000 564 5922.42 9843.97 0 14
18000 565 -5836.23 -1969.42 4 14
18000 566 5497.08 864.736 1 14
18000 567 7983.46 4349.79 5 4
18000 568 3053.37 -8444.17 1 14
18000 569 -3100.44 -3543.35 3 14
18000 570 2508.54 6520.81 1 14
18000 571 5801.94 7393.52 0 14
18000 572 -1884.73 1397.57 0 14
18000 573 -8637.59 -4206.35 5 10
18000 574 3944.1 -8044.95 5 4
18000 575 -583.789 -1611.73 1 14
18000 576 -2180.3 8175.14 1 14
18000 577 882.471 5849.89 5 12
18000 578 -3978.72 -5601.59 1 14
18000 579 1158.05 2928.76 1 14
18000 580 -4272.2 -1650.44 4 14
18000 581 2181.07 -9034.59 1 14
18000 582 -8017.23 9934.99 5 2
18000 583 1403.32 -9566.8 0 14
18000 584 -2458.77 9098.79 1 14
18000 585 7049.61 -2672.83 0 14
18000 586 2911.23 5251.17 0 14
18000 587 5622.55 -1861.79 5 6
18000 588 -1651.4 9502.35 0 14
18000 589 6195.55 2984.43 0 14
18000 590 7900.84 2387.46 0 14
18000 591 -2605.29 -4063.08 0 14
18000 592 9765.45 4694.04 5 14
18000 593 -2848.98 6520.12 1 14
18000 594 6878.94 446.276 1 14
18000 595 -7668.99 4288.14 5 12
18000 596 1647.52 -2187.69 0 14
18000 597 7028.86 -3411.68 4 14
18000 598 5212.8 4924.93 1 14
18000 599 2576.45 -1453.48 0 14
18000 600 4448.85 -9524.84 3 14
18000 601 -3876.56 -7109.94 5 2
18000 602 1259.14 254.485 5 6
18000 603 7289.91 617.765 1 14
18000 604 -5566.18 5920.23 0 14
18000 605 -7367.48 -9308.46 2 14
18000 606 3701.91 -6041.5 5 14
18000 607 3840.4 -6776.02 3 14
18000 608 3032.4 -5986.32 2 14
18000 609 -6089.69 4394.49 2 14
18000 610 3673.18 4213.6 2 14
18000 611 9730.63 -3059.61 2 14
18000 612 9817.46 9857.54 5 8
18000 613 -8964.05 -2772.15 1 14
18000 614 255.775 -723.396 5 2
18000 615 3776.07 1744.57 5 12
18000 616 5258.18 -5470.44 0 14
18000 617 4481.95 -6777.09 5 4
18000 618 -8698.12 -676.162 5 2
18000 619 -8645.33 1046.46 5 12
18000 620 -1900.7 -8573.91 0 14
18000 621 1271.74 -3740.46 2 14
18000 622 7966.35 5295.01 0 14
18000 623 -2090.75 2091.27 2 14
18000 624 -8815.6 7218.19 3 14
18000 625 6587.37 -5843.75 0 14
18000 626 2038.45 -3470.79 1 14
18000 627 7115.64 4240.66 5 14
18000 628 -3411 -5031.03 0 14
18000 629 -8733.17 -3818.47 5 12
18000 630 -6471.5 6324.13 1 14
18000 631 7223.12 -274.819 0 14
18000 632 9985.74 6058.51 2 14
18000 633 4583.31 -1113.91 5 14
18000 634 8317.81 -4216.15 5 6
18000 635 3703.39 -4969.34 1 14
18000 636 867.817 -3404.11 2 14
18000 637 3457.54 -9393.97 1 14
18000 638 3274.12 9591.21 0 14
18000 639 -4040.57 7660.96 5 2
18000 640 27.4003 732.76 5 12
18000 641 8203.58 7249.51 0 14
18000 642 1279.72 -536.684 2 14
18000 643 -3285.2 630.561 1 14
18000 644 -4226.65 9110.85 4 14
18000 645 5641.04 9890.23 0 14
18000 646 2295.49 -6758.14 1 14
18000 647 -1750.92 9980.06 0 14
18000 648 -3618.29 -1950.98 5 12
18000 649 2988.1 -9812.43 1 14
18000 650 538.259 -1389.18 3 14
18000 651 -4307.38 -7120.53 5 2
18000 652 -9578.36 -1309.93 1 14
18000 653 9876.01 1046.82 3 14
18000 654 -4539.01 -3619.4 5 12
18000 655 212.808 -5528.83 5 10
18000 656 -4093.55 -9762.84 0 14
18000 657 -3913.1 -3632.81 2 14
18000 658 9011.39 2503.51 1 14
18000 659 4927.32 8092.05 5 10
18000 660 9621.22 -6803.37 1 14
18000 661 4792.42 -9346.42 0 14
18000 662 2905.09 -2430.89 0 14
18000 663 9057.74 -7853.69 2 14
18000 664 -2594.09 8232.79 3 14
18000 665 4626.82 1596.09 3 14
18000 666 163.202 2793.96 0 14
18000 667 -2355.62 -5056.13 1 14
18000 668 9547.75 -6970.09 1 14
18000 669 -7827.87 -911.417 4 14
18000 670 -2162.45 6496.04 3 14
18000 671 -4558.26 6271.39 4 14
18000 672 -7865.86 9661.62 5 4
18000 673 -9224.57 -3000.89 1 14
18000 674 6198.98 -178.341 0 14
18000 675 -2196.04 -2019.76 0 14
18000 676 8642.06 5396.18 5 2
18000 677 -8340.28 4201.44 5 2
18000 678 5024.23 5034.85 0 14
18000 679 5253.9 -5807.18 1 14
18000 680 -1686.2 7262.16 0 14
18000 681 -5720.97 2889.31 2 14
18000 682 -6288.8 -9467.02 1 14
18000 683 6513.25 9412.19 2 14
18000 684 3216.66 -1174.68 3 14
18000 685 -2925.24 653.118 1 14
18000 686 1472.6 2878.66 1 14
18000 687 -1890.03 -2634.03 1 14
18000 688 9624.33 6250.45 2 14
18000 689 3315.74 -5576.94 1 14
18000 690 6125.33 -5561.25 3 14
18000 691 -1727.88 -1463.01 1 14
18000 692 -1408.91 4066.46 0 14
18000 693 -5303.66 6323.66 1 14
18000 694 -9596.26 -1922.94 2 14
18000 695 -4621.7 -896.623 1 14
18000 696 -1952 5375.86 1 14
18000 697 -8403.41 9803.75 5 6
18000 698 -3627.71 523.369 1 14
18000 699 -8828.95 4556.33 5 2
18000 700 -6113.89 4861 2 14
18000 701 -4350.39 9983 0 14
18000 702 3858.21 2518.28 5 4
18000 703 -3993.35 -4512.2 1 14
18000 704 -5991.37 -4440.78 0 14
18000 705 5192.21 3271.95 5 12
18000 706 -318.473 6655.77 0 14
18000 707 5607.77 -6220.21 0 14
18000 708 -2239.07 -5565.77 0 14
18000 709 -769.487 3269.48 0 14
18000 710 4831.13 -8956.13 2 14
18000 711 -1524.09 9590.51 2 14
18000 712 8264.48 5226.57 5 2
18000 713 4729.65 7318.23 5 2
18000 714 1045.56 6184.23 0 14
18000 715 4530.72 -5914.34 2 14
18000 716 -47.7859 -6019.05 1 14
18000 717 2249.02 4102.54 2 14
18000 718 6473.19 9717.02 1 14
18000 719 -8780.15 -9547.91 5 2
18000 720 4761.16 4649.1 1 14
18000 721 -3308.17 1942.07 5 6
18000 722 719.356 1154.53 1 14
18000 723 -7232.28 9998.71 3 14
18000 724 749.852 -2688.4 1 14
18000 725 -1048.74 -6159.6 4 14
18000 726 3267.1 7651.47 5 14
18000 727 -4293.17 8292 5 2
18000 728 1271.49 -4488.55 5 10
18000 729 -9191.84 -7400.22 1 14
18000 730 4478.42 8200.9 5 8
18000 731 -7319.09 -7248.74 0 14
18000 732 8540.27 -2025.49 1 14
18000 733 -4140.65 -5752.38 3 14
18000 734 -2045.03 9094.05 1 14
18000 735 -7191.33 -7183.41 1 14
18000 736 -6335.71 -5904.5 1 14
18000 737 7264.84 7469.21 1 14
18000 738 2598.61 7974.88 1 14
18000 739 4930.98 -7222 5 2
18000 740 8513.39 -9799.92 5 2
18000 741 -7293.73 -8318.77 1 14
18000 742 -9519.38 -1485.17 3 14
18000 743 -2237.55 1571.67 2 14
18000 744 -7932.53 2529.41 2 14
18000 745 6021.62 7857.7 2 14
18000 746 -1506.02 9082.41 1 14
18000 747 -5104.14 -4056.06 2 14
18000 748 1844.36 4276.18 0 14
18000 749 366.675 -3103.39 2 14
18000 750 -2467.12 1668.8 4 14
18000 751 -8.93484 3924.15 5 14
18000 752 593.813 -6531.91 1 14
18000 753 -8323.21 7259.17 1 14
18000 754 -3741.63 -6717.61 2 14
18000 755 2140.46 -7625.65 1 14
18000 756 4168.44 6393.43 2 14
18000 757 1682.56 -495.516 1 14
18000 758 -5008.06 -5261.22 1 14
18000 759 2444.69 -8444.69 1 14
18000 760 -2355.69 5385.86 1 14
18000 761 -9195.44 3252.5 1 14
18000 762 -2219.58 -9103.15 1 14
18000 763 -374.357 166.844 5 2
18000 764 6999.54 3263.23 0 14
18000 765 9002.38 5325.31 5 2
18000 766 -4469.16 303.426 1 14
18000 767 -1522.86 -3195.84 0 14
18000 768 5451.99 7865.58 5 12
18000 769 1967.53 8176.78 1 14
18000 770 4969.86 6638.56 2 14
18000 771 -2406.75 939.351 2 14
18000 772 -7882.49 -6671.12 2 14
18000 773 -6525.04 1761.55 1 14
18000 774 -1721.99 7801.14 0 14
18000 775 -754.13 426.514 5 12
18000 776 1063.84 3736 3 14
18000 777 5072.98 -6622.1 0 14
18000 778 -6493.61 3073.21 1 14
18000 779 -2528.27 -2087.02 4 14
18000 780 -3387.24 -9904.77 1 14
18000 781 3560.66 4592.33 0 14
18000 782 7814.06 6094.17 5 12
18000 783 2407.19 2399.69 2 14
18000 784 -3099.82 1118.58 1 14
18000 785 4498.37 -2016.48 5 2
18000 786 -4643.03 -3177.07 5 2
18000 787 3052.89 -7360.36 1 14
18000 788 8717.72 -3031.3 1 14
18000 789 188.929 7369.66 0 14
18000 790 -1658.62 5749.48 3 14
18000 791 -3074.86 2161.47 1 14
18000 792 -7344.25 4514.61 2 14
18000 793 -3491.38 6704.24 5 12
18000 794 3044.6 -1082.52 2 14
18000 795 -7713.04 -4632.77 5 2
18000 796 8435.81 -1965.3 3 14
18000 797 -8893.71 2901.06 0 14
18000 798 4043.84 -2564.28 5 4
18000 799 3168.6 -8400.09 0 14
18000 800 7304.97 -6377.54 3 14
18000 801 -1519.14 9599.92 0 14
18000 802 -1395.12 -6199.84 0 14
18000 803 442.388 -4978.51 5 2
18000 804 2432.74 -3831.19 1 14
18000 805 -5180.9 -9222.73 2 14
18000 806 -2021.5 4171.02 1 14
18000 807 6155.75 2418.14 1 14
18000 808 7473.38 8922.43 4 14
18000 809 -7858.24 3245.25 1 14
18000 810 1088.9 -2804.82 0 14
18000 811 -6284.88 -3716.36 1 14
18000 812 9453.34 -5471.99 5 12
18000 813 -1604.08 -6177.62 1 14
18000 814 -2527.13 -280.623 2 14
18000 815 1949.36 8434.49 2 14
18000 816 9686.46 -5695.29 4 14
18000 817 3472.37 -9425.89 1 14
18000 818 5232.91 -8158.59 5 12
18000 819 2693.13 2733.63 3 14
18000 820 -8306.13 482.96 5 2
18000 821 -4297.62 -637.383 1 14
18000 822 -840.732 -3736.47 1 14
18000 823 -3597.19 -9465.56 0 14
18000 824 -5257.93 3485.63 4 14
18000 825 5496.66 -8101.35 5 6
18000 826 -5654.75 -8514.33 3 14
18000 827 7228.66 -9937.18 5 14
18000 828 2660.79 5217.27 1 14
18000 829 9776.45 -3557.97 2 14
18000 830 8549.12 3730.04 5 12
18000 831 -5997.35 833.022 0 14
18000 832 -3913.96 -9881.03 2 14
18000 833 9592.44 3671.62 5 14
18000 834 5144.44 -7186.35 5 4
18000 835 -3084.32 -1376.38 3 14
18000 836 -5440.95 -4484.96 2 14
18000 837 -7439.69 6154.31 5 14
18000 838 -9417.91 -9521.93 5 12
18000 839 -5434.9 4712.36 1 14
18000 840 5311.49 -6529.39 1 14
18000 841 -9730.39 -9849.85 5 10
18000 842 3578.98 7984.11 5 2
18000 843 -7993.69 -3362.53 0 14
18000 844 9063.56 2477.54 1 14
18000 845 -9945.85 -7423.97 1 14
18000 846 3305.69 -9310.34 2 14
18000 847 -2204.45 -7990.82 0 14
18000 848 -484.692 -8023.65 0 14
18000 849 5249.77 8951.58 2 14
18000 850 1364.8 -1227.88 0 14
18000 851 552.932 -9843.71 5 2
18000 852 4373.87 5134.35 0 14
18000 853 -2046.62 8256.12 1 14
18000 854 2903.09 3318.54 2 14
18000 855 -4310.87 1539.12 5 12
18000 856 6986.52 7099.32 1 14
18000 857 936.788 5455.58 2 14
18000 858 5680.4 -6107.99 0 14
18000 859 2806.28 6560.41 0 14
18000 860 -1168.14 -310.506 4 14
18000 861 39.6185 9611.14 5 2
18000 862 -5535.39 1016.99 2 14
18000 863 7218.2 -3599.31 2 14
18000 864 9028.79 620.996 5 6
18000 865 -2242.3 4040.96 1 14
18000 866 -4388.83 -9314.6 2 14
18000 867 1846.69 9573.56 0 14
18000 868 6928.94 -7649.88 1 14
18000 869 -4011.62 5347.87 0 14
18000 870 977.008 -2501.81 2 14
18000 871 -1893.04 3576.43 0 14
18000 872 -1299.96 -1227.8 1 14
18000 873 -1308.34 -4565.04 1 14
18000 874 2341.32 7264.39 2 14
18000 875 4485.92 3307.38 5 2
18000 876 693.791 -1387.9 1 14
18000 877 -8709.7 -6553.34 1 14
18000 878 -2094.39 45.4745 1 14
18000 879 5361.27 -6178.36 0 14
18000 880 7789.91 1018.04 1 14
18000 881 5963.59 -7207.5 0 14
18000 882 9784.47 -129.243 1 14
18000 883 625.412 -2043.3 1 14
18000 884 -2132.86 -6182.01 1 14
18000 885 142.73 -5852.3 5 12
18000 886 7397.77 -9787.22 5 14
18000 887 -2473.81 -768.073 0 14
18000 888 4998.71 -7056.6 5 10
18000 889 5068.9 -8915.91 2 14
18000 890 -7287.52 6379.58 1 14
18000 891 -2011.08 4047.37 1 14
18000 892 3115.09 8773.37 1 14
18000 893 8826.24 -3456.31 2 14
18000 894 3043.96 -4182.68 0 14
18000 895 9865.71 6307.97 1 14
18000 896 -6951.36 -9928.66 3 14
18000 897 -5083.85 6099.97 4 14
18000 898 -1372.82 855.564 2 14
18000 899 9375.77 1293.18 2 14
18000 900 -2937.45 8969.54 2 14
18000 901 9110.61 -9038.52 3 14
18000 902 509.064 -7522.46 0 14
18000 903 7772.58 3710.35 1 14
18000 904 8926.91 4350.6 5 2
18000 905 -3329.78 3939 3 14
18000 906 -432.122 2973.18 1 14
18000 907 6009.62 -3187.27 1 14
18000 908 -1771.49 -2409.6 1 14
18000 909 5227.07 -6823.44 3 14
18000 910 -7958.29 -4734.77 5 2
18000 911 5245.25 -4669.65 0 14
18000 912 9226.78 -6155.59 1 14
18000 913 5936.21 729.139 0 14
18000 914 6102.02 -7532.84 1 14
18000 915 7265.87 1050.8 2 14
18000 916 -9552.74 4001.23 4 14
18000 917 -6443.25 -1849.98 0 14
18000 918 5003.9 -5980.74 0 14
18000 919 7785.2 1213.57 4 14
18000 920 1038.6 -9130.71 5 10
18000 921 -3798.65 -4594.89 2 14
18000 922 -4074.46 -919.862 2 14
18000 923 2695.11 1307.04 1 14
18000 924 -3835.51 8466.67 5 14
18000 925 9848.99 -8439.05 2 14
18000 926 -6365.2 6971.36 0 14
18000 927 9672.37 3727.39 3 14
18000 928 9307.59 -7851.18 2 14
18000 929 9575.27 5040.69 2 14
18000 930 -7588.92 7276.98 0 14
18000 931 7735.01 -5466.17 5 6
18000 932 1081.74 6332.65 0 14
18000 933 -6169.52 2880.07 1 14
18000 934 -8362.48 -4671.4 5 2
18000 935 -2017.5 9075.67 0 14
18000 936 -998.927 2273.75 0 14
18000 937 5223.52 5364.79 0 14
18000 938 5401.9 2665.68 3 14
18000 939 924.236 4763.47 5 10
18000 940 -6522.64 75.194 1 14
18000 941 5924.65 6987.48 1 14
18000 942 2255.76 -2621.85 0 14
18000 943 -4135.13 5774.45 5 14
18000 944 -3139.73 9472.96 1 14
18000 945 3428.21 7118.15 5 14
18000 946 -4293.09 -6916.17 5 2
18000 947 2934.57 3757.86 2 14
18000 948 9144.23 -8047.83 1 14
18000 949 -9840.34 5408.15 5 14
18000 950 8975.51 799.628 2 14
18000 951 6977.96 6375.95 1 14
18000 952 4309.85 7353.19 5 2
18000 953 9155.87 -7771.56 0 14
18000 954 -1938.95 -9662.94 2 14
18000 955 3553.08 -3269.63 5 14
18000 956 5119.1 -8218.22 2 14
18000 957 7336.96 6716.62 0 14
18000 958 2471.39 -6574.07 2 14
18000 959 1410.15 -5463.22 3 14
18000 960 3056.95 5754.89 0 14
18000 961 1171.47 -5225.85 3 14
18000 962 -2343.98 6505.6 1 14
18000 963 3895.67 9699.79 0 14
18000 964 5612.85 3676.53 4 14
18000 965 -2475.11 -7256.77 0 14
18000 966 -184.581 5107.88 5 2
18000 967 9528.27 -6782.69 1 14
18000 968 8073.32 -4937.73 0 14
18000 969 -9671.79 -9458.07 5 8
18000 970 -93.5957 -1552.3 3 14
18000 971 5234.41 -1525.22 0 14
18000 972 -6791.22 -1406.6 2 14
18000 973 1726.79 -881.06 0 14
18000 974 1584.04 -2667.1 1 14
18000 975 1038.49 9643.93 5 8
18000 976 7070.26 4452.65 2 14
18000 977 -2102.52 -6946.14 0 14
18000 978 704.667 -1737.4 1 14
18000 979 -7616.49 2169.39 0 14
18000 980 1212.48 9069.78 0 14
18000 981 2980.31 8494.01 1 14
18000 982 -3699.79 -4318.14 0 14
18000 983 -1947.17 -9144.93 0 14
18000 984 4080.95 -6571.79 5 8
18000 985 -8742.55 -8318.16 1 14
18000 986 -4812.7 5670.31 3 14
18000 987 2864.79 1635 3 14
18000 988 -3662.18 4087.73 0 14
18000 989 9154.31 3426.92 3 14
18000 990 -4945.73 890.957 1 14
18000 991 681.612 -4903.7 5 12
18000 992 7365.84 -2125.8 1 14
18000 993 8860.76 -271.873 5 2
18000 994 818.946 4230.03 5 4
18000 995 5515.69 -4954.6 0 14
18000 996 -7169.11 -2915.2 0 14
18000 997 -6113.07 -7665.64 0 14
18000 998 1614.41 -2284.91 0 14
18000 999 6063.29 -4988.05 0 14
18000 1000 6710.56 4237.39 1 14
18000 1001 -338.417 5764.44 3 14
18000 1002 -1738.42 -5862.64 2 14
18000 1003 1177.73 5780.69 5 8
18000 1004 -7519.55 -7278.53 1 14
18000 1005 -9378.43 -1072.04 5 6
18000 1006 -6483.97 7887.22 0 14
18000 1007 -7285.38 -293.611 2 14
18000 1008 -5791.11 9175 2 14
18000 1009 -2366.44 6617.17 0 14
18000 1010 -2336.42 -7673.43 0 14
18000 1011 6651.16 -8172.91 1 14
18000 1012 -6470.82 1704.13 0 14
18000 1013 -4608.7 6923.16 5 2
18000 1014 -747.642 -8398.31 0 14
18000 1015 -6343.29 9351.47 0 14
18000 1016 8319.86 3068.47 0 14
18000 1017 7419.95 -6616.28 0 14
18000 1018 2741.34 6213.16 2 14
18000 1019 -9550.88 -7414.48 1 14
18000 1020 -118.017 -2110.33 2 14
18000 1021 3581.46 -590.112 1 14
18000 1022 6108.79 -6193.42 0 14
18000 1023 -5482.89 703.324 2 14
18000 1024 926.946 6642.13 0 14
18000 1025 -5841.57 -4624.22 0 14
18000 1026 -3100.91 7934.4 2 14
18000 1027 8364.06 1142.71 5 10
18000 1028 5572.47 -2338.97 3 14
18000 1029 2884.95 -9850.69 0 14
18000 1030 7426.94 -8553.16 3 14
18000 1031 -9251.76 -9005.08 5 12
18000 1032 900.585 107.534 4 14
18000 1033 -8984.63 8474.91 4 14
18000 1034 -3784.64 4907.96 1 14
18000 1035 -8266.83 3747.2 0 14
18000 1036 -6088.49 6498.04 0 14
19200 37 5776.01 -3723.43 1 14
19200 38 -6929.44 -4978.88 1 14
19200 39 -7046.08 -6934.2 1 14
19200 40 6356.41 -2459.33 1 14
19200 41 5311.03 -7317.56 4 14
19200 42 -5830 9360.31 2 14
19200 43 -7163.82 5932.44 1 14
19200 44 6917.07 1162.03 1 14
19200 45 1970.24 -5092.32 0 14
19200 46 -652.807 -4667.99 5 4
19200 47 -1368.42 -1698.61 0 14
19200 48 4657.25 -7452.53 5 6
19200 49 3083.42 2843.65 5 8
19200 50 5000.59 -6743 5 14
19200 51 2490.71 -2117 3 14
19200 52 -2304.27 -2794.26 2 14
19200 53 -4254.74 -9136.61 4 14
19200 54 -8547.34 -5159.25 5 2
19200 55 1423.85 9552.13 2 14
19200 56 -5715.2 -1759 0 14
19200 57 -4359.61 -7592.59 5 2
19200 58 3942.81 5097.39 1 14
19200 59 9856.63 -6273.47 2 14
19200 60 -7934.88 -5422.22 5 14
19200 61 1493.58 -3459.75 0 14
19200 62 4423.34 -8204.35 0 14
19200 63 -8614.6 404.098 5 2
19200 64 3357.04 2753.71 5 10
19200 65 1576.5 589.58 2 14
19200 66 3935.4 4759.45 0 14
19200 67 -4274.89 -8191.27 5 12
19200 68 268.593 6898.82 1 14
19200 69 2159.15 -4129.83 0 14
19200 70 -1576.72 9691.01 0 14
19200 71 -2670.49 -4782.95 0 14
19200 72 1478.89 6818.95 0 14
19200 73 221.707 -3783.92 3 14
19200 74 -3442.79 2843.55 5 12
19200 75 -5106.95 6273.79 5 6
19200 76 -8560.12 -4621.3 5 2
19200 77 90.5277 9024.06 5 12
19200 78 8249.13 272.889 5 2
19200 79 8415.03 7391.53 2 14
19200 80 -2566.63 3779.84 1 14
19200 81 -3360.92 619.238 0 14
19200 82 -9874.6 -5636.14 0 14
19200 83 1473.31 -6980.73 1 14
19200 84 6412.91 6626.17 0 14
19200 85 -8121.37 6372.21 5 14
19200 86 -3272.22 1628.08 5 6
19200 87 -1806.55 4727.91 3 14
19200 88 -2758.28 -1748.47 3 14
19200 89 6548.16 6508.44 2 14
19200 90 4498.81 -7135.85 5 2
19200 91 8384.09 -2978.31 1 14
19200 92 608.596 -5351.09 5 2
19200 93 -975.063 6214.93 1 14
19200 94 -5177.73 2123.11 3 14
19200 95 -2535.9 -3648.31 0 14
19200 96 9369.65 3348.67 1 14
19200 97 9015.99 4511.64 5 2
19200 98 -3233.7 6591.66 2 14
19200 99 5804.48 -2131.28 4 14
19200 100 -8891.35 -6976.28 1 14
19200 101 -7688.6 -6703.19 1 14
19200 102 -2226.03 468.449 1 14
19200 103 712.66 -7757.68 1 14
19200 104 630.228 1668.2 4 14
19200 105 -5322.39 7430 4 14
19200 106 -6202.5 7274.89 0 14
19200 107 5594.74 2853.45 5 14
19200 108 -164.963 -1006.77 5 12
19200 109 8127.34 4040.02 4 14
19200 110 937.534 666.934 4 14
19200 111 -7242.88 5640.92 0 14
19200 112 5383.96 -6426.54 1 14
19200 113 -8642.24 4963.41 5 2
19200 114 -6145.79 9541.79 1 14
19200 115 -6432 6123.18 1 14
19200 116 9736.01 5728.42 1 14
19200 117 -5477.71 -3201.03 5 14
19200 118 -3709.37 2132.2 5 8
19200 119 -9798.74 1245.25 2 14
19200 120 -1629.89 3033.87 2 14
19200 121 -6227.16 9819.53 1 14
19200 122 -6221.34 -6953 0 14
19200 123 1586.98 -5484.02 0 14
19200 124 -7838.01 7702.9 0 14
19200 125 -9891.76 1695.74 2 14
19200 126 -3129.32 4893.48 0 14
19200 127 629.084 -577.515 4 14
19200 128 -5099.99 -4951.87 0 14
19200 129 -9166.4 -8394.07 4 14
19200 130 9114.12 -7109.69 1 14
19200 131 -7423.08 -2791.51 2 14
19200 132 2616.55 -3345.54 0 14
19200 133 679.83 6687.48 0 14
19200 134 1707.64 -3456.64 0 14
19200 135 1473.9 6125.85 3 14
19200 136 -5112.69 7894 5 8
19200 137 -9878.94 -7455.93 2 14
19200 138 -3130.39 -4045.25 0 14
19200 139 2492.38 2413.38 2 14
19200 140 6187.27 8922.17 2 14
19200 141 4560.64 4578.19 0 14
19200 142 -141.208 8738.14 5 12
19200 143 -2512.85 -3385.89 1 14
19200 144 -8542.67 2677.88 0 14
19200 145 -220.597 124.839 5 2
19200 146 8523.25 -1991.77 2 14
19200 147 7951.59 8970.69 5 12
19200 148 743.668 8431.15 3 14
19200 149 1337.55 9637.62 1 14
19200 150 -7621.95 5846.53 3 14
19200 151 -391.693 264.498 5 10
19200 152 -7811.88 7728.28 1 14
19200 153 4493.07 -5810.04 2 14
19200 154 -5441.17 2621.85 2 14
19200 155 7286.87 5034.11 4 14
19200 156 -4025.64 1532.49 5 12
19200 157 -8157.98 -8067.44 2 14
19200 158 2520.89 -7609.18 2 14
19200 159 -9040.74 -9279.93 5 2
19200 160 9495.15 -4088.78 5 12
19200 161 -7325.26 -2408.55 1 14
19200 162 -8324.24 5669.9 5 2
19200 163 6766.34 1857.43 0 14
19200 164 -1332.16 6879.31 0 14
19200 165 4500.37 9368.42 1 14
19200 166 -8973.44 9215.94 5 4
19200 167 9462.13 4055.34 5 14
19200 168 -5345.52 -1451.61 3 14
19200 169 -4536.55 -7398.25 5 2
19200 170 -2681.16 -8680.54 0 14
19200 171 -7596.94 -1049.21 5 12
19200 172 -8978.54 -1269.9 1 14
19200 173 7724.63 -8392.5 1 14
19200 174 -5254.37 -6003.95 0 14
19200 175 3212.36 -8674.55 2 14
19200 176 -9504.18 3522.8 1 14
19200 177 1604.9 5801.5 0 14
19200 178 3860.81 -8444.6 5 14
19200 179 -7193.85 -9268.68 3 14
19200 180 -3139.05 8089.6 1 14
19200 181 6336.75 -4714.23 0 14
19200 182 8316.66 5105.97 5 2
19200 183 6785 -7389.51 1 14
19200 184 9396.57 -5648.92 5 10
19200 185 -7082.5 5437.48 0 14
19200 186 4636.22 7250.3 5 2
19200 187 5372.68 -6401.72 2 14
19200 188 -2153.68 -8559.11 3 14
19200 189 5049.07 3267.16 5 14
19200 190 -7015.06 4388.7 3 14
19200 191 9607.62 -3572.32 1 14
19200 192 -8391.95 8636.12 5 14
19200 193 3971.08 -3545.83 5 6
19200 194 -3648.44 -9465.4 2 14
19200 195 5255.76 -8547 0 14
19200 196 4526.43 1736.86 3 14
19200 197 9613.5 -10.6149 5 14
19200 198 4653.56 -5374.19 2 14
19200 199 3033.7 6573.43 1 14
19200 200 -7730.63 -1244.2 3 14
19200 201 -5183.45 5294.2 0 14
19200 202 -7284.32 -4023.87 2 14
19200 203 -2597.62 -5352.4 1 14
19200 204 -9567.34 377.916 5 4
19200 205 6529.42 -4171.72 2 14
19200 206 -3048.36 -9278.28 1 14
19200 207 9495.53 -3783.9 2 14
19200 208 -1371.85 7520.64 0 14
19200 209 6580.8 9052.89 1 14
19200 210 -2259.89 -7156.19 1 14
19200 211 -7097.17 9609.69 5 14
19200 212 7357 -1136.32 2 14
19200 213 6003.11 2688.74 4 14
19200 214 -4023.03 -5095.98 1 14
19200 215 -749.396 5933.76 3 14
19200 216 -3032.77 -9493.31 0 14
19200 217 4812.66 -2380.45 5 10
19200 218 -4235.63 -8863.31 3 14
19200 219 7402.13 -3434.13 0 14
19200 220 2929.61 2261.97 1 14
19200 221 -8313.31 551.917 5 2
19200 222 1425.33 -5877.29 1 14
19200 223 1929.3 -5994.57 0 14
19200 224 1669.04 2208.12 1 14
19200 225 -2985.18 4295.69 2 14
19200 226 4534.59 9671.09 3 14
19200 227 -1635.22 -1788.72 2 14
19200 228 -8936.31 7419.55 0 14
19200 229 -8578.94 4113.49 5 4
19200 230 -3188.6 -4482.63 1 14
19200 231 -5183.99 -3706.59 1 14
19200 232 -8076 1651.19 1 14
19200 233 -1015.9 9917.97 5 8
19200 234 -9384.34 3103.6 2 14
19200 235 3326.89 3678.99 0 14
19200 236 3811.11 -7153.8 5 2
19200 237 2276.18 5534.53 1 14
19200 238 4003.47 8762.59 5 14
19200 239 7510.47 -6141.55 0 14
19200 240 1481.83 -4945.26 3 14
19200 241 -183.251 5738.75 5 2
19200 242 7758.8 4115.76 2 14
19200 243 9840.16 -3761.96 2 14
19200 244 9673.31 -701.293 5 6
19200 245 3965.99 965.082 0 14
19200 246 5972.21 6556.25 1 14
19200 247 2369.96 3330.86 0 14
19200 248 -9834.48 760.389 5 14
19200 249 -6370.49 4663.41 1 14
19200 250 1938.25 4678.8 1 14
19200 251 1715.29 -6377 0 14
19200 252 1292.23 355.139 5 14
19200 253 -7729.81 -2958.45 2 14
19200 254 1744.41 3311.63 1 14
19200 255 -1628.98 5482.6 1 14
19200 256 -564.069 1692.57 1 14
19200 257 -1937.15 104.681 3 14
19200 258 6460.02 8813.79 1 14
19200 259 -4827.84 7504.56 5 2
19200 260 -171.492 -2868.39 3 14
19200 261 5229.98 6713.81 5 4
19200 262 -199.871 -502.766 5 2
19200 263 3614.5 -6667.27 4 14
19200 264 -7280.17 5387 4 14
19200 265 -5363.09 -6840.89 2 14
19200 266 -3240.25 8760.2 3 14
19200 267 4389.68 7041.86 5 2
19200 268 -9803.59 -8425.96 1 14
19200 269 -823.137 -9062.4 1 14
19200 270 6700.26 8820.97 0 14
19200 271 8372.46 -2470.17 2 14
19200 272 3215.59 1089.35 0 14
19200 273 -5687.52 9574.84 1 14
19200 274 9082.39 -8680.79 5 8
19200 275 -6593.7 -9164.65 1 14
19200 276 -755.596 2496.71 0 14
19200 277 2616.84 -7773.38 0 14
19200 278 -8781.88 -2026.72 1 14
19200 279 -1105.03 6804.67 1 14
19200 280 -6374.64 7179.55 0 14
19200 281 8997.93 -9311.58 5 2
19200 282 -4404.35 566.947 1 14
19200 283 -5332.41 710.133 1 14
19200 284 -4938.89 -4789.2 2 14
19200 285 -9146.13 8480.57 5 14
19200 286 7013.94 2417.95 2 14
19200 287 1847.04 -4823.84 2 14
19200 288 -5199.63 -1978.56 5 2
19200 289 6392.62 -9248.51 1 14
19200 290 -6580.01 7895.57 0 14
19200 291 6598.74 -8267.39 0 14
19200 292 4748.72 5757.53 4 14
19200 293 1437.48 9450.49 2 14
19200 294 -9827.98 -9365.42 5 14
19200 295 -57.2011 8137.98 3 14
19200 296 -9123.49 -1606.82 1 14
19200 297 4330.75 -3244.26 5 2
19200 298 9718.97 1144.83 0 14
19200 299 4993.17 5494.27 1 14
19200 300 3872.99 8635.55 1 14
19200 301 7651.87 9793.58 5 14
19200 302 6497.94 -5513.57 0 14
19200 303 -4642.96 -1939.2 5 4
19200 304 5228.08 -7972.29 5 12
19200 305 7828.36 4590.34 5 2
19200 306 9952.84 1876.51 0 14
19200 307 7717.12 -1053.11 2 14
19200 308 1556.55 349.238 2 14
19200 309 -603.178 6167.08 1 14
19200 310 -6802.95 -8692.99 1 14
19200 311 2686.64 -6523 3 14
19200 312 9521.94 -385.484 5 2
19200 313 5627.5 -1045.91 0 14
19200 314 -2933.61 -6245.38 0 14
19200 315 -8631.05 -3016.65 1 14
19200 316 -7874.67 -1123.68 2 14
19200 317 -8381.75 3698.88 3 14
19200 318 3386.58 2991.66 5 14
19200 319 -7873.87 -5335.08 5 14
19200 320 3147.84 2632.88 4 14
19200 321 -140.099 1350.51 0 14
19200 322 -3775.01 -733.247 0 14
19200 323 3781.52 -1323.66 5 14
19200 324 7664.24 5234.81 1 14
19200 325 -9164.35 -4495.07 5 2
19200 326 271.01 995.434 4 14
19200 327 2284.53 2667.69 1 14
19200 328 -5781.92 7423.59 4 14
19200 329 -590.597 -7705.69 1 14
19200 330 -5491.04 -2852.09 5 8
19200 331 -7375.25 8473.68 2 14
19200 332 -3247.96 8117.58 4 14
19200 333 8599.4 1384.32 3 14
19200 334 9643.05 -1396.5 2 14
19200 335 -4750.24 9400.73 1 14
19200 336 2299.44 -1830.5 0 14
19200 337 89.5591 -7315.44 2 14
19200 338 1233.69 -4241.32 2 14
19200 339 327.284 282.951 5 2
19200 340 5716.67 -5149.34 1 14
19200 341 5326.36 -812.226 0 14
19200 342 -4273.9 7688.82 5 2
19200 343 8675.59 5293.34 5 2
19200 344 -3829.74 7514.49 5 2
19200 345 -8027.18 -2570.33 0 14
19200 346 7743.81 8411.56 1 14
19200 347 2306.56 7468.9 0 14
19200 348 5430.89 2293.63 5 6
19200 349 5661.55 4792.71 0 14
19200 350 -4682.58 -5725.36 4 14
19200 351 4589.25 8234.66 5 2
19200 352 -893.472 8964.07 3 14
19200 353 -4396.9 6456.96 5 6
19200 354 -3977.76 2644.82 5 2
19200 355 6152.38 -2072.96 1 14
19200 356 1471.65 5772.74 0 14
19200 357 6353.78 -7366.65 1 14
19200 358 -9502.55 -4108.17 2 14
19200 359 -1933.1 3607.28 1 14
19200 360 8691.06 -3412.04 0 14
19200 361 8517.87 9882.04 5 2
19200 362 -8206.91 -942.289 5 2
19200 363 7614.45 1793.42 1 14
19200 364 -1140.93 -1420 1 14
19200 365 4270.9 5526.18 1 14
19200 366 -3802.64 -2365.36 5 2
19200 367 -2777.14 -464.718 1 14
19200 368 4011.73 -9735.32 2 14
19200 369 9237.66 -6023.57 5 14
19200 370 -114.672 9211.1 5 2
19200 371 7543.36 -2950.8 0 14
19200 372 4827.07 4030.46 4 14
19200 373 7481.28 7927.84 0 14
19200 374 -8052.04 -4977.83 5 8
19200 375 -734.599 -6061.93 5 14
19200 376 -4564.67 7807.92 5 8
19200 377 6858.65 -1138.86 0 14
19200 378 -652.142 -106.815 5 2
19200 379 2683.34 7793.34 0 14
19200 380 -4474.02 -4436.74 0 14
19200 381 -1508.18 9426.87 5 14
19200 382 9250.1 -708.251 5 4
19200 383 6827.2 9525.41 1 14
19200 384 4894.91 5773.75 0 14
19200 385 -8463.65 -7225.74 1 14
19200 386 -4143.05 -1262.92 3 14
19200 387 -1423.85 -2118.31 0 14
19200 388 8001.78 -6052.28 5 14
19200 389 6730.61 -4453.56 0 14
19200 390 7745.21 2437.69 1 14
19200 391 5314.33 -569.779 3 14
19200 392 -8709.71 -2180.14 0 14
19200 393 955.386 -5707.82 0 14
19200 394 -6886.89 -7848.18 1 14
19200 395 6852.51 -7841.63 1 14
19200 396 -9081.94 -2101.86 0 14
19200 397 9217.88 3703.76 1 14
19200 398 3763.53 -7129.6 5 2
19200 399 -7982.74 -8141.51 1 14
19200 400 535.675 5782.04 5 6
19200 401 -5670.27 6865.94 5 14
19200 402 -7150.4 -1136.26 2 14
19200 403 -9454.76 6810.99 0 14
19200 404 -3450.77 -194.574 0 14
19200 405 -500.047 -3521.47 4 14
19200 406 -8035.16 -3693.9 5 14
19200 407 -6023.31 8629.8 1 14
19200 408 90.5797 1774.97 0 14
19200 409 -7150.83 -1026 0 14
19200 410 9481.61 -8799.49 3 14
19200 411 5194.91 -6936.74 5 12
19200 412 -1699.11 6359.21 1 14
19200 413 -2401.54 2290.5 0 14
19200 414 -6894.91 -4744.06 3 14
19200 415 -1278.95 927.431 1 14
19200 416 8521.6 742.958 5 10
19200 417 1387.81 9284.94 2 14
19200 418 -2078.74 718.415 0 14
19200 419 -4617.94 7873.11 5 2
19200 420 -9258.95 6959.93 1 14
19200 421 -1378.72 -1306.03 1 14
19200 422 -6297.44 -6271.09 0 14
19200 423 1282.91 -9010.06 4 14
19200 424 5320.32 1788.66 5 10
19200 425 881.932 2865.92 1 14
19200 426 2309.43 6535 0 14
19200 427 7647.95 -9520.73 5 6
19200 428 9006.75 -7325.65 0 14
19200 429 7399.16 -106.866 5 14
19200 430 2455.87 -3014.17 0 14
19200 431 4719.98 -9163.1 2 14
19200 432 1565.08 -5496.85 1 14
19200 433 -9307.37 9124.98 5 8
19200 434 -7235.37 9643.55 0 14
19200 435 2922.96 -3111.25 2 14
19200 436 8120.24 -2199.14 0 14
19200 437 919.548 -7635.52 1 14
19200 438 -799.529 6102.64 1 14
19200 439 2106.37 -5846.37 1 14
19200 440 5947.15 3121.12 3 14
19200 441 9253.49 268.763 5 2
19200 442 6457.19 -3134.39 0 14
19200 443 -8230.07 5575.64 5 2
19200 444 -760.469 3935.09 0 14
19200 445 -4977.41 -5970.61 5 14
19200 446 -7828.45 -5852.47 5 12
19200 447 4150.4 7941.22 5 2
19200 448 5395 9065.31 0 14
19200 449 -5210.86 -4491 1 14
19200 450 5279.78 -5948.17 5 14
19200 451 -3205.8 -3948.14 1 14
19200 452 -6125.39 9821.07 1 14
19200 453 7113.35 4295.14 1 14
19200 454 -604.928 -300.61 5 2
19200 455 8791.13 -1299.11 5 14
19200 456 -7265.77 -3897.54 3 14
19200 457 4203.05 -5396.76 3 14
19200 458 -8520.91 9804.58 5 2
19200 459 -8467.3 -3629 5 14
19200 460 -7200.87 -1061.58 0 14
19200 461 -456.227 -424.896 5 2
19200 462 4215.77 -799.6 2 14
19200 463 1041.13 3053.59 0 14
19200 464 -8273.75 -7940.05 0 14
19200 465 9887.47 -759.571 1 14
19200 466 -1219.64 -2604.54 0 14
19200 467 -2097.32 4756.66 2 14
19200 468 -1098.12 2167.7 0 14
19200 469 -7377.97 6689.5 0 14
19200 470 4327.78 -9360.22 0 14
19200 471 -8774.65 -2382.88 1 14
19200 472 -1033.39 -9917.84 5 12
19200 473 2449.74 7746.16 2 14
19200 474 -3415.96 -6843.75 5 10
19200 475 -9836.62 -8395.76 2 14
19200 476 -8061.44 4826.13 5 2
19200 477 8825.25 -8877.14 5 12
19200 478 6045.71 141.526 2 14
19200 479 7983.67 1268.16 1 14
19200 480 -9738.88 1066.34 5 14
19200 481 -8473.55 5334.32 5 2
19200 482 765.557 -3110.8 0 14
19200 483 -507.809 -4666.13 3 14
19200 484 -5853.02 -4702.19 1 14
19200 485 215.068 3251.86 3 14
19200 486 -1500.14 32.1996 5 14
19200 487 6750.09 -8452.15 2 14
19200 488 -3921.33 546.156 2 14
19200 489 1926.34 -4266.59 1 14
19200 490 -3361.69 7677.51 5 8
19200 491 7060.27 4569.7 2 14
19200 492 1478.1 5839.43 1 14
19200 493 2015.81 -4724.16 1 14
19200 494 -458.488 5845.3 5 14
19200 495 9109.57 9582.68 5 2
19200 496 -5923.34 12.7619 0 14
19200 497 -5585.25 444.196 2 14
19200 498 -8186.01 4096.17 5 6
19200 499 3977.57 2448.98 5 4
19200 500 -8421.99 -5864.66 5 2
19200 501 7162.35 3491.88 3 14
19200 502 5122.34 771.236 1 14
19200 503 8416.91 5338 5 2
19200 504 2379.22 -4251.45 0 14
19200 505 395.565 -8005.72 0 14
19200 506 -5335.68 -2264.18 3 14
19200 507 -215.472 8859.35 5 8
19200 508 -3552.73 -2621.11 5 6
19200 509 2337.67 6705.59 3 14
19200 510 -3867.89 2846.06 5 8
19200 511 -703.907 -9250.9 2 14
19200 512 2355.96 -3926.64 2 14
19200 513 7419.68 -2523.28 0 14
19200 514 3564.82 -346.956 0 14
19200 515 7566.35 -2207.53 0 14
19200 516 3994.9 1857.41 5 14
19200 517 723.542 233.067 5 10
19200 518 9454.42 -7311.92 1 14
19200 519 3872.77 5711.71 0 14
19200 520 -8655.6 -1696.3 1 14
19200 521 -8638.63 4476.06 5 2
19200 522 -9961.33 9081.83 3 14
19200 523 506.34 -4508.5 5 10
19200 524 7458.41 5026.2 4 14
19200 525 7397.57 5404.21 5 12
19200 526 2300.46 -5273.43 1 14
19200 527 -4539.05 9542.9 1 14
19200 528 6717.95 6345.67 2 14
19200 529 -5463.19 -9287.51 2 14
19200 530 1219.24 -3045.27 0 14
19200 531 -4159.18 672.131 2 14
19200 532 5016.17 -70.5433 0 14
19200 533 2713.82 -9579.64 0 14
19200 534 7560.69 -5398.96 5 8
19200 535 -980.497 -9542.27 5 12
19200 536 -4475.69 9034.95 5 14
19200 537 6383.51 8598.67 1 14
19200 538 -5896.43 -5320.15 1 14
19200 539 1640.27 9319.73 1 14
19200 540 -7092.66 11.0771 1 14
19200 541 5114.45 -3763.63 1 14
19200 542 -2987.86 -5594.43 1 14
19200 543 7060.19 -9913.54 5 14
19200 544 -2383.54 -9524.06 1 14
19200 545 -9403.28 7395.59 1 14
19200 546 615.821 -9070.57 5 10
19200 547 -7789.94 -2126.57 2 14
19200 548 3161.69 -1625.26 4 14
19200 549 1351.35 -1700.58 2 14
19200 550 7812.97 -3018.84 0 14
19200 551 7136.54 -4272.38 1 14
19200 552 5208.06 4642.69 1 14
19200 553 -5398.28 3210.22 5 10
19200 554 822.282 9784.05 5 2
19200 555 1079.56 6688.94 0 14
19200 556 -6643.74 -8722.38 2 14
19200 557 3560.49 -9299.51 0 14
19200 558 8547.6 -5335.86 5 2
19200 559 7687.16 -747.135 5 10
19200 560 -9275.99 -9492.26 5 4
19200 561 -6113.06 8422 2 14
19200 562 -2549.4 -1561.39 0 14
19200 563 4776.31 1688.04 5 10
19200 564 5922.42 9843.97 0 14
19200 565 -5836.23 -1969.42 4 14
19200 566 5497.08 864.736 1 14
19200 567 7983.46 4349.79 5 2
19200 568 3053.37 -8444.17 1 14
19200 569 -3100.44 -3543.35 2 14
19200 570 2508.54 6520.81 2 14
19200 571 5801.94 7393.52 1 14
19200 572 -1884.73 1397.57 0 14
19200 573 -8637.59 -4206.35 5 4
19200 574 3944.1 -8044.95 5 8
19200 575 -583.789 -1611.73 1 14
19200 576 -2180.3 8175.14 0 14
19200 577 882.471 5849.89 5 10
19200 578 -3978.72 -5601.59 1 14
19200 579 1158.05 2928.76 1 14
19200 580 -4272.2 -1650.44 5 14
19200 581 2181.07 -9034.59 1 14
19200 582 -8017.23 9934.99 5 2
19200 583 1403.32 -9566.8 0 14
19200 584 -2458.77 9098.79 1 14
19200 585 7049.61 -2672.83 0 14
19200 586 2911.23 5251.17 0 14
19200 587 5622.55 -1861.79 5 14
19200 588 -1651.4 9502.35 0 14
19200 589 6195.55 2984.43 0 14
19200 590 7900.84 2387.46 0 14
19200 591 -2605.29 -4063.08 1 14
19200 592 9765.45 4694.04 5 12
19200 593 -2848.98 6520.12 1 14
19200 594 6878.94 446.276 0 14
19200 595 -7668.99 4288.14 5 10
19200 596 1647.52 -2187.69 0 14
19200 597 7028.86 -3411.68 4 14
19200 598 5212.8 4924.93 1 14
19200 599 2576.45 -1453.48 0 14
19200 600 4448.85 -9524.84 3 14
19200 601 -3876.56 -7109.94 5 2
19200 602 1259.14 254.485 5 8
19200 603 7289.91 617.765 2 14
19200 604 -5566.18 5920.23 0 14
19200 605 -7367.48 -9308.46 3 14
19200 606 3701.91 -6041.5 5 12
19200 607 3840.4 -6776.02 3 14
19200 608 3032.4 -5986.32 1 14
19200 609 -6089.69 4394.49 2 14
19200 610 3673.18 4213.6 2 14
19200 611 9730.63 -3059.61 2 14
19200 612 9817.46 9857.54 5 8
19200 613 -8964.05 -2772.15 1 14
19200 614 255.775 -723.396 5 10
19200 615 3776.07 1744.57 5 10
19200 616 5258.18 -5470.44 0 14
19200 617 4481.95 -6777.09 5 2
19200 618 -8698.12 -676.162 5 2
19200 619 -8645.33 1046.46 5 8
19200 620 -1900.7 -8573.91 0 14
19200 621 1271.74 -3740.46 2 14
19200 622 7966.35 5295.01 0 14
19200 623 -2090.75 2091.27 2 14
19200 624 -8815.6 7218.19 3 14
19200 625 6587.37 -5843.75 0 14
19200 626 2038.45 -3470.79 2 14
19200 627 7115.64 4240.66 4 14
19200 628 -3411 -5031.03 0 14
19200 629 -8733.17 -3818.47 5 10
19200 630 -6471.5 6324.13 2 14
19200 631 7223.12 -274.819 0 14
19200 632 9985.74 6058.51 2 14
19200 633 4583.31 -1113.91 5 12
19200 634 8317.81 -4216.15 5 2
19200 635 3703.39 -4969.34 0 14
19200 636 867.817 -3404.11 0 14
19200 637 3457.54 -9393.97 2 14
19200 638 3274.12 9591.21 0 14
19200 639 -4040.57 7660.96 5 2
19200 640 27.4003 732.76 5 8
19200 641 8203.58 7249.51 0 14
19200 642 1279.72 -536.684 2 14
19200 643 -3285.2 630.561 1 14
19200 644 -4226.65 9110.85 5 14
19200 645 5641.04 9890.23 0 14
19200 646 2295.49 -6758.14 0 14
19200 647 -1750.92 9980.06 1 14
19200 648 -3618.29 -1950.98 5 10
19200 649 2988.1 -9812.43 1 14
19200 650 538.259 -1389.18 3 14
19200 651 -4307.38 -7120.53 5 2
19200 652 -9578.36 -1309.93 1 14
19200 653 9876.01 1046.82 3 14
19200 654 -4539.01 -3619.4 5 12
19200 655 212.808 -5528.83 5 4
19200 656 -4093.55 -9762.84 0 14
19200 657 -3913.1 -3632.81 2 14
19200 658 9011.39 2503.51 0 14
19200 659 4927.32 8092.05 5 4
19200 660 9621.22 -6803.37 1 14
19200 661 4792.42 -9346.42 0 14
19200 662 2905.09 -2430.89 1 14
19200 663 9057.74 -7853.69 2 14
19200 664 -2594.09 8232.79 3 14
19200 665 4626.82 1596.09 4 14
19200 666 163.202 2793.96 0 14
19200 667 -2355.62 -5056.13 1 14
19200 668 9547.75 -6970.09 1 14
19200 669 -7827.87 -911.417 4 14
19200 670 -2162.45 6496.04 3 14
19200 671 -4558.26 6271.39 4 14
19200 672 -7865.86 9661.62 5 2
19200 673 -9224.57 -3000.89 0 14
19200 674 6198.98 -178.341 0 14
19200 675 -2196.04 -2019.76 0 14
19200 676 8642.06 5396.18 5 2
19200 677 -8340.28 4201.44 5 2
19200 678 5024.23 5034.85 0 14
19200 679 5253.9 -5807.18 1 14
19200 680 -1686.2 7262.16 1 14
19200 681 -5720.97 2889.31 3 14
19200 682 -6288.8 -9467.02 1 14
19200 683 6513.25 9412.19 2 14
19200 684 3216.66 -1174.68 3 14
19200 685 -2925.24 653.118 1 14
19200 686 1472.6 2878.66 1 14
19200 687 -1890.03 -2634.03 1 14
19200 688 9624.33 6250.45 3 14
19200 689 3315.74 -5576.94 1 14
19200 690 6125.33 -5561.25 3 14
19200 691 -1727.88 -1463.01 1 14
19200 692 -1408.91 4066.46 1 14
19200 693 -5303.66 6323.66 1 14
19200 694 -9596.26 -1922.94 2 14
19200 695 -4621.7 -896.623 2 14
19200 696 -1952 5375.86 1 14
19200 697 -8403.41 9803.75 5 4
19200 698 -3627.71 523.369 1 14
19200 699 -8828.95 4556.33 5 2
19200 700 -6113.89 4861 1 14
19200 701 -4350.39 9983 0 14
19200 702 3858.21 2518.28 5 6
19200 703 -3993.35 -4512.2 1 14
19200 704 -5991.37 -4440.78 0 14
19200 705 5192.21 3271.95 5 8
19200 706 -318.473 6655.77 0 14
19200 707 5607.77 -6220.21 0 14
19200 708 -2239.07 -5565.77 0 14
19200 709 -769.487 3269.48 1 14
19200 710 4831.13 -8956.13 4 14
19200 711 -1524.09 9590.51 0 14
19200 712 8264.48 5226.57 5 2
19200 713 4729.65 7318.23 5 2
19200 714 1045.56 6184.23 0 14
19200 715 4530.72 -5914.34 3 14
19200 716 -47.7859 -6019.05 2 14
19200 717 2249.02 4102.54 2 14
19200 718 6473.19 9717.02 1 14
19200 719 -8780.15 -9547.91 5 2
19200 720 4761.16 4649.1 2 14
19200 721 -3308.17 1942.07 5 2
19200 722 719.356 1154.53 1 14
19200 723 -7232.28 9998.71 3 14
19200 724 749.852 -2688.4 1 14
19200 725 -1048.74 -6159.6 4 14
19200 726 3267.1 7651.47 5 14
19200 727 -4293.17 8292 5 2
19200 728 1271.49 -4488.55 5 8
19200 729 -9191.84 -7400.22 0 14
19200 730 4478.42 8200.9 5 2
19200 731 -7319.09 -7248.74 0 14
19200 732 8540.27 -2025.49 1 14
19200 733 -4140.65 -5752.38 3 14
19200 734 -2045.03 9094.05 1 14
19200 735 -7191.33 -7183.41 0 14
19200 736 -6335.71 -5904.5 2 14
19200 737 7264.84 7469.21 1 14
19200 738 2598.61 7974.88 0 14
19200 739 4930.98 -7222 5 2
19200 740 8513.39 -9799.92 5 2
19200 741 -7293.73 -8318.77 1 14
19200 742 -9519.38 -1485.17 3 14
19200 743 -2237.55 1571.67 1 14
19200 744 -7932.53 2529.41 2 14
19200 745 6021.62 7857.7 2 14
19200 746 -1506.02 9082.41 1 14
19200 747 -5104.14 -4056.06 2 14
19200 748 1844.36 4276.18 0 14
19200 749 366.675 -3103.39 2 14
19200 750 -2467.12 1668.8 4 14
19200 751 -8.93484 3924.15 4 14
19200 752 593.813 -6531.91 2 14
19200 753 -8323.21 7259.17 1 14
19200 754 -3741.63 -6717.61 3 14
19200 755 2140.46 -7625.65 1 14
19200 756 4168.44 6393.43 2 14
19200 757 1682.56 -495.516 2 14
19200 758 -5008.06 -5261.22 1 14
19200 759 2444.69 -8444.69 1 14
19200 760 -2355.69 5385.86 0 14
19200 761 -9195.44 3252.5 0 14
19200 762 -2219.58 -9103.15 1 14
19200 763 -374.357 166.844 5 2
19200 764 6999.54 3263.23 0 14
19200 765 9002.38 5325.31 5 2
19200 766 -4469.16 303.426 1 14
19200 767 -1522.86 -3195.84 0 14
19200 768 5451.99 7865.58 5 8
19200 769 1967.53 8176.78 1 14
19200 770 4969.86 6638.56 2 14
19200 771 -2406.75 939.351 2 14
19200 772 -7882.49 -6671.12 2 14
19200 773 -6525.04 1761.55 1 14
19200 774 -1721.99 7801.14 0 14
19200 775 -754.13 426.514 5 10
19200 776 1063.84 3736 3 14
19200 777 5072.98 -6622.1 0 14
19200 778 -6493.61 3073.21 1 14
19200 779 -2528.27 -2087.02 4 14
19200 780 -3387.24 -9904.77 2 14
19200 781 3560.66 4592.33 0 14
19200 782 7814.06 6094.17 5 10
19200 783 2407.19 2399.69 2 14
19200 784 -3099.82 1118.58 1 14
19200 785 4498.37 -2016.48 5 8
19200 786 -4643.03 -3177.07 5 2
19200 787 3052.89 -7360.36 1 14
19200 788 8717.72 -3031.3 1 14
19200 789 188.929 7369.66 0 14
19200 790 -1658.62 5749.48 3 14
19200 791 -3074.86 2161.47 1 14
19200 792 -7344.25 4514.61 2 14
19200 793 -3491.38 6704.24 5 12
19200 794 3044.6 -1082.52 1 14
19200 795 -7713.04 -4632.77 5 2
19200 796 8435.81 -1965.3 3 14
19200 797 -8893.71 2901.06 0 14
19200 798 4043.84 -2564.28 5 2
19200 799 3168.6 -8400.09 0 14
19200 800 7304.97 -6377.54 3 14
19200 801 -1519.14 9599.92 0 14
19200 802 -1395.12 -6199.84 0 14
19200 803 442.388 -4978.51 5 4
19200 804 2432.74 -3831.19 1 14
19200 805 -5180.9 -9222.73 2 14
19200 806 -2021.5 4171.02 1 14
19200 807 6155.75 2418.14 1 14
19200 808 7473.38 8922.43 4 14
19200 809 -7858.24 3245.25 1 14
19200 810 1088.9 -2804.82 0 14
19200 811 -6284.88 -3716.36 1 14
19200 812 9453.34 -5471.99 5 8
19200 813 -1604.08 -6177.62 1 14
19200 814 -2527.13 -280.623 2 14
19200 815 1949.36 8434.49 2 14
19200 816 9686.46 -5695.29 5 14
19200 817 3472.37 -9425.89 1 14
19200 818 5232.91 -8158.59 5 10
19200 819 2693.13 2733.63 4 14
19200 820 -8306.13 482.96 5 2
19200 821 -4297.62 -637.383 1 14
19200 822 -840.732 -3736.47 1 14
19200 823 -3597.19 -9465.56 0 14
19200 824 -5257.93 3485.63 5 14
19200 825 5496.66 -8101.35 5 4
19200 826 -5654.75 -8514.33 3 14
19200 827 7228.66 -9937.18 4 14
19200 828 2660.79 5217.27 0 14
19200 829 9776.45 -3557.97 2 14
19200 830 8549.12 3730.04 5 8
19200 831 -5997.35 833.022 0 14
19200 832 -3913.96 -9881.03 2 14
19200 833 9592.44 3671.62 5 14
19200 834 5144.44 -7186.35 5 6
19200 835 -3084.32 -1376.38 3 14
19200 836 -5440.95 -4484.96 1 14
19200 837 -7439.69 6154.31 5 14
19200 838 -9417.91 -9521.93 5 8
19200 839 -5434.9 4712.36 1 14
19200 840 5311.49 -6529.39 1 14
19200 841 -9730.39 -9849.85 5 6
19200 842 3578.98 7984.11 5 10
19200 843 -7993.69 -3362.53 1 14
19200 844 9063.56 2477.54 1 14
19200 845 -9945.85 -7423.97 2 14
19200 846 3305.69 -9310.34 2 14
19200 847 -2204.45 -7990.82 0 14
19200 848 -484.692 -8023.65 0 14
19200 849 5249.77 8951.58 2 14
19200 850 1364.8 -1227.88 0 14
19200 851 552.932 -9843.71 5 10
19200 852 4373.87 5134.35 0 14
19200 853 -2046.62 8256.12 1 14
19200 854 2903.09 3318.54 3 14
19200 855 -4310.87 1539.12 5 12
19200 856 6986.52 7099.32 1 14
19200 857 936.788 5455.58 2 14
19200 858 5680.4 -6107.99 0 14
19200 859 2806.28 6560.41 1 14
19200 860 -1168.14 -310.506 5 14
19200 861 39.6185 9611.14 5 2
19200 862 -5535.39 1016.99 2 14
19200 863 7218.2 -3599.31 3 14
19200 864 9028.79 620.996 5 2
19200 865 -2242.3 4040.96 1 14
19200 866 -4388.83 -9314.6 2 14
19200 867 1846.69 9573.56 0 14
19200 868 6928.94 -7649.88 0 14
19200 869 -4011.62 5347.87 0 14
19200 870 977.008 -2501.81 2 14
19200 871 -1893.04 3576.43 0 14
19200 872 -1299.96 -1227.8 2 14
19200 873 -1308.34 -4565.04 1 14
19200 874 2341.32 7264.39 2 14
19200 875 4485.92 3307.38 5 2
19200 876 693.791 -1387.9 1 14
19200 877 -8709.7 -6553.34 1 14
19200 878 -2094.39 45.4745 1 14
19200 879 5361.27 -6178.36 0 14
19200 880 7789.91 1018.04 1 14
19200 881 5963.59 -7207.5 0 14
19200 882 9784.47 -129.243 1 14
19200 883 625.412 -2043.3 1 14
19200 884 -2132.86 -6182.01 2 14
19200 885 142.73 -5852.3 5 10
19200 886 7397.77 -9787.22 5 12
19200 887 -2473.81 -768.073 1 14
19200 888 4998.71 -7056.6 5 12
19200 889 5068.9 -8915.91 2 14
19200 890 -7287.52 6379.58 1 14
19200 891 -2011.08 4047.37 1 14
19200 892 3115.09 8773.37 1 14
19200 893 8826.24 -3456.31 1 14
19200 894 3043.96 -4182.68 0 14
19200 895 9865.71 6307.97 1 14
19200 896 -6951.36 -9928.66 3 14
19200 897 -5083.85 6099.97 5 14
19200 898 -1372.82 855.564 3 14
19200 899 9375.77 1293.18 2 14
19200 900 -2937.45 8969.54 2 14
19200 901 9110.61 -9038.52 3 14
19200 902 509.064 -7522.46 0 14
19200 903 7772.58 3710.35 1 14
19200 904 8926.91 4350.6 5 2
19200 905 -3329.78 3939 2 14
19200 906 -432.122 2973.18 1 14
19200 907 6009.62 -3187.27 0 14
19200 908 -1771.49 -2409.6 1 14
19200 909 5227.07 -6823.44 3 14
19200 910 -7958.29 -4734.77 5 2
19200 911 5245.25 -4669.65 0 14
19200 912 9226.78 -6155.59 1 14
19200 913 5936.21 729.139 0 14
19200 914 6102.02 -7532.84 1 14
19200 915 7265.87 1050.8 1 14
19200 916 -9552.74 4001.23 5 14
19200 917 -6443.25 -1849.98 0 14
19200 918 5003.9 -5980.74 0 14
19200 919 7785.2 1213.57 5 14
19200 920 1038.6 -9130.71 5 8
19200 921 -3798.65 -4594.89 2 14
19200 922 -4074.46 -919.862 3 14
19200 923 2695.11 1307.04 0 14
19200 924 -3835.51 8466.67 5 10
19200 925 9848.99 -8439.05 2 14
19200 926 -6365.2 6971.36 0 14
19200 927 9672.37 3727.39 4 14
19200 928 9307.59 -7851.18 2 14
19200 929 9575.27 5040.69 3 14
19200 930 -7588.92 7276.98 0 14
19200 931 7735.01 -5466.17 5 4
19200 932 1081.74 6332.65 0 14
19200 933 -6169.52 2880.07 1 14
19200 934 -8362.48 -4671.4 5 2
19200 935 -2017.5 9075.67 0 14
19200 936 -998.927 2273.75 0 14
19200 937 5223.52 5364.79 0 14
19200 938 5401.9 2665.68 3 14
19200 939 924.236 4763.47 5 12
19200 940 -6522.64 75.194 1 14
19200 941 5924.65 6987.48 1 14
19200 942 2255.76 -2621.85 0 14
19200 943 -4135.13 5774.45 5 14
19200 944 -3139.73 9472.96 1 14
19200 945 3428.21 7118.15 5 14
19200 946 -4293.09 -6916.17 5 8
19200 947 2934.57 3757.86 1 14
19200 948 9144.23 -8047.83 1 14
19200 949 -9840.34 5408.15 5 14
19200 950 8975.51 799.628 2 14
19200 951 6977.96 6375.95 1 14
19200 952 4309.85 7353.19 5 2
19200 953 9155.87 -7771.56 0 14
19200 954 -1938.95 -9662.94 1 14
19200 955 3553.08 -3269.63 5 14
19200 956 5119.1 -8218.22 1 14
19200 957 7336.96 6716.62 0 14
19200 958 2471.39 -6574.07 2 14
19200 959 1410.15 -5463.22 3 14
19200 960 3056.95 5754.89 0 14
19200 961 1171.47 -5225.85 3 14
19200 962 -2343.98 6505.6 1 14
19200 963 3895.67 9699.79 0 14
19200 964 5612.85 3676.53 4 14
19200 965 -2475.11 -7256.77 0 14
19200 966 -184.581 5107.88 5 2
19200 967 9528.27 -6782.69 1 14
19200 968 8073.32 -4937.73 0 14
19200 969 -9671.79 -9458.07 5 6
19200 970 -93.5957 -1552.3 3 14
19200 971 5234.41 -1525.22 0 14
19200 972 -6791.22 -1406.6 1 14
19200 973 1726.79 -881.06 0 14
19200 974 1584.04 -2667.1 1 14
19200 975 1038.49 9643.93 5 8
19200 976 7070.26 4452.65 2 14
19200 977 -2102.52 -6946.14 0 14
19200 978 704.667 -1737.4 1 14
19200 979 -7616.49 2169.39 0 14
19200 980 1212.48 9069.78 0 14
19200 981 2980.31 8494.01 1 14
19200 982 -3699.79 -4318.14 0 14
19200 983 -1947.17 -9144.93 0 14
19200 984 4080.95 -6571.79 5 8
19200 985 -8742.55 -8318.16 1 14
19200 986 -4812.7 5670.31 2 14
19200 987 2864.79 1635 4 14
19200 988 -3662.18 4087.73 0 14
19200 989 9154.31 3426.92 2 14
19200 990 -4945.73 890.957 2 14
19200 991 681.612 -4903.7 5 10
19200 992 7365.84 -2125.8 0 14
19200 993 8860.76 -271.873 5 2
19200 994 818.946 4230.03 5 2
19200 995 5515.69 -4954.6 1 14
19200 996 -7169.11 -2915.2 0 14
19200 997 -6113.07 -7665.64 0 14
19200 998 1614.41 -2284.91 0 14
19200 999 6063.29 -4988.05 0 14
19200 1000 6710.56 4237.39 1 14
19200 1001 -338.417 5764.44 4 14
19200 1002 -1738.42 -5862.64 2 14
19200 1003 1177.73 5780.69 5 6
19200 1004 -7519.55 -7278.53 0 14
19200 1005 -9378.43 -1072.04 5 14
19200 1006 -6483.97 7887.22 0 14
19200 1007 -7285.38 -293.611 3 14
19200 1008 -5791.11 9175 2 14
19200 1009 -2366.44 6617.17 0 14
19200 1010 -2336.42 -7673.43 1 14
19200 1011 6651.16 -8172.91 0 14
19200 1012 -6470.82 1704.13 0 14
19200 1013 -4608.7 6923.16 5 2
19200 1014 -747.642 -8398.31 0 14
19200 1015 -6343.29 9351.47 0 14
19200 1016 8319.86 3068.47 0 14
19200 1017 7419.95 -6616.28 0 14
19200 1018 2741.34 6213.16 2 14
19200 1019 -9550.88 -7414.48 1 14
19200 1020 -118.017 -2110.33 2 14
19200 1021 3581.46 -590.112 0 14
19200 1022 6108.79 -6193.42 0 14
19200 1023 -5482.89 703.324 2 14
19200 1024 926.946 6642.13 1 14
19200 1025 -5841.57 -4624.22 0 14
19200 1026 -3100.91 7934.4 1 14
19200 1027 8364.06 1142.71 5 10
19200 1028 5572.47 -2338.97 4 14
19200 1029 2884.95 -9850.69 0 14
19200 1030 7426.94 -8553.16 3 14
19200 1031 -9251.76 -9005.08 5 12
19200 1032 900.585 107.534 3 14
19200 1033 -8984.63 8474.91 5 14
19200 1034 -3784.64 4907.96 1 14
19200 1035 -8266.83 3747.2 0 14
19200 1036 -6088.49 6498.04 0 14
20400 37 5776.01 -3723.43 0 14
20400 38 -6929.44 -4978.88 0 14
20400 39 -7046.08 -6934.2 1 14
20400 40 6356.41 -2459.33 2 14
20400 41 5311.03 -7317.56 5 14
20400 42 -5830 9360.31 2 14
20400 43 -7163.82 5932.44 0 14
20400 44 6917.07 1162.03 1 14
20400 45 1970.24 -5092.32 0 14
20400 46 -652.807 -4667.99 5 4
20400 47 -1368.42 -1698.61 0 14
20400 48 4657.25 -7452.53 5 2
20400 49 3083.42 2843.65 5 4
20400 50 5000.59 -6743 5 10
20400 51 2490.71 -2117 3 14
20400 52 -2304.27 -2794.26 2 14
20400 53 -4254.74 -9136.61 5 14
20400 54 -8547.34 -5159.25 5 2
20400 55 1423.85 9552.13 1 14
20400 56 -5715.2 -1759 1 14
20400 57 -4359.61 -7592.59 5 2
20400 58 3942.81 5097.39 1 14
20400 59 9856.63 -6273.47 2 14
20400 60 -7934.88 -5422.22 5 10
20400 61 1493.58 -3459.75 0 14
20400 62 4423.34 -8204.35 0 14
20400 63 -8614.6 404.098 5 2
20400 64 3357.04 2753.71 5 8
20400 65 1576.5 589.58 2 14
20400 66 3935.4 4759.45 0 14
20400 67 -4274.89 -8191.27 5 10
20400 68 268.593 6898.82 1 14
20400 69 2159.15 -4129.83 0 14
20400 70 -1576.72 9691.01 0 14
20400 71 -2670.49 -4782.95 0 14
20400 72 1478.89 6818.95 0 14
20400 73 221.707 -3783.92 3 14
20400 74 -3442.79 2843.55 5 8
20400 75 -5106.95 6273.79 5 14
20400 76 -8560.12 -4621.3 5 2
20400 77 90.5277 9024.06 5 8
20400 78 8249.13 272.889 5 2
20400 79 8415.03 7391.53 2 14
20400 80 -2566.63 3779.84 1 14
20400 81 -3360.92 619.238 0 14
20400 82 -9874.6 -5636.14 1 14
20400 83 1473.31 -6980.73 1 14
20400 84 6412.91 6626.17 1 14
20400 85 -8121.37 6372.21 5 14
20400 86 -3272.22 1628.08 5 14
20400 87 -1806.55 4727.91 4 14
20400 88 -2758.28 -1748.47 3 14
20400 89 6548.16 6508.44 2 14
20400 90 4498.81 -7135.85 5 2
20400 91 8384.09 -2978.31 1 14
20400 92 608.596 -5351.09 5 2
20400 93 -975.063 6214.93 1 14
20400 94 -5177.73 2123.11 3 14
20400 95 -2535.9 -3648.31 0 14
20400 96 9369.65 3348.67 1 14
20400 97 9015.99 4511.64 5 2
20400 98 -3233.7 6591.66 4 14
20400 99 5804.48 -2131.28 5 14
20400 100 -8891.35 -6976.28 1 14
20400 101 -7688.6 -6703.19 1 14
20400 102 -2226.03 468.449 2 14
20400 103 712.66 -7757.68 1 14
20400 104 630.228 1668.2 4 14
20400 105 -5322.39 7430 4 14
20400 106 -6202.5 7274.89 0 14
20400 107 5594.74 2853.45 5 14
20400 108 -164.963 -1006.77 5 14
20400 109 8127.34 4040.02 5 12
20400 110 937.534 666.934 5 12
20400 111 -7242.88 5640.92 0 14
20400 112 5383.96 -6426.54 1 14
20400 113 -8642.24 4963.41 5 2
20400 114 -6145.79 9541.79 1 14
20400 115 -6432 6123.18 1 14
20400 116 9736.01 5728.42 1 14
20400 117 -5477.71 -3201.03 5 14
20400 118 -3709.37 2132.2 5 10
20400 119 -9798.74 1245.25 2 14
20400 120 -1629.89 3033.87 2 14
20400 121 -6227.16 9819.53 1 14
20400 122 -6221.34 -6953 0 14
20400 123 1586.98 -5484.02 0 14
20400 124 -7838.01 7702.9 0 14
20400 125 -9891.76 1695.74 2 14
20400 126 -3129.32 4893.48 1 14
20400 127 629.084 -577.515 5 14
20400 128 -5099.99 -4951.87 0 14
20400 129 -9166.4 -8394.07 5 14
20400 130 9114.12 -7109.69 1 14
20400 131 -7423.08 -2791.51 2 14
20400 132 2616.55 -3345.54 0 14
20400 133 679.83 6687.48 0 14
20400 134 1707.64 -3456.64 0 14
20400 135 1473.9 6125.85 3 14
20400 136 -5112.69 7894 5 4
20400 137 -9878.94 -7455.93 3 14
20400 138 -3130.39 -4045.25 0 14
20400 139 2492.38 2413.38 2 14
20400 140 6187.27 8922.17 2 14
20400 141 4560.64 4578.19 0 14
20400 142 -141.208 8738.14 5 12
20400 143 -2512.85 -3385.89 1 14
20400 144 -8542.67 2677.88 0 14
20400 145 -220.597 124.839 5 2
20400 146 8523.25 -1991.77 2 14
20400 147 7951.59 8970.69 5 12
20400 148 743.668 8431.15 4 14
20400 149 1337.55 9637.62 1 14
20400 150 -7621.95 5846.53 4 14
20400 151 -391.693 264.498 5 6
20400 152 -7811.88 7728.28 1 14
20400 153 4493.07 -5810.04 3 14
20400 154 -5441.17 2621.85 3 14
20400 155 7286.87 5034.11 4 14
20400 156 -4025.64 1532.49 5 8
20400 157 -8157.98 -8067.44 2 14
20400 158 2520.89 -7609.18 3 14
20400 159 -9040.74 -9279.93 5 2
20400 160 9495.15 -4088.78 5 10
20400 161 -7325.26 -2408.55 1 14
20400 162 -8324.24 5669.9 5 2
20400 163 6766.34 1857.43 0 14
20400 164 -1332.16 6879.31 0 14
20400 165 4500.37 9368.42 1 14
20400 166 -8973.44 9215.94 5 2
20400 167 9462.13 4055.34 5 12
20400 168 -5345.52 -1451.61 4 14
20400 169 -4536.55 -7398.25 5 2
20400 170 -2681.16 -8680.54 0 14
20400 171 -7596.94 -1049.21 5 14
20400 172 -8978.54 -1269.9 1 14
20400 173 7724.63 -8392.5 1 14
20400 174 -5254.37 -6003.95 0 14
20400 175 3212.36 -8674.55 2 14
20400 176 -9504.18 3522.8 1 14
20400 177 1604.9 5801.5 1 14
20400 178 3860.81 -8444.6 5 14
20400 179 -7193.85 -9268.68 3 14
20400 180 -3139.05 8089.6 1 14
20400 181 6336.75 -4714.23 0 14
20400 182 8316.66 5105.97 5 2
20400 183 6785 -7389.51 1 14
20400 184 9396.57 -5648.92 5 6
20400 185 -7082.5 5437.48 0 14
20400 186 4636.22 7250.3 5 6
20400 187 5372.68 -6401.72 2 14
20400 188 -2153.68 -8559.11 2 14
20400 189 5049.07 3267.16 5 12
20400 190 -7015.06 4388.7 3 14
20400 191 9607.62 -3572.32 1 14
20400 192 -8391.95 8636.12 5 12
20400 193 3971.08 -3545.83 5 6
20400 194 -3648.44 -9465.4 2 14
20400 195 5255.76 -8547 0 14
20400 196 4526.43 1736.86 4 14
20400 197 9613.5 -10.6149 5 12
20400 198 4653.56 -5374.19 2 14
20400 199 3033.7 6573.43 1 14
20400 200 -7730.63 -1244.2 3 14
20400 201 -5183.45 5294.2 0 14
20400 202 -7284.32 -4023.87 2 14
20400 203 -2597.62 -5352.4 2 14
20400 204 -9567.34 377.916 5 2
20400 205 6529.42 -4171.72 3 14
20400 206 -3048.36 -9278.28 0 14
20400 207 9495.53 -3783.9 2 14
20400 208 -1371.85 7520.64 0 14
20400 209 6580.8 9052.89 1 14
20400 210 -2259.89 -7156.19 1 14
20400 211 -7097.17 9609.69 5 14
20400 212 7357 -1136.32 2 14
20400 213 6003.11 2688.74 4 14
20400 214 -4023.03 -5095.98 2 14
20400 215 -749.396 5933.76 4 14
20400 216 -3032.77 -9493.31 1 14
20400 217 4812.66 -2380.45 5 4
20400 218 -4235.63 -8863.31 3 14
20400 219 7402.13 -3434.13 0 14
20400 220 2929.61 2261.97 1 14
20400 221 -8313.31 551.917 5 2
20400 222 1425.33 -5877.29 0 14
20400 223 1929.3 -5994.57 0 14
20400 224 1669.04 2208.12 1 14
20400 225 -2985.18 4295.69 2 14
20400 226 4534.59 9671.09 3 14
20400 227 -1635.22 -1788.72 2 14
20400 228 -8936.31 7419.55 1 14
20400 229 -8578.94 4113.49 5 10
20400 230 -3188.6 -4482.63 1 14
20400 231 -5183.99 -3706.59 2 14
20400 232 -8076 1651.19 1 14
20400 233 -1015.9 9917.97 5 2
20400 234 -9384.34 3103.6 3 14
20400 235 3326.89 3678.99 0 14
20400 236 3811.11 -7153.8 5 2
20400 237 2276.18 5534.53 1 14
20400 238 4003.47 8762.59 5 14
20400 239 7510.47 -6141.55 0 14
20400 240 1481.83 -4945.26 3 14
20400 241 -183.251 5738.75 5 14
20400 242 7758.8 4115.76 3 14
20400 243 9840.16 -3761.96 2 14
20400 244 9673.31 -701.293 5 12
20400 245 3965.99 965.082 0 14
20400 246 5972.21 6556.25 1 14
20400 247 2369.96 3330.86 0 14
20400 248 -9834.48 760.389 5 10
20400 249 -6370.49 4663.41 1 14
20400 250 1938.25 4678.8 1 14
20400 251 1715.29 -6377 0 14
20400 252 1292.23 355.139 5 14
20400 253 -7729.81 -2958.45 2 14
20400 254 1744.41 3311.63 1 14
20400 255 -1628.98 5482.6 1 14
20400 256 -564.069 1692.57 1 14
20400 257 -1937.15 104.681 3 14
20400 258 6460.02 8813.79 1 14
20400 259 -4827.84 7504.56 5 2
20400 260 -171.492 -2868.39 2 14
20400 261 5229.98 6713.81 5 6
20400 262 -199.871 -502.766 5 2
20400 263 3614.5 -6667.27 5 12
20400 264 -7280.17 5387 4 14
20400 265 -5363.09 -6840.89 2 14
20400 266 -3240.25 8760.2 2 14
20400 267 4389.68 7041.86 5 2
20400 268 -9803.59 -8425.96 1 14
20400 269 -823.137 -9062.4 2 14
20400 270 6700.26 8820.97 0 14
20400 271 8372.46 -2470.17 1 14
20400 272 3215.59 1089.35 0 14
20400 273 -5687.52 9574.84 1 14
20400 274 9082.39 -8680.79 5 14
20400 275 -6593.7 -9164.65 1 14
20400 276 -755.596 2496.71 0 14
20400 277 2616.84 -7773.38 0 14
20400 278 -8781.88 -2026.72 0 14
20400 279 -1105.03 6804.67 1 14
20400 280 -6374.64 7179.55 0 14
20400 281 8997.93 -9311.58 5 2
20400 282 -4404.35 566.947 1 14
20400 283 -5332.41 710.133 1 14
20400 284 -4938.89 -4789.2 2 14
20400 285 -9146.13 8480.57 5 14
20400 286 7013.94 2417.95 2 14
20400 287 1847.04 -4823.84 2 14
20400 288 -5199.63 -1978.56 5 14
20400 289 6392.62 -9248.51 1 14
20400 290 -6580.01 7895.57 0 14
20400 291 6598.74 -8267.39 0 14
20400 292 4748.72 5757.53 3 14
20400 293 1437.48 9450.49 3 14
20400 294 -9827.98 -9365.42 5 14
20400 295 -57.2011 8137.98 3 14
20400 296 -9123.49 -1606.82 2 14
20400 297 4330.75 -3244.26 5 10
20400 298 9718.97 1144.83 0 14
20400 299 4993.17 5494.27 1 14
20400 300 3872.99 8635.55 1 14
20400 301 7651.87 9793.58 5 12
20400 302 6497.94 -5513.57 0 14
20400 303 -4642.96 -1939.2 5 2
20400 304 5228.08 -7972.29 5 12
20400 305 7828.36 4590.34 5 2
20400 306 9952.84 1876.51 0 14
20400 307 7717.12 -1053.11 3 14
20400 308 1556.55 349.238 2 14
20400 309 -603.178 6167.08 0 14
20400 310 -6802.95 -8692.99 1 14
20400 311 2686.64 -6523 3 14
20400 312 9521.94 -385.484 5 2
20400 313 5627.5 -1045.91 0 14
20400 314 -2933.61 -6245.38 1 14
20400 315 -8631.05 -3016.65 0 14
20400 316 -7874.67 -1123.68 2 14
20400 317 -8381.75 3698.88 3 14
20400 318 3386.58 2991.66 4 14
20400 319 -7873.87 -5335.08 5 10
20400 320 3147.84 2632.88 4 14
20400 321 -140.099 1350.51 0 14
20400 322 -3775.01 -733.247 1 14
20400 323 3781.52 -1323.66 5 14
20400 324 7664.24 5234.81 1 14
20400 325 -9164.35 -4495.07 5 2
20400 326 271.01 995.434 4 14
20400 327 2284.53 2667.69 1 14
20400 328 -5781.92 7423.59 5 14
20400 329 -590.597 -7705.69 1 14
20400 330 -5491.04 -2852.09 5 8
20400 331 -7375.25 8473.68 1 14
20400 332 -3247.96 8117.58 4 14
20400 333 8599.4 1384.32 3 14
20400 334 9643.05 -1396.5 2 14
20400 335 -4750.24 9400.73 1 14
20400 336 2299.44 -1830.5 0 14
20400 337 89.5591 -7315.44 1 14
20400 338 1233.69 -4241.32 2 14
20400 339 327.284 282.951 5 2
20400 340 5716.67 -5149.34 1 14
20400 341 5326.36 -812.226 1 14
20400 342 -4273.9 7688.82 5 2
20400 343 8675.59 5293.34 5 2
20400 344 -3829.74 7514.49 5 2
20400 345 -8027.18 -2570.33 0 14
20400 346 7743.81 8411.56 1 14
20400 347 2306.56 7468.9 0 14
20400 348 5430.89 2293.63 5 10
20400 349 5661.55 4792.71 0 14
20400 350 -4682.58 -5725.36 3 14
20400 351 4589.25 8234.66 5 2
20400 352 -893.472 8964.07 3 14
20400 353 -4396.9 6456.96 5 4
20400 354 -3977.76 2644.82 5 2
20400 355 6152.38 -2072.96 2 14
20400 356 1471.65 5772.74 0 14
20400 357 6353.78 -7366.65 0 14
20400 358 -9502.55 -4108.17 2 14
20400 359 -1933.1 3607.28 1 14
20400 360 8691.06 -3412.04 1 14
20400 361 8517.87 9882.04 5 2
20400 362 -8206.91 -942.289 5 10
20400 363 7614.45 1793.42 1 14
20400 364 -1140.93 -1420 1 14
20400 365 4270.9 5526.18 1 14
20400 366 -3802.64 -2365.36 5 2
20400 367 -2777.14 -464.718 1 14
20400 368 4011.73 -9735.32 2 14
20400 369 9237.66 -6023.57 5 10
20400 370 -114.672 9211.1 5 2
20400 371 7543.36 -2950.8 1 14
20400 372 4827.07 4030.46 5 14
20400 373 7481.28 7927.84 1 14
20400 374 -8052.04 -4977.83 5 2
20400 375 -734.599 -6061.93 5 12
20400 376 -4564.67 7807.92 5 2
20400 377 6858.65 -1138.86 1 14
20400 378 -652.142 -106.815 5 2
20400 379 2683.34 7793.34 0 14
20400 380 -4474.02 -4436.74 0 14
20400 381 -1508.18 9426.87 5 14
20400 382 9250.1 -708.251 5 2
20400 383 6827.2 9525.41 1 14
20400 384 4894.91 5773.75 1 14
20400 385 -8463.65 -7225.74 1 14
20400 386 -4143.05 -1262.92 4 14
20400 387 -1423.85 -2118.31 0 14
20400 388 8001.78 -6052.28 2 14
20400 389 6730.61 -4453.56 0 14
20400 390 7745.21 2437.69 1 14
20400 391 5314.33 -569.779 3 14
20400 392 -8709.71 -2180.14 0 14
20400 393 955.386 -5707.82 0 14
20400 394 -6886.89 -7848.18 1 14
20400 395 6852.51 -7841.63 1 14
20400 396 -9081.94 -2101.86 0 14
20400 397 9217.88 3703.76 1 14
20400 398 3763.53 -7129.6 5 2
20400 399 -7982.74 -8141.51 1 14
20400 400 535.675 5782.04 5 2
20400 401 -5670.27 6865.94 4 14
20400 402 -7150.4 -1136.26 2 14
20400 403 -9454.76 6810.99 0 14
20400 404 -3450.77 -194.574 0 14
20400 405 -500.047 -3521.47 4 14
20400 406 -8035.16 -3693.9 5 14
20400 407 -6023.31 8629.8 1 14
20400 408 90.5797 1774.97 0 14
20400 409 -7150.83 -1026 0 14
20400 410 9481.61 -8799.49 3 14
20400 411 5194.91 -6936.74 5 12
20400 412 -1699.11 6359.21 1 14
20400 413 -2401.54 2290.5 0 14
20400 414 -6894.91 -4744.06 3 14
20400 415 -1278.95 927.431 1 14
20400 416 8521.6 742.958 5 4
20400 417 1387.81 9284.94 1 14
20400 418 -2078.74 718.415 0 14
20400 419 -4617.94 7873.11 5 6
20400 420 -9258.95 6959.93 1 14
20400 421 -1378.72 -1306.03 1 14
20400 422 -6297.44 -6271.09 0 14
20400 423 1282.91 -9010.06 5 14
20400 424 5320.32 1788.66 5 14
20400 425 881.932 2865.92 1 14
20400 426 2309.43 6535 0 14
20400 427 7647.95 -9520.73 5 2
20400 428 9006.75 -7325.65 0 14
20400 429 7399.16 -106.866 5 12
20400 430 2455.87 -3014.17 0 14
20400 431 4719.98 -9163.1 2 14
20400 432 1565.08 -5496.85 1 14
20400 433 -9307.37 9124.98 5 10
20400 434 -7235.37 9643.55 0 14
20400 435 2922.96 -3111.25 3 14
20400 436 8120.24 -2199.14 0 14
20400 437 919.548 -7635.52 1 14
20400 438 -799.529 6102.64 1 14
20400 439 2106.37 -5846.37 1 14
20400 440 5947.15 3121.12 3 14
20400 441 9253.49 268.763 5 2
20400 442 6457.19 -3134.39 0 14
20400 443 -8230.07 5575.64 5 2
20400 444 -760.469 3935.09 0 14
20400 445 -4977.41 -5970.61 5 14
20400 446 -7828.45 -5852.47 5 12
20400 447 4150.4 7941.22 5 2
20400 448 5395 9065.31 0 14
20400 449 -5210.86 -4491 1 14
20400 450 5279.78 -5948.17 5 12
20400 451 -3205.8 -3948.14 1 14
20400 452 -6125.39 9821.07 0 14
20400 453 7113.35 4295.14 0 14
20400 454 -604.928 -300.61 5 2
20400 455 8791.13 -1299.11 5 14
20400 456 -7265.77 -3897.54 3 14
20400 457 4203.05 -5396.76 3 14
20400 458 -8520.91 9804.58 5 2
20400 459 -8467.3 -3629 5 12
20400 460 -7200.87 -1061.58 0 14
20400 461 -456.227 -424.896 5 2
20400 462 4215.77 -799.6 3 14
20400 463 1041.13 3053.59 0 14
20400 464 -8273.75 -7940.05 1 14
20400 465 9887.47 -759.571 1 14
20400 466 -1219.64 -2604.54 0 14
20400 467 -2097.32 4756.66 2 14
20400 468 -1098.12 2167.7 0 14
20400 469 -7377.97 6689.5 0 14
20400 470 4327.78 -9360.22 0 14
20400 471 -8774.65 -2382.88 1 14
20400 472 -1033.39 -9917.84 5 10
20400 473 2449.74 7746.16 2 14
20400 474 -3415.96 -6843.75 5 10
20400 475 -9836.62 -8395.76 2 14
20400 476 -8061.44 4826.13 5 2
20400 477 8825.25 -8877.14 5 10
20400 478 6045.71 141.526 2 14
20400 479 7983.67 1268.16 1 14
20400 480 -9738.88 1066.34 4 14
20400 481 -8473.55 5334.32 5 2
20400 482 765.557 -3110.8 0 14
20400 483 -507.809 -4666.13 4 14
20400 484 -5853.02 -4702.19 2 14
20400 485 215.068 3251.86 3 14
20400 486 -1500.14 32.1996 5 14
20400 487 6750.09 -8452.15 1 14
20400 488 -3921.33 546.156 2 14
20400 489 1926.34 -4266.59 2 14
20400 490 -3361.69 7677.51 5 6
20400 491 7060.27 4569.7 2 14
20400 492 1478.1 5839.43 2 14
20400 493 2015.81 -4724.16 1 14
20400 494 -458.488 5845.3 5 14
20400 495 9109.57 9582.68 5 2
20400 496 -5923.34 12.7619 0 14
20400 497 -5585.25 444.196 2 14
20400 498 -8186.01 4096.17 5 4
20400 499 3977.57 2448.98 5 6
20400 500 -8421.99 -5864.66 5 2
20400 501 7162.35 3491.88 3 14
20400 502 5122.34 771.236 2 14
20400 503 8416.91 5338 5 2
20400 504 2379.22 -4251.45 0 14
20400 505 395.565 -8005.72 0 14
20400 506 -5335.68 -2264.18 4 14
20400 507 -215.472 8859.35 5 4
20400 508 -3552.73 -2621.11 5 2
20400 509 2337.67 6705.59 3 14
20400 510 -3867.89 2846.06 5 2
20400 511 -703.907 -9250.9 2 14
20400 512 2355.96 -3926.64 2 14
20400 513 7419.68 -2523.28 0 14
20400 514 3564.82 -346.956 0 14
20400 515 7566.35 -2207.53 1 14
20400 516 3994.9 1857.41 5 10
20400 517 723.542 233.067 5 10
20400 518 9454.42 -7311.92 1 14
20400 519 3872.77 5711.71 0 14
20400 520 -8655.6 -1696.3 1 14
20400 521 -8638.63 4476.06 5 2
20400 522 -9961.33 9081.83 3 14
20400 523 506.34 -4508.5 5 4
20400 524 7458.41 5026.2 5 14
20400 525 7397.57 5404.21 5 12
20400 526 2300.46 -5273.43 1 14
20400 527 -4539.05 9542.9 1 14
20400 528 6717.95 6345.67 2 14
20400 529 -5463.19 -9287.51 2 14
20400 530 1219.24 -3045.27 0 14
20400 531 -4159.18 672.131 2 14
20400 532 5016.17 -70.5433 0 14
20400 533 2713.82 -9579.64 0 14
20400 534 7560.69 -5398.96 5 10
20400 535 -980.497 -9542.27 5 8
20400 536 -4475.69 9034.95 5 14
20400 537 6383.51 8598.67 2 14
20400 538 -5896.43 -5320.15 1 14
20400 539 1640.27 9319.73 1 14
20400 540 -7092.66 11.0771 2 14
20400 541 5114.45 -3763.63 2 14
20400 542 -2987.86 -5594.43 1 14
20400 543 7060.19 -9913.54 5 14
20400 544 -2383.54 -9524.06 1 14
20400 545 -9403.28 7395.59 1 14
20400 546 615.821 -9070.57 5 8
20400 547 -7789.94 -2126.57 2 14
20400 548 3161.69 -1625.26 4 14
20400 549 1351.35 -1700.58 2 14
20400 550 7812.97 -3018.84 0 14
20400 551 7136.54 -4272.38 1 14
20400 552 5208.06 4642.69 1 14
20400 553 -5398.28 3210.22 5 10
20400 554 822.282 9784.05 5 2
20400 555 1079.56 6688.94 0 14
20400 556 -6643.74 -8722.38 2 14
20400 557 3560.49 -9299.51 0 14
20400 558 8547.6 -5335.86 5 2
20400 559 7687.16 -747.135 5 10
20400 560 -9275.99 -9492.26 5 4
20400 561 -6113.06 8422 2 14
20400 562 -2549.4 -1561.39 1 14
20400 563 4776.31 1688.04 5 6
20400 564 5922.42 9843.97 0 14
20400 565 -5836.23 -1969.42 4 14
20400 566 5497.08 864.736 1 14
20400 567 7983.46 4349.79 5 2
20400 568 3053.37 -8444.17 1 14
20400 569 -3100.44 -3543.35 2 14
20400 570 2508.54 6520.81 2 14
20400 571 5801.94 7393.52 1 14
20400 572 -1884.73 1397.57 0 14
20400 573 -8637.59 -4206.35 5 2
20400 574 3944.1 -8044.95 5 10
20400 575 -583.789 -1611.73 1 14
20400 576 -2180.3 8175.14 0 14
20400 577 882.471 5849.89 5 8
20400 578 -3978.72 -5601.59 2 14
20400 579 1158.05 2928.76 1 14
20400 580 -4272.2 -1650.44 5 14
20400 581 2181.07 -9034.59 2 14
20400 582 -8017.23 9934.99 5 2
20400 583 1403.32 -9566.8 0 14
20400 584 -2458.77 9098.79 1 14
20400 585 7049.61 -2672.83 0 14
20400 586 2911.23 5251.17 0 14
20400 587 5622.55 -1861.79 5 14
20400 588 -1651.4 9502.35 0 14
20400 589 6195.55 2984.43 0 14
20400 590 7900.84 2387.46 0 14
20400 591 -2605.29 -4063.08 1 14
20400 592 9765.45 4694.04 5 10
20400 593 -2848.98 6520.12 1 14
20400 594 6878.94 446.276 0 14
20400 595 -7668.99 4288.14 5 10
20400 596 1647.52 -2187.69 0 14
20400 597 7028.86 -3411.68 4 14
20400 598 5212.8 4924.93 1 14
20400 599 2576.45 -1453.48 0 14
20400 600 4448.85 -9524.84 2 14
20400 601 -3876.56 -7109.94 5 2
20400 602 1259.14 254.485 5 10
20400 603 7289.91 617.765 2 14
20400 604 -5566.18 5920.23 0 14
20400 605 -7367.48 -9308.46 3 14
20400 606 3701.91 -6041.5 5 12
20400 607 3840.4 -6776.02 5 14
20400 608 3032.4 -5986.32 1 14
20400 609 -6089.69 4394.49 2 14
20400 610 3673.18 4213.6 2 14
20400 611 9730.63 -3059.61 2 14
20400 612 9817.46 9857.54 5 8
20400 613 -8964.05 -2772.15 1 14
20400 614 255.775 -723.396 5 6
20400 615 3776.07 1744.57 5 8
20400 616 5258.18 -5470.44 0 14
20400 617 4481.95 -6777.09 5 2
20400 618 -8698.12 -676.162 5 2
20400 619 -8645.33 1046.46 5 14
20400 620 -1900.7 -8573.91 0 14
20400 621 1271.74 -3740.46 2 14
20400 622 7966.35 5295.01 0 14
20400 623 -2090.75 2091.27 3 14
20400 624 -8815.6 7218.19 3 14
20400 625 6587.37 -5843.75 0 14
20400 626 2038.45 -3470.79 2 14
20400 627 7115.64 4240.66 4 14
20400 628 -3411 -5031.03 0 14
20400 629 -8733.17 -3818.47 5 8
20400 630 -6471.5 6324.13 2 14
20400 631 7223.12 -274.819 0 14
20400 632 9985.74 6058.51 2 14
20400 633 4583.31 -1113.91 5 14
20400 634 8317.81 -4216.15 5 10
20400 635 3703.39 -4969.34 0 14
20400 636 867.817 -3404.11 1 14
20400 637 3457.54 -9393.97 2 14
20400 638 3274.12 9591.21 1 14
20400 639 -4040.57 7660.96 5 2
20400 640 27.4003 732.76 5 8
20400 641 8203.58 7249.51 0 14
20400 642 1279.72 -536.684 2 14
20400 643 -3285.2 630.561 1 14
20400 644 -4226.65 9110.85 5 14
20400 645 5641.04 9890.23 0 14
20400 646 2295.49 -6758.14 0 14
20400 647 -1750.92 9980.06 1 14
20400 648 -3618.29 -1950.98 5 8
20400 649 2988.1 -9812.43 1 14
20400 650 538.259 -1389.18 3 14
20400 651 -4307.38 -7120.53 5 2
20400 652 -9578.36 -1309.93 2 14
20400 653 9876.01 1046.82 3 14
20400 654 -4539.01 -3619.4 5 8
20400 655 212.808 -5528.83 5 2
20400 656 -4093.55 -9762.84 0 14
20400 657 -3913.1 -3632.81 2 14
20400 658 9011.39 2503.51 0 14
20400 659 4927.32 8092.05 5 2
20400 660 9621.22 -6803.37 2 14
20400 661 4792.42 -9346.42 0 14
20400 662 2905.09 -2430.89 1 14
20400 663 9057.74 -7853.69 2 14
20400 664 -2594.09 8232.79 3 14
20400 665 4626.82 1596.09 5 14
20400 666 163.202 2793.96 1 14
20400 667 -2355.62 -5056.13 1 14
20400 668 9547.75 -6970.09 1 14
20400 669 -7827.87 -911.417 4 14
20400 670 -2162.45 6496.04 2 14
20400 671 -4558.26 6271.39 4 14
20400 672 -7865.86 9661.62 5 2
20400 673 -9224.57 -3000.89 0 14
20400 674 6198.98 -178.341 0 14
20400 675 -2196.04 -2019.76 0 14
20400 676 8642.06 5396.18 5 2
20400 677 -8340.28 4201.44 5 2
20400 678 5024.23 5034.85 0 14
20400 679 5253.9 -5807.18 1 14
20400 680 -1686.2 7262.16 1 14
20400 681 -5720.97 2889.31 3 14
20400 682 -6288.8 -9467.02 1 14
20400 683 6513.25 9412.19 2 14
20400 684 3216.66 -1174.68 4 14
20400 685 -2925.24 653.118 1 14
20400 686 1472.6 2878.66 1 14
20400 687 -1890.03 -2634.03 1 14
20400 688 9624.33 6250.45 3 14
20400 689 3315.74 -5576.94 0 14
20400 690 6125.33 -5561.25 3 14
20400 691 -1727.88 -1463.01 1 14
20400 692 -1408.91 4066.46 1 14
20400 693 -5303.66 6323.66 0 14
20400 694 -9596.26 -1922.94 2 14
20400 695 -4621.7 -896.623 2 14
20400 696 -1952 5375.86 1 14
20400 697 -8403.41 9803.75 5 2
20400 698 -3627.71 523.369 2 14
20400 699 -8828.95 4556.33 5 2
20400 700 -6113.89 4861 1 14
20400 701 -4350.39 9983 0 14
20400 702 3858.21 2518.28 5 6
20400 703 -3993.35 -4512.2 2 14
20400 704 -5991.37 -4440.78 0 14
20400 705 5192.21 3271.95 5 12
20400 706 -318.473 6655.77 1 14
20400 707 5607.77 -6220.21 0 14
20400 708 -2239.07 -5565.77 0 14
20400 709 -769.487 3269.48 0 14
20400 710 4831.13 -8956.13 4 14
20400 711 -1524.09 9590.51 1 14
20400 712 8264.48 5226.57 5 2
20400 713 4729.65 7318.23 5 2
20400 714 1045.56 6184.23 0 14
20400 715 4530.72 -5914.34 4 14
20400 716 -47.7859 -6019.05 3 14
20400 717 2249.02 4102.54 2 14
20400 718 6473.19 9717.02 1 14
20400 719 -8780.15 -9547.91 5 2
20400 720 4761.16 4649.1 3 14
20400 721 -3308.17 1942.07 5 12
20400 722 719.356 1154.53 1 14
20400 723 -7232.28 9998.71 3 14
20400 724 749.852 -2688.4 1 14
20400 725 -1048.74 -6159.6 4 14
20400 726 3267.1 7651.47 5 12
20400 727 -4293.17 8292 5 4
20400 728 1271.49 -4488.55 5 12
20400 729 -9191.84 -7400.22 0 14
20400 730 4478.42 8200.9 5 2
20400 731 -7319.09 -7248.74 0 14
20400 732 8540.27 -2025.49 1 14
20400 733 -4140.65 -5752.38 3 14
20400 734 -2045.03 9094.05 1 14
20400 735 -7191.33 -7183.41 0 14
20400 736 -6335.71 -5904.5 2 14
20400 737 7264.84 7469.21 1 14
20400 738 2598.61 7974.88 0 14
20400 739 4930.98 -7222 5 2
20400 740 8513.39 -9799.92 5 2
20400 741 -7293.73 -8318.77 2 14
20400 742 -9519.38 -1485.17 3 14
20400 743 -2237.55 1571.67 1 14
20400 744 -7932.53 2529.41 3 14
20400 745 6021.62 7857.7 2 14
20400 746 -1506.02 9082.41 1 14
20400 747 -5104.14 -4056.06 3 14
20400 748 1844.36 4276.18 0 14
20400 749 366.675 -3103.39 2 14
20400 750 -2467.12 1668.8 4 14
20400 751 -8.93484 3924.15 5 14
20400 752 593.813 -6531.91 2 14
20400 753 -8323.21 7259.17 2 14
20400 754 -3741.63 -6717.61 3 14
20400 755 2140.46 -7625.65 1 14
20400 756 4168.44 6393.43 3 14
20400 757 1682.56 -495.516 2 14
20400 758 -5008.06 -5261.22 1 14
20400 759 2444.69 -8444.69 1 14
20400 760 -2355.69 5385.86 0 14
20400 761 -9195.44 3252.5 0 14
20400 762 -2219.58 -9103.15 1 14
20400 763 -374.357 166.844 5 2
20400 764 6999.54 3263.23 0 14
20400 765 9002.38 5325.31 5 2
20400 766 -4469.16 303.426 1 14
20400 767 -1522.86 -3195.84 0 14
20400 768 5451.99 7865.58 5 4
20400 769 1967.53 8176.78 0 14
20400 770 4969.86 6638.56 2 14
20400 771 -2406.75 939.351 2 14
20400 772 -7882.49 -6671.12 2 14
20400 773 -6525.04 1761.55 0 14
20400 774 -1721.99 7801.14 0 14
20400 775 -754.13 426.514 5 6
20400 776 1063.84 3736 2 14
20400 777 5072.98 -6622.1 0 14
20400 778 -6493.61 3073.21 2 14
20400 779 -2528.27 -2087.02 3 14
20400 780 -3387.24 -9904.77 2 14
20400 781 3560.66 4592.33 0 14
20400 782 7814.06 6094.17 5 8
20400 783 2407.19 2399.69 2 14
20400 784 -3099.82 1118.58 1 14
20400 785 4498.37 -2016.48 5 2
20400 786 -4643.03 -3177.07 5 2
20400 787 3052.89 -7360.36 1 14
20400 788 8717.72 -3031.3 1 14
20400 789 188.929 7369.66 0 14
20400 790 -1658.62 5749.48 3 14
20400 791 -3074.86 2161.47 1 14
20400 792 -7344.25 4514.61 2 14
20400 793 -3491.38 6704.24 5 10
20400 794 3044.6 -1082.52 1 14
20400 795 -7713.04 -4632.77 5 2
20400 796 8435.81 -1965.3 3 14
20400 797 -8893.71 2901.06 0 14
20400 798 4043.84 -2564.28 5 2
20400 799 3168.6 -8400.09 0 14
20400 800 7304.97 -6377.54 3 14
20400 801 -1519.14 9599.92 0 14
20400 802 -1395.12 -6199.84 0 14
20400 803 442.388 -4978.51 5 2
20400 804 2432.74 -3831.19 1 14
20400 805 -5180.9 -9222.73 2 14
20400 806 -2021.5 4171.02 1 14
20400 807 6155.75 2418.14 0 14
20400 808 7473.38 8922.43 4 14
20400 809 -7858.24 3245.25 1 14
20400 810 1088.9 -2804.82 0 14
20400 811 -6284.88 -3716.36 1 14
20400 812 9453.34 -5471.99 5 4
20400 813 -1604.08 -6177.62 2 14
20400 814 -2527.13 -280.623 2 14
20400 815 1949.36 8434.49 2 14
20400 816 9686.46 -5695.29 5 12
20400 817 3472.37 -9425.89 1 14
20400 818 5232.91 -8158.59 5 6
20400 819 2693.13 2733.63 5 14
20400 820 -8306.13 482.96 5 2
20400 821 -4297.62 -637.383 1 14
20400 822 -840.732 -3736.47 1 14
20400 823 -3597.19 -9465.56 0 14
20400 824 -5257.93 3485.63 5 14
20400 825 5496.66 -8101.35 5 4
20400 826 -5654.75 -8514.33 4 14
20400 827 7228.66 -9937.18 5 14
20400 828 2660.79 5217.27 0 14
20400 829 9776.45 -3557.97 2 14
20400 830 8549.12 3730.04 5 6
20400 831 -5997.35 833.022 0 14
20400 832 -3913.96 -9881.03 2 14
20400 833 9592.44 3671.62 5 14
20400 834 5144.44 -7186.35 5 8
20400 835 -3084.32 -1376.38 3 14
20400 836 -5440.95 -4484.96 1 14
20400 837 -7439.69 6154.31 4 14
20400 838 -9417.91 -9521.93 5 10
20400 839 -5434.9 4712.36 1 14
20400 840 5311.49 -6529.39 1 14
20400 841 -9730.39 -9849.85 5 2
20400 842 3578.98 7984.11 5 6
20400 843 -7993.69 -3362.53 1 14
20400 844 9063.56 2477.54 2 14
20400 845 -9945.85 -7423.97 2 14
20400 846 3305.69 -9310.34 2 14
20400 847 -2204.45 -7990.82 0 14
20400 848 -484.692 -8023.65 0 14
20400 849 5249.77 8951.58 2 14
20400 850 1364.8 -1227.88 0 14
20400 851 552.932 -9843.71 5 10
20400 852 4373.87 5134.35 0 14
20400 853 -2046.62 8256.12 0 14
20400 854 2903.09 3318.54 3 14
20400 855 -4310.87 1539.12 5 12
20400 856 6986.52 7099.32 0 14
20400 857 936.788 5455.58 2 14
20400 858 5680.4 -6107.99 0 14
20400 859 2806.28 6560.41 1 14
20400 860 -1168.14 -310.506 5 12
20400 861 39.6185 9611.14 5 2
20400 862 -5535.39 1016.99 2 14
20400 863 7218.2 -3599.31 3 14
20400 864 9028.79 620.996 5 12
20400 865 -2242.3 4040.96 2 14
20400 866 -4388.83 -9314.6 2 14
20400 867 1846.69 9573.56 0 14
20400 868 6928.94 -7649.88 0 14
20400 869 -4011.62 5347.87 0 14
20400 870 977.008 -2501.81 2 14
20400 871 -1893.04 3576.43 1 14
20400 872 -1299.96 -1227.8 2 14
20400 873 -1308.34 -4565.04 2 14
20400 874 2341.32 7264.39 1 14
20400 875 4485.92 3307.38 5 2
20400 876 693.791 -1387.9 2 14
20400 877 -8709.7 -6553.34 1 14
20400 878 -2094.39 45.4745 1 14
20400 879 5361.27 -6178.36 0 14
20400 880 7789.91 1018.04 1 14
20400 881 5963.59 -7207.5 0 14
20400 882 9784.47 -129.243 1 14
20400 883 625.412 -2043.3 1 14
20400 884 -2132.86 -6182.01 2 14
20400 885 142.73 -5852.3 5 8
20400 886 7397.77 -9787.22 5 8
20400 887 -2473.81 -768.073 1 14
20400 888 4998.71 -7056.6 5 8
20400 889 5068.9 -8915.91 3 14
20400 890 -7287.52 6379.58 1 14
20400 891 -2011.08 4047.37 1 14
20400 892 3115.09 8773.37 2 14
20400 893 8826.24 -3456.31 2 14
20400 894 3043.96 -4182.68 0 14
20400 895 9865.71 6307.97 1 14
20400 896 -6951.36 -9928.66 3 14
20400 897 -5083.85 6099.97 5 14
20400 898 -1372.82 855.564 3 14
20400 899 9375.77 1293.18 2 14
20400 900 -2937.45 8969.54 1 14
20400 901 9110.61 -9038.52 3 14
20400 902 509.064 -7522.46 0 14
20400 903 7772.58 3710.35 1 14
20400 904 8926.91 4350.6 5 2
20400 905 -3329.78 3939 2 14
20400 906 -432.122 2973.18 0 14
20400 907 6009.62 -3187.27 1 14
20400 908 -1771.49 -2409.6 0 14
20400 909 5227.07 -6823.44 3 14
20400 910 -7958.29 -4734.77 5 2
20400 911 5245.25 -4669.65 0 14
20400 912 9226.78 -6155.59 1 14
20400 913 5936.21 729.139 0 14
20400 914 6102.02 -7532.84 1 14
20400 915 7265.87 1050.8 1 14
20400 916 -9552.74 4001.23 5 14
20400 917 -6443.25 -1849.98 0 14
20400 918 5003.9 -5980.74 0 14
20400 919 7785.2 1213.57 4 14
20400 920 1038.6 -9130.71 5 8
20400 921 -3798.65 -4594.89 2 14
20400 922 -4074.46 -919.862 3 14
20400 923 2695.11 1307.04 1 14
20400 924 -3835.51 8466.67 5 6
20400 925 9848.99 -8439.05 2 14
20400 926 -6365.2 6971.36 0 14
20400 927 9672.37 3727.39 4 14
20400 928 9307.59 -7851.18 2 14
20400 929 9575.27 5040.69 3 14
20400 930 -7588.92 7276.98 1 14
20400 931 7735.01 -5466.17 5 4
20400 932 1081.74 6332.65 0 14
20400 933 -6169.52 2880.07 0 14
20400 934 -8362.48 -4671.4 5 2
20400 935 -2017.5 9075.67 0 14
20400 936 -998.927 2273.75 0 14
20400 937 5223.52 5364.79 0 14
20400 938 5401.9 2665.68 3 14
20400 939 924.236 4763.47 5 8
20400 940 -6522.64 75.194 2 14
20400 941 5924.65 6987.48 1 14
20400 942 2255.76 -2621.85 0 14
20400 943 -4135.13 5774.45 5 12
20400 944 -3139.73 9472.96 1 14
20400 945 3428.21 7118.15 4 14
20400 946 -4293.09 -6916.17 5 10
20400 947 2934.57 3757.86 1 14
20400 948 9144.23 -8047.83 1 14
20400 949 -9840.34 5408.15 5 10
20400 950 8975.51 799.628 3 14
20400 951 6977.96 6375.95 0 14
20400 952 4309.85 7353.19 5 2
20400 953 9155.87 -7771.56 1 14
20400 954 -1938.95 -9662.94 1 14
20400 955 3553.08 -3269.63 5 14
20400 956 5119.1 -8218.22 2 14
20400 957 7336.96 6716.62 1 14
20400 958 2471.39 -6574.07 2 14
20400 959 1410.15 -5463.22 3 14
20400 960 3056.95 5754.89 0 14
20400 961 1171.47 -5225.85 3 14
20400 962 -2343.98 6505.6 1 14
20400 963 3895.67 9699.79 0 14
20400 964 5612.85 3676.53 5 14
20400 965 -2475.11 -7256.77 0 14
20400 966 -184.581 5107.88 5 2
20400 967 9528.27 -6782.69 1 14
20400 968 8073.32 -4937.73 0 14
20400 969 -9671.79 -9458.07 5 6
20400 970 -93.5957 -1552.3 3 14
20400 971 5234.41 -1525.22 0 14
20400 972 -6791.22 -1406.6 1 14
20400 973 1726.79 -881.06 0 14
20400 974 1584.04 -2667.1 1 14
20400 975 1038.49 9643.93 5 8
20400 976 7070.26 4452.65 2 14
20400 977 -2102.52 -6946.14 0 14
20400 978 704.667 -1737.4 1 14
20400 979 -7616.49 2169.39 0 14
20400 980 1212.48 9069.78 0 14
20400 981 2980.31 8494.01 1 14
20400 982 -3699.79 -4318.14 0 14
20400 983 -1947.17 -9144.93 0 14
20400 984 4080.95 -6571.79 5 14
20400 985 -8742.55 -8318.16 1 14
20400 986 -4812.7 5670.31 3 14
20400 987 2864.79 1635 5 12
20400 988 -3662.18 4087.73 0 14
20400 989 9154.31 3426.92 2 14
20400 990 -4945.73 890.957 2 14
20400 991 681.612 -4903.7 5 8
20400 992 7365.84 -2125.8 0 14
20400 993 8860.76 -271.873 5 2
20400 994 818.946 4230.03 5 14
20400 995 5515.69 -4954.6 1 14
20400 996 -7169.11 -2915.2 1 14
20400 997 -6113.07 -7665.64 0 14
20400 998 1614.41 -2284.91 0 14
20400 999 6063.29 -4988.05 0 14
20400 1000 6710.56 4237.39 1 14
20400 1001 -338.417 5764.44 4 14
20400 1002 -1738.42 -5862.64 2 14
20400 1003 1177.73 5780.69 5 6
20400 1004 -7519.55 -7278.53 1 14
20400 1005 -9378.43 -1072.04 5 14
20400 1006 -6483.97 7887.22 0 14
20400 1007 -7285.38 -293.611 3 14
20400 1008 -5791.11 9175 2 14
20400 1009 -2366.44 6617.17 0 14
20400 1010 -2336.42 -7673.43 1 14
20400 1011 6651.16 -8172.91 0 14
20400 1012 -6470.82 1704.13 0 14
20400 1013 -4608.7 6923.16 5 2
20400 1014 -747.642 -8398.31 0 14
20400 1015 -6343.29 9351.47 0 14
20400 1016 8319.86 3068.47 0 14
20400 1017 7419.95 -6616.28 0 14
20400 1018 2741.34 6213.16 2 14
20400 1019 -9550.88 -7414.48 1 14
20400 1020 -118.017 -2110.33 2 14
20400 1021 3581.46 -590.112 0 14
20400 1022 6108.79 -6193.42 0 14
20400 1023 -5482.89 703.324 2 14
20400 1024 926.946 6642.13 1 14
20400 1025 -5841.57 -4624.22 0 14
20400 1026 -3100.91 7934.4 2 14
20400 1027 8364.06 1142.71 5 8
20400 1028 5572.47 -2338.97 5 14
20400 1029 2884.95 -9850.69 0 14
20400 1030 7426.94 -8553.16 4 14
20400 1031 -9251.76 -9005.08 5 12
20400 1032 900.585 107.534 4 14
20400 1033 -8984.63 8474.91 5 14
20400 1034 -3784.64 4907.96 1 14
20400 1035 -8266.83 3747.2 0 14
20400 1036 -6088.49 6498.04 0 14
21600 37 5776.01 -3723.43 0 14
21600 38 -6929.44 -4978.88 1 14
21600 39 -7046.08 -6934.2 1 14
21600 40 6356.41 -2459.33 2 14
21600 41 5311.03 -7317.56 5 10
21600 42 -5830 9360.31 2 14
21600 43 -7163.82 5932.44 1 14
21600 44 6917.07 1162.03 1 14
21600 45 1970.24 -5092.32 0 14
21600 46 -652.807 -4667.99 5 2
21600 47 -1368.42 -1698.61 0 14
21600 48 4657.25 -7452.53 5 2
21600 49 3083.42 2843.65 5 2
21600 50 5000.59 -6743 5 6
21600 51 2490.71 -2117 3 14
21600 52 -2304.27 -2794.26 2 14
21600 53 -4254.74 -9136.61 5 12
21600 54 -8547.34 -5159.25 5 2
21600 55 1423.85 9552.13 2 14
21600 56 -5715.2 -1759 1 14
21600 57 -4359.61 -7592.59 5 2
21600 58 3942.81 5097.39 1 14
21600 59 9856.63 -6273.47 2 14
21600 60 -7934.88 -5422.22 5 12
21600 61 1493.58 -3459.75 0 14
21600 62 4423.34 -8204.35 0 14
21600 63 -8614.6 404.098 5 2
21600 64 3357.04 2753.71 5 4
21600 65 1576.5 589.58 2 14
21600 66 3935.4 4759.45 0 14
21600 67 -4274.89 -8191.27 5 12
21600 68 268.593 6898.82 1 14
21600 69 2159.15 -4129.83 0 14
21600 70 -1576.72 9691.01 0 14
21600 71 -2670.49 -4782.95 0 14
21600 72 1478.89 6818.95 0 14
21600 73 221.707 -3783.92 3 14
21600 74 -3442.79 2843.55 5 4
21600 75 -5106.95 6273.79 5 14
21600 76 -8560.12 -4621.3 5 2
21600 77 90.5277 9024.06 5 2
21600 78 8249.13 272.889 5 2
21600 79 8415.03 7391.53 2 14
21600 80 -2566.63 3779.84 1 14
21600 81 -3360.92 619.238 0 14
21600 82 -9874.6 -5636.14 1 14
21600 83 1473.31 -6980.73 0 14
21600 84 6412.91 6626.17 1 14
21600 85 -8121.37 6372.21 5 12
21600 86 -3272.22 1628.08 5 14
21600 87 -1806.55 4727.91 4 14
21600 88 -2758.28 -1748.47 3 14
21600 89 6548.16 6508.44 1 14
21600 90 4498.81 -7135.85 5 2
21600 91 8384.09 -2978.31 1 14
21600 92 608.596 -5351.09 5 2
21600 93 -975.063 6214.93 1 14
21600 94 -5177.73 2123.11 4 14
21600 95 -2535.9 -3648.31 0 14
21600 96 9369.65 3348.67 0 14
21600 97 9015.99 4511.64 5 2
21600 98 -3233.7 6591.66 4 14
21600 99 5804.48 -2131.28 5 14
21600 100 -8891.35 -6976.28 1 14
21600 101 -7688.6 -6703.19 1 14
21600 102 -2226.03 468.449 1 14
21600 103 712.66 -7757.68 1 14
21600 104 630.228 1668.2 4 14
21600 105 -5322.39 7430 5 14
21600 106 -6202.5 7274.89 0 14
21600 107 5594.74 2853.45 5 14
21600 108 -164.963 -1006.77 5 14
21600 109 8127.34 4040.02 5 8
21600 110 937.534 666.934 5 12
21600 111 -7242.88 5640.92 0 14
21600 112 5383.96 -6426.54 1 14
21600 113 -8642.24 4963.41 5 2
21600 114 -6145.79 9541.79 1 14
21600 115 -6432 6123.18 2 14
21600 116 9736.01 5728.42 1 14
21600 117 -5477.71 -3201.03 4 14
21600 118 -3709.37 2132.2 5 4
21600 119 -9798.74 1245.25 2 14
21600 120 -1629.89 3033.87 2 14
21600 121 -6227.16 9819.53 1 14
21600 122 -6221.34 -6953 1 14
21600 123 1586.98 -5484.02 0 14
21600 124 -7838.01 7702.9 0 14
21600 125 -9891.76 1695.74 2 14
21600 126 -3129.32 4893.48 1 14
21600 127 629.084 -577.515 5 14
21600 128 -5099.99 -4951.87 0 14
21600 129 -9166.4 -8394.07 5 14
21600 130 9114.12 -7109.69 1 14
21600 131 -7423.08 -2791.51 2 14
21600 132 2616.55 -3345.54 0 14
21600 133 679.83 6687.48 0 14
21600 134 1707.64 -3456.64 0 14
21600 135 1473.9 6125.85 3 14
21600 136 -5112.69 7894 5 12
21600 137 -9878.94 -7455.93 3 14
21600 138 -3130.39 -4045.25 0 14
21600 139 2492.38 2413.38 1 14
21600 140 6187.27 8922.17 2 14
21600 141 4560.64 4578.19 0 14
21600 142 -141.208 8738.14 5 12
21600 143 -2512.85 -3385.89 0 14
21600 144 -8542.67 2677.88 0 14
21600 145 -220.597 124.839 5 2
21600 146 8523.25 -1991.77 2 14
21600 147 7951.59 8970.69 5 10
21600 148 743.668 8431.15 4 14
21600 149 1337.55 9637.62 1 14
21600 150 -7621.95 5846.53 4 14
21600 151 -391.693 264.498 5 2
21600 152 -7811.88 7728.28 1 14
21600 153 4493.07 -5810.04 3 14
21600 154 -5441.17 2621.85 2 14
21600 155 7286.87 5034.11 5 14
21600 156 -4025.64 1532.49 5 4
21600 157 -8157.98 -8067.44 3 14
21600 158 2520.89 -7609.18 3 14
21600 159 -9040.74 -9279.93 5 2
21600 160 9495.15 -4088.78 5 6
21600 161 -7325.26 -2408.55 1 14
21600 162 -8324.24 5669.9 5 2
21600 163 6766.34 1857.43 0 14
21600 164 -1332.16 6879.31 0 14
21600 165 4500.37 9368.42 1 14
21600 166 -8973.44 9215.94 5 2
21600 167 9462.13 4055.34 5 10
21600 168 -5345.52 -1451.61 4 14
21600 169 -4536.55 -7398.25 5 2
21600 170 -2681.16 -8680.54 0 14
21600 171 -7596.94 -1049.21 5 14
21600 172 -8978.54 -1269.9 2 14
21600 173 7724.63 -8392.5 1 14
21600 174 -5254.37 -6003.95 0 14
21600 175 3212.36 -8674.55 1 14
21600 176 -9504.18 3522.8 1 14
21600 177 1604.9 5801.5 1 14
21600 178 3860.81 -8444.6 5 14
21600 179 -7193.85 -9268.68 3 14
21600 180 -3139.05 8089.6 2 14
21600 181 6336.75 -4714.23 0 14
21600 182 8316.66 5105.97 5 2
21600 183 6785 -7389.51 1 14
21600 184 9396.57 -5648.92 5 4
21600 185 -7082.5 5437.48 0 14
21600 186 4636.22 7250.3 5 2
21600 187 5372.68 -6401.72 2 14
21600 188 -2153.68 -8559.11 2 14
21600 189 5049.07 3267.16 5 8
21600 190 -7015.06 4388.7 3 14
21600 191 9607.62 -3572.32 1 14
21600 192 -8391.95 8636.12 5 10
21600 193 3971.08 -3545.83 5 14
21600 194 -3648.44 -9465.4 2 14
21600 195 5255.76 -8547 0 14
21600 196 4526.43 1736.86 5 12
21600 197 9613.5 -10.6149 5 8
21600 198 4653.56 -5374.19 2 14
21600 199 3033.7 6573.43 1 14
21600 200 -7730.63 -1244.2 3 14
21600 201 -5183.45 5294.2 0 14
21600 202 -7284.32 -4023.87 3 14
21600 203 -2597.62 -5352.4 2 14
21600 204 -9567.34 377.916 5 12
21600 205 6529.42 -4171.72 3 14
21600 206 -3048.36 -9278.28 0 14
21600 207 9495.53 -3783.9 1 14
21600 208 -1371.85 7520.64 0 14
21600 209 6580.8 9052.89 2 14
21600 210 -2259.89 -7156.19 1 14
21600 211 -7097.17 9609.69 5 12
21600 212 7357 -1136.32 2 14
21600 213 6003.11 2688.74 3 14
21600 214 -4023.03 -5095.98 2 14
21600 215 -749.396 5933.76 5 14
21600 216 -3032.77 -9493.31 1 14
21600 217 4812.66 -2380.45 5 2
21600 218 -4235.63 -8863.31 3 14
21600 219 7402.13 -3434.13 0 14
21600 220 2929.61 2261.97 1 14
21600 221 -8313.31 551.917 5 2
21600 222 1425.33 -5877.29 0 14
21600 223 1929.3 -5994.57 0 14
21600 224 1669.04 2208.12 1 14
21600 225 -2985.18 4295.69 2 14
21600 226 4534.59 9671.09 3 14
21600 227 -1635.22 -1788.72 2 14
21600 228 -8936.31 7419.55 1 14
21600 229 -8578.94 4113.49 5 12
21600 230 -3188.6 -4482.63 1 14
21600 231 -5183.99 -3706.59 2 14
21600 232 -8076 1651.19 1 14
21600 233 -1015.9 9917.97 5 8
21600 234 -9384.34 3103.6 3 14
21600 235 3326.89 3678.99 0 14
21600 236 3811.11 -7153.8 5 12
21600 237 2276.18 5534.53 1 14
21600 238 4003.47 8762.59 5 14
21600 239 7510.47 -6141.55 0 14
21600 240 1481.83 -4945.26 3 14
21600 241 -183.251 5738.75 5 14
21600 242 7758.8 4115.76 3 14
21600 243 9840.16 -3761.96 2 14
21600 244 9673.31 -701.293 5 14
21600 245 3965.99 965.082 0 14
21600 246 5972.21 6556.25 2 14
21600 247 2369.96 3330.86 1 14
21600 248 -9834.48 760.389 5 8
21600 249 -6370.49 4663.41 0 14
21600 250 1938.25 4678.8 1 14
21600 251 1715.29 -6377 0 14
21600 252 1292.23 355.139 5 12
21600 253 -7729.81 -2958.45 2 14
21600 254 1744.41 3311.63 1 14
21600 255 -1628.98 5482.6 1 14
21600 256 -564.069 1692.57 1 14
21600 257 -1937.15 104.681 3 14
21600 258 6460.02 8813.79 1 14
21600 259 -4827.84 7504.56 5 2
21600 260 -171.492 -2868.39 2 14
21600 261 5229.98 6713.81 5 8
21600 262 -199.871 -502.766 5 2
21600 263 3614.5 -6667.27 5 8
21600 264 -7280.17 5387 5 14
21600 265 -5363.09 -6840.89 2 14
21600 266 -3240.25 8760.2 2 14
21600 267 4389.68 7041.86 5 2
21600 268 -9803.59 -8425.96 1 14
21600 269 -823.137 -9062.4 3 14
21600 270 6700.26 8820.97 0 14
21600 271 8372.46 -2470.17 2 14
21600 272 3215.59 1089.35 0 14
21600 273 -5687.52 9574.84 1 14
21600 274 9082.39 -8680.79 5 14
21600 275 -6593.7 -9164.65 1 14
21600 276 -755.596 2496.71 0 14
21600 277 2616.84 -7773.38 0 14
21600 278 -8781.88 -2026.72 1 14
21600 279 -1105.03 6804.67 1 14
21600 280 -6374.64 7179.55 0 14
21600 281 8997.93 -9311.58 5 2
21600 282 -4404.35 566.947 2 14
21600 283 -5332.41 710.133 1 14
21600 284 -4938.89 -4789.2 2 14
21600 285 -9146.13 8480.57 5 14
21600 286 7013.94 2417.95 3 14
21600 287 1847.04 -4823.84 3 14
21600 288 -5199.63 -1978.56 5 14
21600 289 6392.62 -9248.51 1 14
21600 290 -6580.01 7895.57 1 14
21600 291 6598.74 -8267.39 0 14
21600 292 4748.72 5757.53 2 14
21600 293 1437.48 9450.49 2 14
21600 294 -9827.98 -9365.42 5 14
21600 295 -57.2011 8137.98 3 14
21600 296 -9123.49 -1606.82 2 14
21600 297 4330.75 -3244.26 5 12
21600 298 9718.97 1144.83 0 14
21600 299 4993.17 5494.27 1 14
21600 300 3872.99 8635.55 1 14
21600 301 7651.87 9793.58 5 10
21600 302 6497.94 -5513.57 0 14
21600 303 -4642.96 -1939.2 5 6
21600 304 5228.08 -7972.29 5 10
21600 305 7828.36 4590.34 5 2
21600 306 9952.84 1876.51 0 14
21600 307 7717.12 -1053.11 3 14
21600 308 1556.55 349.238 3 14
21600 309 -603.178 6167.08 2 14
21600 310 -6802.95 -8692.99 1 14
21600 311 2686.64 -6523 4 14
21600 312 9521.94 -385.484 5 2
21600 313 5627.5 -1045.91 0 14
21600 314 -2933.61 -6245.38 1 14
21600 315 -8631.05 -3016.65 0 14
21600 316 -7874.67 -1123.68 3 14
21600 317 -8381.75 3698.88 5 14
21600 318 3386.58 2991.66 5 14
21600 319 -7873.87 -5335.08 5 4
21600 320 3147.84 2632.88 5 14
21600 321 -140.099 1350.51 0 14
21600 322 -3775.01 -733.247 1 14
21600 323 3781.52 -1323.66 5 12
21600 324 7664.24 5234.81 0 14
21600 325 -9164.35 -4495.07 5 2
21600 326 271.01 995.434 4 14
21600 327 2284.53 2667.69 1 14
21600 328 -5781.92 7423.59 5 14
21600 329 -590.597 -7705.69 1 14
21600 330 -5491.04 -2852.09 4 14
21600 331 -7375.25 8473.68 1 14
21600 332 -3247.96 8117.58 4 14
21600 333 8599.4 1384.32 3 14
21600 334 9643.05 -1396.5 2 14
21600 335 -4750.24 9400.73 2 14
21600 336 2299.44 -1830.5 0 14
21600 337 89.5591 -7315.44 2 14
21600 338 1233.69 -4241.32 2 14
21600 339 327.284 282.951 5 2
21600 340 5716.67 -5149.34 1 14
21600 341 5326.36 -812.226 1 14
21600 342 -4273.9 7688.82 5 2
21600 343 8675.59 5293.34 5 2
21600 344 -3829.74 7514.49 5 2
21600 345 -8027.18 -2570.33 0 14
21600 346 7743.81 8411.56 1 14
21600 347 2306.56 7468.9 0 14
21600 348 5430.89 2293.63 5 8
21600 349 5661.55 4792.71 0 14
21600 350 -4682.58 -5725.36 3 14
21600 351 4589.25 8234.66 5 10
21600 352 -893.472 8964.07 3 14
21600 353 -4396.9 6456.96 5 4
21600 354 -3977.76 2644.82 5 2
21600 355 6152.38 -2072.96 1 14
21600 356 1471.65 5772.74 0 14
21600 357 6353.78 -7366.65 1 14
21600 358 -9502.55 -4108.17 2 14
21600 359 -1933.1 3607.28 2 14
21600 360 8691.06 -3412.04 1 14
21600 361 8517.87 9882.04 5 2
21600 362 -8206.91 -942.289 5 6
21600 363 7614.45 1793.42 1 14
21600 364 -1140.93 -1420 1 14
21600 365 4270.9 5526.18 1 14
21600 366 -3802.64 -2365.36 5 2
21600 367 -2777.14 -464.718 1 14
21600 368 4011.73 -9735.32 2 14
21600 369 9237.66 -6023.57 5 6
21600 370 -114.672 9211.1 5 12
21600 371 7543.36 -2950.8 1 14
21600 372 4827.07 4030.46 5 12
21600 373 7481.28 7927.84 1 14
21600 374 -8052.04 -4977.83 5 6
21600 375 -734.599 -6061.93 5 12
21600 376 -4564.67 7807.92 5 2
21600 377 6858.65 -1138.86 0 14
21600 378 -652.142 -106.815 5 2
21600 379 2683.34 7793.34 0 14
21600 380 -4474.02 -4436.74 0 14
21600 381 -1508.18 9426.87 5 12
21600 382 9250.1 -708.251 5 10
21600 383 6827.2 9525.41 1 14
21600 384 4894.91 5773.75 0 14
21600 385 -8463.65 -7225.74 1 14
21600 386 -4143.05 -1262.92 4 14
21600 387 -1423.85 -2118.31 0 14
21600 388 8001.78 -6052.28 5 14
21600 389 6730.61 -4453.56 0 14
21600 390 7745.21 2437.69 2 14
21600 391 5314.33 -569.779 3 14
21600 392 -8709.71 -2180.14 0 14
21600 393 955.386 -5707.82 0 14
21600 394 -6886.89 -7848.18 0 14
21600 395 6852.51 -7841.63 1 14
21600 396 -9081.94 -2101.86 0 14
21600 397 9217.88 3703.76 1 14
21600 398 3763.53 -7129.6 5 2
21600 399 -7982.74 -8141.51 1 14
21600 400 535.675 5782.04 5 2
21600 401 -5670.27 6865.94 4 14
21600 402 -7150.4 -1136.26 2 14
21600 403 -9454.76 6810.99 0 14
21600 404 -3450.77 -194.574 0 14
21600 405 -500.047 -3521.47 4 14
21600 406 -8035.16 -3693.9 5 12
21600 407 -6023.31 8629.8 1 14
21600 408 90.5797 1774.97 0 14
21600 409 -7150.83 -1026 0 14
21600 410 9481.61 -8799.49 4 14
21600 411 5194.91 -6936.74 5 10
21600 412 -1699.11 6359.21 1 14
21600 413 -2401.54 2290.5 0 14
21600 414 -6894.91 -4744.06 3 14
21600 415 -1278.95 927.431 1 14
21600 416 8521.6 742.958 5 6
21600 417 1387.81 9284.94 1 14
21600 418 -2078.74 718.415 0 14
21600 419 -4617.94 7873.11 5 2
21600 420 -9258.95 6959.93 1 14
21600 421 -1378.72 -1306.03 0 14
21600 422 -6297.44 -6271.09 0 14
21600 423 1282.91 -9010.06 5 12
21600 424 5320.32 1788.66 5 14
21600 425 881.932 2865.92 1 14
21600 426 2309.43 6535 0 14
21600 427 7647.95 -9520.73 5 10
21600 428 9006.75 -7325.65 0 14
21600 429 7399.16 -106.866 5 12
21600 430 2455.87 -3014.17 0 14
21600 431 4719.98 -9163.1 2 14
21600 432 1565.08 -5496.85 1 14
21600 433 -9307.37 9124.98 5 10
21600 434 -7235.37 9643.55 1 14
21600 435 2922.96 -3111.25 3 14
21600 436 8120.24 -2199.14 0 14
21600 437 919.548 -7635.52 1 14
21600 438 -799.529 6102.64 1 14
21600 439 2106.37 -5846.37 2 14
21600 440 5947.15 3121.12 3 14
21600 441 9253.49 268.763 5 2
21600 442 6457.19 -3134.39 0 14
21600 443 -8230.07 5575.64 5 2
21600 444 -760.469 3935.09 0 14
21600 445 -4977.41 -5970.61 5 14
21600 446 -7828.45 -5852.47 5 14
21600 447 4150.4 7941.22 5 2
21600 448 5395 9065.31 1 14
21600 449 -5210.86 -4491 1 14
21600 450 5279.78 -5948.17 5 12
21600 451 -3205.8 -3948.14 1 14
21600 452 -6125.39 9821.07 1 14
21600 453 7113.35 4295.14 0 14
21600 454 -604.928 -300.61 5 12
21600 455 8791.13 -1299.11 5 12
21600 456 -7265.77 -3897.54 3 14
21600 457 4203.05 -5396.76 3 14
21600 458 -8520.91 9804.58 5 2
21600 459 -8467.3 -3629 5 14
21600 460 -7200.87 -1061.58 1 14
21600 461 -456.227 -424.896 5 2
21600 462 4215.77 -799.6 3 14
21600 463 1041.13 3053.59 0 14
21600 464 -8273.75 -7940.05 1 14
21600 465 9887.47 -759.571 1 14
21600 466 -1219.64 -2604.54 0 14
21600 467 -2097.32 4756.66 2 14
21600 468 -1098.12 2167.7 1 14
21600 469 -7377.97 6689.5 0 14
21600 470 4327.78 -9360.22 0 14
21600 471 -8774.65 -2382.88 1 14
21600 472 -1033.39 -9917.84 5 8
21600 473 2449.74 7746.16 2 14
21600 474 -3415.96 -6843.75 5 6
21600 475 -9836.62 -8395.76 2 14
21600 476 -8061.44 4826.13 5 2
21600 477 8825.25 -8877.14 5 8
21600 478 6045.71 141.526 2 14
21600 479 7983.67 1268.16 1 14
21600 480 -9738.88 1066.34 5 14
21600 481 -8473.55 5334.32 5 2
21600 482 765.557 -3110.8 0 14
21600 483 -507.809 -4666.13 5 14
21600 484 -5853.02 -4702.19 2 14
21600 485 215.068 3251.86 3 14
21600 486 -1500.14 32.1996 5 12
21600 487 6750.09 -8452.15 1 14
21600 488 -3921.33 546.156 2 14
21600 489 1926.34 -4266.59 2 14
21600 490 -3361.69 7677.51 5 4
21600 491 7060.27 4569.7 2 14
21600 492 1478.1 5839.43 2 14
21600 493 2015.81 -4724.16 0 14
21600 494 -458.488 5845.3 5 10
21600 495 9109.57 9582.68 5 2
21600 496 -5923.34 12.7619 0 14
21600 497 -5585.25 444.196 1 14
21600 498 -8186.01 4096.17 5 4
21600 499 3977.57 2448.98 5 2
21600 500 -8421.99 -5864.66 5 2
21600 501 7162.35 3491.88 3 14
21600 502 5122.34 771.236 2 14
21600 503 8416.91 5338 5 2
21600 504 2379.22 -4251.45 0 14
21600 505 395.565 -8005.72 0 14
21600 506 -5335.68 -2264.18 5 14
21600 507 -215.472 8859.35 5 2
21600 508 -3552.73 -2621.11 5 2
21600 509 2337.67 6705.59 3 14
21600 510 -3867.89 2846.06 5 8
21600 511 -703.907 -9250.9 2 14
21600 512 2355.96 -3926.64 1 14
21600 513 7419.68 -2523.28 0 14
21600 514 3564.82 -346.956 1 14
21600 515 7566.35 -2207.53 1 14
21600 516 3994.9 1857.41 5 6
21600 517 723.542 233.067 5 6
21600 518 9454.42 -7311.92 1 14
21600 519 3872.77 5711.71 0 14
21600 520 -8655.6 -1696.3 1 14
21600 521 -8638.63 4476.06 5 2
21600 522 -9961.33 9081.83 4 14
21600 523 506.34 -4508.5 5 8
21600 524 7458.41 5026.2 5 14
21600 525 7397.57 5404.21 5 8
21600 526 2300.46 -5273.43 1 14
21600 527 -4539.05 9542.9 1 14
21600 528 6717.95 6345.67 2 14
21600 529 -5463.19 -9287.51 2 14
21600 530 1219.24 -3045.27 1 14
21600 531 -4159.18 672.131 2 14
21600 532 5016.17 -70.5433 0 14
21600 533 2713.82 -9579.64 0 14
21600 534 7560.69 -5398.96 5 12
21600 535 -980.497 -9542.27 5 12
21600 536 -4475.69 9034.95 5 14
21600 537 6383.51 8598.67 2 14
21600 538 -5896.43 -5320.15 2 14
21600 539 1640.27 9319.73 1 14
21600 540 -7092.66 11.0771 2 14
21600 541 5114.45 -3763.63 2 14
21600 542 -2987.86 -5594.43 1 14
21600 543 7060.19 -9913.54 5 14
21600 544 -2383.54 -9524.06 1 14
21600 545 -9403.28 7395.59 1 14
21600 546 615.821 -9070.57 5 6
21600 547 -7789.94 -2126.57 2 14
21600 548 3161.69 -1625.26 5 14
21600 549 1351.35 -1700.58 2 14
21600 550 7812.97 -3018.84 0 14
21600 551 7136.54 -4272.38 1 14
21600 552 5208.06 4642.69 0 14
21600 553 -5398.28 3210.22 5 10
21600 554 822.282 9784.05 5 2
21600 555 1079.56 6688.94 0 14
21600 556 -6643.74 -8722.38 2 14
21600 557 3560.49 -9299.51 0 14
21600 558 8547.6 -5335.86 5 2
21600 559 7687.16 -747.135 5 12
21600 560 -9275.99 -9492.26 5 2
21600 561 -6113.06 8422 2 14
21600 562 -2549.4 -1561.39 1 14
21600 563 4776.31 1688.04 5 2
21600 564 5922.42 9843.97 0 14
21600 565 -5836.23 -1969.42 5 14
21600 566 5497.08 864.736 1 14
21600 567 7983.46 4349.79 5 2
21600 568 3053.37 -8444.17 1 14
21600 569 -3100.44 -3543.35 2 14
21600 570 2508.54 6520.81 2 14
21600 571 5801.94 7393.52 1 14
21600 572 -1884.73 1397.57 0 14
21600 573 -8637.59 -4206.35 5 2
21600 574 3944.1 -8044.95 5 8
21600 575 -583.789 -1611.73 2 14
21600 576 -2180.3 8175.14 0 14
21600 577 882.471 5849.89 5 6
21600 578 -3978.72 -5601.59 2 14
21600 579 1158.05 2928.76 1 14
21600 580 -4272.2 -1650.44 5 12
21600 581 2181.07 -9034.59 2 14
21600 582 -8017.23 9934.99 5 2
21600 583 1403.32 -9566.8 0 14
21600 584 -2458.77 9098.79 0 14
21600 585 7049.61 -2672.83 0 14
21600 586 2911.23 5251.17 0 14
21600 587 5622.55 -1861.79 5 12
21600 588 -1651.4 9502.35 0 14
21600 589 6195.55 2984.43 0 14
21600 590 7900.84 2387.46 0 14
21600 591 -2605.29 -4063.08 1 14
21600 592 9765.45 4694.04 5 8
21600 593 -2848.98 6520.12 0 14
21600 594 6878.94 446.276 1 14
21600 595 -7668.99 4288.14 5 8
21600 596 1647.52 -2187.69 0 14
21600 597 7028.86 -3411.68 4 14
21600 598 5212.8 4924.93 1 14
21600 599 2576.45 -1453.48 1 14
21600 600 4448.85 -9524.84 2 14
21600 601 -3876.56 -7109.94 5 2
21600 602 1259.14 254.485 5 12
21600 603 7289.91 617.765 2 14
21600 604 -5566.18 5920.23 0 14
21600 605 -7367.48 -9308.46 4 14
21600 606 3701.91 -6041.5 5 12
21600 607 3840.4 -6776.02 5 10
21600 608 3032.4 -5986.32 1 14
21600 609 -6089.69 4394.49 1 14
21600 610 3673.18 4213.6 2 14
21600 611 9730.63 -3059.61 1 14
21600 612 9817.46 9857.54 5 8
21600 613 -8964.05 -2772.15 1 14
21600 614 255.775 -723.396 5 2
21600 615 3776.07 1744.57 5 6
21600 616 5258.18 -5470.44 0 14
21600 617 4481.95 -6777.09 5 2
21600 618 -8698.12 -676.162 5 2
21600 619 -8645.33 1046.46 5 14
21600 620 -1900.7 -8573.91 0 14
21600 621 1271.74 -3740.46 2 14
21600 622 7966.35 5295.01 0 14
21600 623 -2090.75 2091.27 4 14
21600 624 -8815.6 7218.19 3 14
21600 625 6587.37 -5843.75 0 14
21600 626 2038.45 -3470.79 1 14
21600 627 7115.64 4240.66 4 14
21600 628 -3411 -5031.03 0 14
21600 629 -8733.17 -3818.47 5 6
21600 630 -6471.5 6324.13 2 14
21600 631 7223.12 -274.819 1 14
21600 632 9985.74 6058.51 2 14
21600 633 4583.31 -1113.91 5 14
21600 634 8317.81 -4216.15 5 12
21600 635 3703.39 -4969.34 0 14
21600 636 867.817 -3404.11 1 14
21600 637 3457.54 -9393.97 3 14
21600 638 3274.12 9591.21 1 14
21600 639 -4040.57 7660.96 5 2
21600 640 27.4003 732.76 5 8
21600 641 8203.58 7249.51 0 14
21600 642 1279.72 -536.684 2 14
21600 643 -3285.2 630.561 1 14
21600 644 -4226.65 9110.85 5 14
21600 645 5641.04 9890.23 0 14
21600 646 2295.49 -6758.14 1 14
21600 647 -1750.92 9980.06 0 14
21600 648 -3618.29 -1950.98 5 4
21600 649 2988.1 -9812.43 1 14
21600 650 538.259 -1389.18 3 14
21600 651 -4307.38 -7120.53 5 2
21600 652 -9578.36 -1309.93 2 14
21600 653 9876.01 1046.82 3 14
21600 654 -4539.01 -3619.4 5 4
21600 655 212.808 -5528.83 5 2
21600 656 -4093.55 -9762.84 0 14
21600 657 -3913.1 -3632.81 2 14
21600 658 9011.39 2503.51 0 14
21600 659 4927.32 8092.05 5 10
21600 660 9621.22 -6803.37 2 14
21600 661 4792.42 -9346.42 0 14
21600 662 2905.09 -2430.89 2 14
21600 663 9057.74 -7853.69 2 14
21600 664 -2594.09 8232.79 4 14
21600 665 4626.82 1596.09 5 12
21600 666 163.202 2793.96 1 14
21600 667 -2355.62 -5056.13 1 14
21600 668 9547.75 -6970.09 2 14
21600 669 -7827.87 -911.417 5 14
21600 670 -2162.45 6496.04 2 14
21600 671 -4558.26 6271.39 4 14
21600 672 -7865.86 9661.62 5 2
21600 673 -9224.57 -3000.89 1 14
21600 674 6198.98 -178.341 0 14
21600 675 -2196.04 -2019.76 0 14
21600 676 8642.06 5396.18 5 2
21600 677 -8340.28 4201.44 5 2
21600 678 5024.23 5034.85 0 14
21600 679 5253.9 -5807.18 1 14
21600 680 -1686.2 7262.16 1 14
21600 681 -5720.97 2889.31 4 14
21600 682 -6288.8 -9467.02 1 14
21600 683 6513.25 9412.19 2 14
21600 684 3216.66 -1174.68 5 14
21600 685 -2925.24 653.118 1 14
21600 686 1472.6 2878.66 1 14
21600 687 -1890.03 -2634.03 1 14
21600 688 9624.33 6250.45 3 14
21600 689 3315.74 -5576.94 0 14
21600 690 6125.33 -5561.25 3 14
21600 691 -1727.88 -1463.01 1 14
21600 692 -1408.91 4066.46 1 14
21600 693 -5303.66 6323.66 0 14
21600 694 -9596.26 -1922.94 2 14
21600 695 -4621.7 -896.623 2 14
21600 696 -1952 5375.86 1 14
21600 697 -8403.41 9803.75 5 2
21600 698 -3627.71 523.369 2 14
21600 699 -8828.95 4556.33 5 2
21600 700 -6113.89 4861 1 14
21600 701 -4350.39 9983 1 14
21600 702 3858.21 2518.28 5 6
21600 703 -3993.35 -4512.2 2 14
21600 704 -5991.37 -4440.78 0 14
21600 705 5192.21 3271.95 5 8
21600 706 -318.473 6655.77 1 14
21600 707 5607.77 -6220.21 0 14
21600 708 -2239.07 -5565.77 0 14
21600 709 -769.487 3269.48 0 14
21600 710 4831.13 -8956.13 4 14
21600 711 -1524.09 9590.51 0 14
21600 712 8264.48 5226.57 5 2
21600 713 4729.65 7318.23 5 2
21600 714 1045.56 6184.23 0 14
21600 715 4530.72 -5914.34 4 14
21600 716 -47.7859 -6019.05 3 14
21600 717 2249.02 4102.54 2 14
21600 718 6473.19 9717.02 0 14
21600 719 -8780.15 -9547.91 5 2
21600 720 4761.16 4649.1 2 14
21600 721 -3308.17 1942.07 5 8
21600 722 719.356 1154.53 1 14
21600 723 -7232.28 9998.71 3 14
21600 724 749.852 -2688.4 1 14
21600 725 -1048.74 -6159.6 4 14
21600 726 3267.1 7651.47 5 10
21600 727 -4293.17 8292 5 4
21600 728 1271.49 -4488.55 5 12
21600 729 -9191.84 -7400.22 0 14
21600 730 4478.42 8200.9 5 12
21600 731 -7319.09 -7248.74 0 14
21600 732 8540.27 -2025.49 1 14
21600 733 -4140.65 -5752.38 3 14
21600 734 -2045.03 9094.05 0 14
21600 735 -7191.33 -7183.41 0 14
21600 736 -6335.71 -5904.5 2 14
21600 737 7264.84 7469.21 1 14
21600 738 2598.61 7974.88 0 14
21600 739 4930.98 -7222 5 2
21600 740 8513.39 -9799.92 5 2
21600 741 -7293.73 -8318.77 2 14
21600 742 -9519.38 -1485.17 3 14
21600 743 -2237.55 1571.67 1 14
21600 744 -7932.53 2529.41 3 14
21600 745 6021.62 7857.7 2 14
21600 746 -1506.02 9082.41 1 14
21600 747 -5104.14 -4056.06 3 14
21600 748 1844.36 4276.18 0 14
21600 749 366.675 -3103.39 3 14
21600 750 -2467.12 1668.8 3 14
21600 751 -8.93484 3924.15 5 14
21600 752 593.813 -6531.91 2 14
21600 753 -8323.21 7259.17 2 14
21600 754 -3741.63 -6717.61 2 14
21600 755 2140.46 -7625.65 1 14
21600 756 4168.44 6393.43 3 14
21600 757 1682.56 -495.516 2 14
21600 758 -5008.06 -5261.22 2 14
21600 759 2444.69 -8444.69 1 14
21600 760 -2355.69 5385.86 0 14
21600 761 -9195.44 3252.5 0 14
21600 762 -2219.58 -9103.15 1 14
21600 763 -374.357 166.844 5 2
21600 764 6999.54 3263.23 0 14
21600 765 9002.38 5325.31 5 2
21600 766 -4469.16 303.426 0 14
21600 767 -1522.86 -3195.84 0 14
21600 768 5451.99 7865.58 5 2
21600 769 1967.53 8176.78 0 14
21600 770 4969.86 6638.56 2 14
21600 771 -2406.75 939.351 2 14
21600 772 -7882.49 -6671.12 2 14
21600 773 -6525.04 1761.55 0 14
21600 774 -1721.99 7801.14 0 14
21600 775 -754.13 426.514 5 2
21600 776 1063.84 3736 2 14
21600 777 5072.98 -6622.1 0 14
21600 778 -6493.61 3073.21 2 14
21600 779 -2528.27 -2087.02 3 14
21600 780 -3387.24 -9904.77 2 14
21600 781 3560.66 4592.33 1 14
21600 782 7814.06 6094.17 5 8
21600 783 2407.19 2399.69 2 14
21600 784 -3099.82 1118.58 1 14
21600 785 4498.37 -2016.48 5 2
21600 786 -4643.03 -3177.07 5 2
21600 787 3052.89 -7360.36 1 14
21600 788 8717.72 -3031.3 1 14
21600 789 188.929 7369.66 0 14
21600 790 -1658.62 5749.48 3 14
21600 791 -3074.86 2161.47 2 14
21600 792 -7344.25 4514.61 2 14
21600 793 -3491.38 6704.24 4 14
21600 794 3044.6 -1082.52 1 14
21600 795 -7713.04 -4632.77 5 2
21600 796 8435.81 -1965.3 3 14
21600 797 -8893.71 2901.06 0 14
21600 798 4043.84 -2564.28 5 2
21600 799 3168.6 -8400.09 0 14
21600 800 7304.97 -6377.54 3 14
21600 801 -1519.14 9599.92 0 14
21600 802 -1395.12 -6199.84 0 14
21600 803 442.388 -4978.51 5 2
21600 804 2432.74 -3831.19 1 14
21600 805 -5180.9 -9222.73 2 14
21600 806 -2021.5 4171.02 0 14
21600 807 6155.75 2418.14 0 14
21600 808 7473.38 8922.43 4 14
21600 809 -7858.24 3245.25 1 14
21600 810 1088.9 -2804.82 0 14
21600 811 -6284.88 -3716.36 1 14
21600 812 9453.34 -5471.99 5 2
21600 813 -1604.08 -6177.62 2 14
21600 814 -2527.13 -280.623 2 14
21600 815 1949.36 8434.49 2 14
21600 816 9686.46 -5695.29 5 12
21600 817 3472.37 -9425.89 1 14
21600 818 5232.91 -8158.59 5 2
21600 819 2693.13 2733.63 5 14
21600 820 -8306.13 482.96 5 2
21600 821 -4297.62 -637.383 0 14
21600 822 -840.732 -3736.47 1 14
21600 823 -3597.19 -9465.56 0 14
21600 824 -5257.93 3485.63 5 14
21600 825 5496.66 -8101.35 5 4
21600 826 -5654.75 -8514.33 4 14
21600 827 7228.66 -9937.18 5 14
21600 828 2660.79 5217.27 0 14
21600 829 9776.45 -3557.97 2 14
21600 830 8549.12 3730.04 5 6
21600 831 -5997.35 833.022 0 14
21600 832 -3913.96 -9881.03 2 14
21600 833 9592.44 3671.62 5 14
21600 834 5144.44 -7186.35 5 8
21600 835 -3084.32 -1376.38 3 14
21600 836 -5440.95 -4484.96 1 14
21600 837 -7439.69 6154.31 4 14
21600 838 -9417.91 -9521.93 5 6
21600 839 -5434.9 4712.36 1 14
21600 840 5311.49 -6529.39 1 14
21600 841 -9730.39 -9849.85 5 2
21600 842 3578.98 7984.11 5 2
21600 843 -7993.69 -3362.53 1 14
21600 844 9063.56 2477.54 2 14
21600 845 -9945.85 -7423.97 2 14
21600 846 3305.69 -9310.34 2 14
21600 847 -2204.45 -7990.82 0 14
21600 848 -484.692 -8023.65 0 14
21600 849 5249.77 8951.58 2 14
21600 850 1364.8 -1227.88 0 14
21600 851 552.932 -9843.71 5 8
21600 852 4373.87 5134.35 0 14
21600 853 -2046.62 8256.12 0 14
21600 854 2903.09 3318.54 4 14
21600 855 -4310.87 1539.12 5 12
21600 856 6986.52 7099.32 0 14
21600 857 936.788 5455.58 2 14
21600 858 5680.4 -6107.99 1 14
21600 859 2806.28 6560.41 1 14
21600 860 -1168.14 -310.506 5 8
21600 861 39.6185 9611.14 5 2
21600 862 -5535.39 1016.99 2 14
21600 863 7218.2 -3599.31 3 14
21600 864 9028.79 620.996 5 10
21600 865 -2242.3 4040.96 2 14
21600 866 -4388.83 -9314.6 2 14
21600 867 1846.69 9573.56 0 14
21600 868 6928.94 -7649.88 0 14
21600 869 -4011.62 5347.87 0 14
21600 870 977.008 -2501.81 2 14
21600 871 -1893.04 3576.43 1 14
21600 872 -1299.96 -1227.8 3 14
21600 873 -1308.34 -4565.04 2 14
21600 874 2341.32 7264.39 2 14
21600 875 4485.92 3307.38 4 14
21600 876 693.791 -1387.9 2 14
21600 877 -8709.7 -6553.34 1 14
21600 878 -2094.39 45.4745 1 14
21600 879 5361.27 -6178.36 0 14
21600 880 7789.91 1018.04 1 14
21600 881 5963.59 -7207.5 1 14
21600 882 9784.47 -129.243 1 14
21600 883 625.412 -2043.3 1 14
21600 884 -2132.86 -6182.01 1 14
21600 885 142.73 -5852.3 5 6
21600 886 7397.77 -9787.22 5 12
21600 887 -2473.81 -768.073 1 14
21600 888 4998.71 -7056.6 5 10
21600 889 5068.9 -8915.91 3 14
21600 890 -7287.52 6379.58 0 14
21600 891 -2011.08 4047.37 1 14
21600 892 3115.09 8773.37 2 14
21600 893 8826.24 -3456.31 2 14
21600 894 3043.96 -4182.68 0 14
21600 895 9865.71 6307.97 0 14
21600 896 -6951.36 -9928.66 3 14
21600 897 -5083.85 6099.97 5 14
21600 898 -1372.82 855.564 3 14
21600 899 9375.77 1293.18 2 14
21600 900 -2937.45 8969.54 0 14
21600 901 9110.61 -9038.52 3 14
21600 902 509.064 -7522.46 0 14
21600 903 7772.58 3710.35 1 14
21600 904 8926.91 4350.6 5 2
21600 905 -3329.78 3939 2 14
21600 906 -432.122 2973.18 0 14
21600 907 6009.62 -3187.27 1 14
21600 908 -1771.49 -2409.6 1 14
21600 909 5227.07 -6823.44 4 14
21600 910 -7958.29 -4734.77 5 2
21600 911 5245.25 -4669.65 0 14
21600 912 9226.78 -6155.59 1 14
21600 913 5936.21 729.139 0 14
21600 914 6102.02 -7532.84 1 14
21600 915 7265.87 1050.8 1 14
21600 916 -9552.74 4001.23 5 12
21600 917 -6443.25 -1849.98 1 14
21600 918 5003.9 -5980.74 0 14
21600 919 7785.2 1213.57 5 14
21600 920 1038.6 -9130.71 5 8
21600 921 -3798.65 -4594.89 1 14
21600 922 -4074.46 -919.862 3 14
21600 923 2695.11 1307.04 1 14
21600 924 -3835.51 8466.67 5 2
21600 925 9848.99 -8439.05 1 14
21600 926 -6365.2 6971.36 0 14
21600 927 9672.37 3727.39 4 14
21600 928 9307.59 -7851.18 2 14
21600 929 9575.27 5040.69 3 14
21600 930 -7588.92 7276.98 0 14
21600 931 7735.01 -5466.17 4 14
21600 932 1081.74 6332.65 0 14
21600 933 -6169.52 2880.07 0 14
21600 934 -8362.48 -4671.4 5 2
21600 935 -2017.5 9075.67 0 14
21600 936 -998.927 2273.75 0 14
21600 937 5223.52 5364.79 1 14
21600 938 5401.9 2665.68 3 14
21600 939 924.236 4763.47 5 6
21600 940 -6522.64 75.194 2 14
21600 941 5924.65 6987.48 1 14
21600 942 2255.76 -2621.85 0 14
21600 943 -4135.13 5774.45 5 14
21600 944 -3139.73 9472.96 2 14
21600 945 3428.21 7118.15 5 12
21600 946 -4293.09 -6916.17 5 2
21600 947 2934.57 3757.86 1 14
21600 948 9144.23 -8047.83 1 14
21600 949 -9840.34 5408.15 5 6
21600 950 8975.51 799.628 3 14
21600 951 6977.96 6375.95 0 14
21600 952 4309.85 7353.19 5 2
21600 953 9155.87 -7771.56 1 14
21600 954 -1938.95 -9662.94 1 14
21600 955 3553.08 -3269.63 5 12
21600 956 5119.1 -8218.22 2 14
21600 957 7336.96 6716.62 1 14
21600 958 2471.39 -6574.07 2 14
21600 959 1410.15 -5463.22 3 14
21600 960 3056.95 5754.89 0 14
21600 961 1171.47 -5225.85 3 14
21600 962 -2343.98 6505.6 1 14
21600 963 3895.67 9699.79 0 14
21600 964 5612.85 3676.53 5 14
21600 965 -2475.11 -7256.77 0 14
21600 966 -184.581 5107.88 5 2
21600 967 9528.27 -6782.69 2 14
21600 968 8073.32 -4937.73 0 14
21600 969 -9671.79 -9458.07 5 6
21600 970 -93.5957 -1552.3 4 14
21600 971 5234.41 -1525.22 0 14
21600 972 -6791.22 -1406.6 1 14
21600 973 1726.79 -881.06 0 14
21600 974 1584.04 -2667.1 1 14
21600 975 1038.49 9643.93 5 8
21600 976 7070.26 4452.65 2 14
21600 977 -2102.52 -6946.14 0 14
21600 978 704.667 -1737.4 1 14
21600 979 -7616.49 2169.39 0 14
21600 980 1212.48 9069.78 0 14
21600 981 2980.31 8494.01 1 14
21600 982 -3699.79 -4318.14 0 14
21600 983 -1947.17 -9144.93 0 14
21600 984 4080.95 -6571.79 5 12
21600 985 -8742.55 -8318.16 1 14
21600 986 -4812.7 5670.31 2 14
21600 987 2864.79 1635 5 14
21600 988 -3662.18 4087.73 1 14
21600 989 9154.31 3426.92 2 14
21600 990 -4945.73 890.957 1 14
21600 991 681.612 -4903.7 5 2
21600 992 7365.84 -2125.8 0 14
21600 993 8860.76 -271.873 5 2
21600 994 818.946 4230.03 5 14
21600 995 5515.69 -4954.6 1 14
21600 996 -7169.11 -2915.2 1 14
21600 997 -6113.07 -7665.64 0 14
21600 998 1614.41 -2284.91 0 14
21600 999 6063.29 -4988.05 0 14
21600 1000 6710.56 4237.39 0 14
21600 1001 -338.417 5764.44 4 14
21600 1002 -1738.42 -5862.64 2 14
21600 1003 1177.73 5780.69 5 14
21600 1004 -7519.55 -7278.53 1 14
21600 1005 -9378.43 -1072.04 5 14
21600 1006 -6483.97 7887.22 0 14
21600 1007 -7285.38 -293.611 3 14
21600 1008 -5791.11 9175 2 14
21600 1009 -2366.44 6617.17 0 14
21600 1010 -2336.42 -7673.43 1 14
21600 1011 6651.16 -8172.91 0 14
21600 1012 -6470.82 1704.13 0 14
21600 1013 -4608.7 6923.16 5 2
21600 1014 -747.642 -8398.31 0 14
21600 1015 -6343.29 9351.47 0 14
21600 1016 8319.86 3068.47 0 14
21600 1017 7419.95 -6616.28 1 14
21600 1018 2741.34 6213.16 2 14
21600 1019 -9550.88 -7414.48 1 14
21600 1020 -118.017 -2110.33 2 14
21600 1021 3581.46 -590.112 1 14
21600 1022 6108.79 -6193.42 0 14
21600 1023 -5482.89 703.324 2 14
21600 1024 926.946 6642.13 1 14
21600 1025 -5841.57 -4624.22 0 14
21600 1026 -3100.91 7934.4 2 14
21600 1027 8364.06 1142.71 5 8
21600 1028 5572.47 -2338.97 5 10
21600 1029 2884.95 -9850.69 1 14
21600 1030 7426.94 -8553.16 5 14
21600 1031 -9251.76 -9005.08 5 12
21600 1032 900.585 107.534 5 12
21600 1033 -8984.63 8474.91 5 14
21600 1034 -3784.64 4907.96 1 14
21600 1035 -8266.83 3747.2 0 14
21600 1036 -6088.49 6498.04 0 14
